assetId,route,pageId,slot,family,status,publicUseAllowed,note
NSA-96cab8ce-18326,/responsible-ai,COR-010,icon-illustration,ai-agency,production-candidate,True,
NSA-7e4d4715-27802,/services/ai-automation,SRV-001,icon-illustration,ai-agency,production-candidate,True,
NSA-0ebe17ac-21257,/services/ai-automation/ai-workflow-automation,SRV-001-1,icon-illustration,ai-agency,production-candidate,True,
NSA-6c70fb64-13077,/services/ai-automation/business-process-automation,SRV-001-2,icon-illustration,ai-agency,production-candidate,True,
NSA-a0da7b08-22209,/services/ai-automation/document-processing-automation,SRV-001-3,icon-illustration,ai-agency,production-candidate,True,
NSA-a05ee1db-859,/services/custom-software-development,SRV-002,component-icon,ai-agency,production-candidate,True,
NSA-1e068b71-5886,/services/custom-software-development/custom-software-development,SRV-002-1,component-icon,ai-agency,production-candidate,True,
NSA-f1e54cdb-5672,/services/custom-software-development/custom-software-cost,SRV-002-2,component-icon,ai-agency,production-candidate,True,
NSA-0f68fe51-1617,/services/custom-software-development/software-requirements,SRV-002-3,component-icon,ai-agency,production-candidate,True,
NSA-a4be5a03-535,/services/digital-product-design/digital-product-strategy,SRV-003-3,component-icon,ai-agency,production-candidate,True,
NSA-e0d06d0e-4647,/services/pos-retail-inventory,SRV-006,client-logo-placeholder,ai-agency,replace-before-launch,False,Must be replaced with verified real evidence before launch.
NSA-8a36fcdc-10375,/services/pos-retail-inventory/pos-system,SRV-006-1,client-logo-placeholder,ai-agency,replace-before-launch,False,Must be replaced with verified real evidence before launch.
NSA-edc13d5b-10375,/services/pos-retail-inventory/offline-pos-system,SRV-006-2,client-logo-placeholder,ai-agency,replace-before-launch,False,Must be replaced with verified real evidence before launch.
NSA-e3b02060-4265,/services/pos-retail-inventory/inventory-accuracy,SRV-006-3,client-logo-placeholder,ai-agency,replace-before-launch,False,Must be replaced with verified real evidence before launch.
NSA-ddf70c68-6242,/services/supply-chain-procurement-operations,SRV-011,client-logo-placeholder,ai-agency,replace-before-launch,False,Must be replaced with verified real evidence before launch.
NSA-e0ff56aa-3892,/services/supply-chain-procurement-operations/procurement-outsourcing,SRV-011-1,client-logo-placeholder,ai-agency,replace-before-launch,False,Must be replaced with verified real evidence before launch.
NSA-199fde65-3772,/services/supply-chain-procurement-operations/supplier-onboarding,SRV-011-2,client-logo-placeholder,ai-agency,replace-before-launch,False,Must be replaced with verified real evidence before launch.
NSA-2931cf9d-10871,/services/supply-chain-procurement-operations/purchase-order-management,SRV-011-3,client-logo-placeholder,ai-agency,replace-before-launch,False,Must be replaced with verified real evidence before launch.
NSA-a7bed11d-10875,/services/business-transformation-strategy,SRV-015,client-logo-placeholder,ai-agency,replace-before-launch,False,Must be replaced with verified real evidence before launch.
NSA-2dd0ba99-10433,/services/business-transformation-strategy/digital-transformation-strategy,SRV-015-1,client-logo-placeholder,ai-agency,replace-before-launch,False,Must be replaced with verified real evidence before launch.
NSA-b1b1b376-10437,/services/business-transformation-strategy/business-operating-model,SRV-015-2,client-logo-placeholder,ai-agency,replace-before-launch,False,Must be replaced with verified real evidence before launch.
NSA-7c6e65ed-10787,/services/business-transformation-strategy/business-process-mapping,SRV-015-3,client-logo-placeholder,ai-agency,replace-before-launch,False,Must be replaced with verified real evidence before launch.
NSA-489cb73c-10791,/solutions/ai-and-automation-for-growing-businesses,SOL-001,client-logo-placeholder,ai-agency,replace-before-launch,False,Must be replaced with verified real evidence before launch.
NSA-8fd8bfe3-9864,/solutions/ai-and-automation-transformation-and-managed-delivery,SOL-002,client-logo-placeholder,ai-agency,replace-before-launch,False,Must be replaced with verified real evidence before launch.
NSA-67ba37e2-9864,/solutions/custom-software-for-growing-businesses,SOL-003,client-logo-placeholder,ai-agency,replace-before-launch,False,Must be replaced with verified real evidence before launch.
NSA-23b85180-4651,/solutions/custom-software-transformation-and-managed-delivery,SOL-004,client-logo-placeholder,ai-agency,replace-before-launch,False,Must be replaced with verified real evidence before launch.
NSA-bbdb004d-4269,/solutions/pos-retail-and-inventory-for-growing-businesses,SOL-011,client-logo-placeholder,ai-agency,replace-before-launch,False,Must be replaced with verified real evidence before launch.
NSA-6cb025a4-6246,/solutions/pos-retail-and-inventory-transformation-and-managed-delivery,SOL-012,client-logo-placeholder,ai-agency,replace-before-launch,False,Must be replaced with verified real evidence before launch.
NSA-974ed793-3892,/solutions/supply-chain-and-procurement-for-growing-businesses,SOL-021,client-logo-placeholder,ai-agency,replace-before-launch,False,Must be replaced with verified real evidence before launch.
NSA-02820bc9-3772,/solutions/supply-chain-and-procurement-transformation-and-managed-delivery,SOL-022,client-logo-placeholder,ai-agency,replace-before-launch,False,Must be replaced with verified real evidence before launch.
NSA-ffa828b5-1950,/solutions/business-transformation-and-strategy-for-growing-businesses,SOL-029,component-icon,ai-agency,production-candidate,True,
NSA-b4ad473b-7244,/solutions/business-transformation-and-strategy-transformation-and-managed-delivery,SOL-030,component-icon,ai-agency,production-candidate,True,
NSA-aa65c413-7433,/industries/retail,IND-001,component-icon,ai-agency,production-candidate,True,
NSA-aee2a89a-7257,/industries/media-and-entertainment,IND-014,component-icon,ai-agency,production-candidate,True,
NSA-6e8e8701-2369,/products/daily-fitness,PRD-003,component-icon,ai-agency,production-candidate,True,
NSA-56383c3e-3277,/insights/ai-and-automation,INSH-01,component-icon,ai-agency,production-candidate,True,
NSA-7030de82-3207,/insights/custom-software,INSH-02,component-icon,ai-agency,production-candidate,True,
NSA-c271d8d7-3217,/insights/pos-retail-and-inventory,INSH-06,component-icon,ai-agency,production-candidate,True,
NSA-43ab6ef8-6785,/insights/supply-chain-and-procurement,INSH-11,component-icon,ai-agency,production-candidate,True,
NSA-f42d6e2d-528,/insights/business-transformation-and-strategy,INSH-15,component-icon,ai-agency,production-candidate,True,
NSA-1b1f98ee-1128,/ai-workflow-automation-a-practical-guide-for-operations-leaders,INS-0001,component-icon,ai-agency,production-candidate,True,
NSA-a95eb892-877,/how-to-implement-ai-workflow-automation-without-disrupting-operations,INS-0002,component-icon,ai-agency,production-candidate,True,
NSA-ebc11715-348,/ai-workflow-automation-implementation-checklist-people-process-technology-and-controls,INS-0003,component-icon,ai-agency,production-candidate,True,
NSA-310fc642-1519,/10-ai-workflow-automation-mistakes-that-increase-cost-risk-and-rework,INS-0004,component-icon,ai-agency,production-candidate,True,
NSA-494b00b9-1098,/how-to-measure-the-roi-of-ai-workflow-automation,INS-0005,component-icon,ai-agency,production-candidate,True,
NSA-80a23211-1204,/ai-workflow-automation-in-house-team-vs-managed-service,INS-0006,component-icon,ai-agency,production-candidate,True,
NSA-4af48e6e-1216,/ai-workflow-automation-roadmap-from-assessment-to-continuous-improvement,INS-0007,component-icon,ai-agency,production-candidate,True,
NSA-e5798199-4860,/ai-workflow-automation-use-cases-for-retail-services-and-software-businesses,INS-0008,component-icon,ai-agency,production-candidate,True,
NSA-912b2f3b-5083,/where-ai-and-automation-fit-into-ai-workflow-automation,INS-0009,component-icon,ai-agency,production-candidate,True,
NSA-ecb519c5-4862,/when-should-a-business-invest-in-ai-workflow-automation,INS-0010,component-icon,ai-agency,production-candidate,True,
NSA-6df78624-923,/business-process-automation-a-practical-guide-for-operations-leaders,INS-0011,component-icon,ai-agency,production-candidate,True,
NSA-d5b4968b-3769,/how-to-implement-business-process-automation-without-disrupting-operations,INS-0012,component-icon,ai-agency,production-candidate,True,
NSA-11184f85-3870,/business-process-automation-implementation-checklist-people-process-technology-and-controls,INS-0013,component-icon,ai-agency,production-candidate,True,
NSA-eb79eb2c-3770,/10-business-process-automation-mistakes-that-increase-cost-risk-and-rework,INS-0014,component-icon,ai-agency,production-candidate,True,
NSA-c63d1ab2-1082,/how-to-measure-the-roi-of-business-process-automation,INS-0015,component-icon,ai-agency,production-candidate,True,
NSA-48dd948a-1556,/business-process-automation-in-house-team-vs-managed-service,INS-0016,component-icon,ai-agency,production-candidate,True,
NSA-1e7f35bb-930,/business-process-automation-roadmap-from-assessment-to-continuous-improvement,INS-0017,component-icon,ai-agency,production-candidate,True,
NSA-194215d5-361,/business-process-automation-use-cases-for-retail-services-and-software-businesses,INS-0018,component-icon,ai-agency,production-candidate,True,
NSA-42673a06-2167,/where-ai-and-automation-fit-into-business-process-automation,INS-0019,component-icon,ai-agency,production-candidate,True,
NSA-576ca9aa-3515,/when-should-a-business-invest-in-business-process-automation,INS-0020,component-icon,ai-agency,production-candidate,True,
NSA-87facf81-3453,/document-processing-automation-a-practical-guide-for-operations-leaders,INS-0021,component-icon,ai-agency,production-candidate,True,
NSA-383c8454-3455,/how-to-implement-document-processing-automation-without-disrupting-operations,INS-0022,component-icon,ai-agency,production-candidate,True,
NSA-1f96c838-6380,/document-processing-automation-implementation-checklist-people-process-technology-and-controls,INS-0023,component-icon,ai-agency,production-candidate,True,
NSA-c3d02d9b-1346,/10-document-processing-automation-mistakes-that-increase-cost-risk-and-rework,INS-0024,component-icon,ai-agency,production-candidate,True,
NSA-5ee29958-4693,/how-to-measure-the-roi-of-document-processing-automation,INS-0025,component-icon,ai-agency,production-candidate,True,
NSA-496266ec-4875,/document-processing-automation-in-house-team-vs-managed-service,INS-0026,component-icon,ai-agency,production-candidate,True,
NSA-dc5b13b9-4706,/document-processing-automation-roadmap-from-assessment-to-continuous-improvement,INS-0027,component-icon,ai-agency,production-candidate,True,
NSA-163adc2b-1698,/document-processing-automation-use-cases-for-retail-services-and-software-businesses,INS-0028,component-icon,ai-agency,production-candidate,True,
NSA-d50bfe1b-11746,/where-ai-and-automation-fit-into-document-processing-automation,INS-0029,component-icon,ai-agency,production-candidate,True,
NSA-e0f64780-6452,/when-should-a-business-invest-in-document-processing-automation,INS-0030,component-icon,ai-agency,production-candidate,True,
NSA-4dab41f0-6508,/customer-service-automation-a-practical-guide-for-operations-leaders,INS-0031,component-icon,ai-agency,production-candidate,True,
NSA-952cff17-6472,/how-to-implement-customer-service-automation-without-disrupting-operations,INS-0032,component-icon,ai-agency,production-candidate,True,
NSA-421c5ecd-11977,/customer-service-automation-implementation-checklist-people-process-technology-and-controls,INS-0033,component-icon,ai-agency,production-candidate,True,
NSA-a50002a7-12075,/10-customer-service-automation-mistakes-that-increase-cost-risk-and-rework,INS-0034,component-icon,ai-agency,production-candidate,True,
NSA-f6a6c2d6-11981,/how-to-measure-the-roi-of-customer-service-automation,INS-0035,component-icon,ai-agency,production-candidate,True,
NSA-c2fceb5d-3403,/customer-service-automation-in-house-team-vs-managed-service,INS-0036,component-icon,ai-agency,production-candidate,True,
NSA-353e3c3d-3681,/customer-service-automation-roadmap-from-assessment-to-continuous-improvement,INS-0037,component-icon,ai-agency,production-candidate,True,
NSA-f612863d-3419,/customer-service-automation-use-cases-for-retail-services-and-software-businesses,INS-0038,component-icon,ai-agency,production-candidate,True,
NSA-8eb9b977-2540,/where-ai-and-automation-fit-into-customer-service-automation,INS-0039,component-icon,ai-agency,production-candidate,True,
NSA-bd29c12c-2538,/when-should-a-business-invest-in-customer-service-automation,INS-0040,component-icon,ai-agency,production-candidate,True,
NSA-c9648a55-820,/sales-automation-a-practical-guide-for-operations-leaders,INS-0041,component-icon,ai-agency,production-candidate,True,
NSA-f61c5576-4892,/how-to-implement-sales-automation-without-disrupting-operations,INS-0042,editorial-avatar,ai-agency,editorial-placeholder-only,False,Must be replaced with verified real evidence before launch.
NSA-2a665110-368531,/sales-automation-implementation-checklist-people-process-technology-and-controls,INS-0043,editorial-avatar,ai-agency,editorial-placeholder-only,False,Must be replaced with verified real evidence before launch.
NSA-fa84313b-284524,/10-sales-automation-mistakes-that-increase-cost-risk-and-rework,INS-0044,editorial-avatar,ai-agency,editorial-placeholder-only,False,Must be replaced with verified real evidence before launch.
NSA-3e17a994-297962,/how-to-measure-the-roi-of-sales-automation,INS-0045,editorial-avatar,ai-agency,editorial-placeholder-only,False,Must be replaced with verified real evidence before launch.
NSA-59e9820a-287348,/sales-automation-in-house-team-vs-managed-service,INS-0046,editorial-avatar,ai-agency,editorial-placeholder-only,False,Must be replaced with verified real evidence before launch.
NSA-daf1ff95-312901,/sales-automation-roadmap-from-assessment-to-continuous-improvement,INS-0047,editorial-avatar,ai-agency,editorial-placeholder-only,False,Must be replaced with verified real evidence before launch.
NSA-6540bbc1-291876,/sales-automation-use-cases-for-retail-services-and-software-businesses,INS-0048,editorial-avatar,ai-agency,editorial-placeholder-only,False,Must be replaced with verified real evidence before launch.
NSA-5dabefab-24992,/where-ai-and-automation-fit-into-sales-automation,INS-0049,editorial-avatar,ai-agency,editorial-placeholder-only,False,Must be replaced with verified real evidence before launch.
NSA-47a60f43-25723,/when-should-a-business-invest-in-sales-automation,INS-0050,editorial-avatar,ai-agency,editorial-placeholder-only,False,Must be replaced with verified real evidence before launch.
NSA-6971f295-22474,/finance-automation-a-practical-guide-for-operations-leaders,INS-0051,editorial-avatar,ai-agency,editorial-placeholder-only,False,Must be replaced with verified real evidence before launch.
NSA-292d968a-17073,/how-to-implement-finance-automation-without-disrupting-operations,INS-0052,editorial-avatar,ai-agency,editorial-placeholder-only,False,Must be replaced with verified real evidence before launch.
NSA-edda4320-300172,/finance-automation-implementation-checklist-people-process-technology-and-controls,INS-0053,editorial-avatar,ai-agency,editorial-placeholder-only,False,Must be replaced with verified real evidence before launch.
NSA-b06c05c5-947006,/10-finance-automation-mistakes-that-increase-cost-risk-and-rework,INS-0054,editorial-avatar,ai-agency,editorial-placeholder-only,False,Must be replaced with verified real evidence before launch.
NSA-cd76695e-2034537,/how-to-measure-the-roi-of-finance-automation,INS-0055,editorial-avatar,ai-agency,editorial-placeholder-only,False,Must be replaced with verified real evidence before launch.
NSA-272909a8-2101747,/finance-automation-in-house-team-vs-managed-service,INS-0056,editorial-avatar,ai-agency,editorial-placeholder-only,False,Must be replaced with verified real evidence before launch.
NSA-1c4b8e19-1397103,/finance-automation-roadmap-from-assessment-to-continuous-improvement,INS-0057,editorial-avatar,ai-agency,editorial-placeholder-only,False,Must be replaced with verified real evidence before launch.
NSA-1a327ec1-280022,/finance-automation-use-cases-for-retail-services-and-software-businesses,INS-0058,editorial-avatar,ai-agency,editorial-placeholder-only,False,Must be replaced with verified real evidence before launch.
NSA-7498a9ca-345560,/where-ai-and-automation-fit-into-finance-automation,INS-0059,editorial-avatar,ai-agency,editorial-placeholder-only,False,Must be replaced with verified real evidence before launch.
NSA-37fb830e-317544,/when-should-a-business-invest-in-finance-automation,INS-0060,editorial-avatar,ai-agency,editorial-placeholder-only,False,Must be replaced with verified real evidence before launch.
NSA-ffc60d59-273171,/inventory-automation-a-practical-guide-for-operations-leaders,INS-0061,editorial-avatar,ai-agency,editorial-placeholder-only,False,Must be replaced with verified real evidence before launch.
NSA-192688ea-184339,/how-to-implement-inventory-automation-without-disrupting-operations,INS-0062,editorial-avatar,ai-agency,editorial-placeholder-only,False,Must be replaced with verified real evidence before launch.
NSA-58e06f13-271269,/inventory-automation-implementation-checklist-people-process-technology-and-controls,INS-0063,editorial-avatar,ai-agency,editorial-placeholder-only,False,Must be replaced with verified real evidence before launch.
NSA-595e54c2-218227,/10-inventory-automation-mistakes-that-increase-cost-risk-and-rework,INS-0064,editorial-avatar,ai-agency,editorial-placeholder-only,False,Must be replaced with verified real evidence before launch.
NSA-63c8b991-12070,/how-to-measure-the-roi-of-inventory-automation,INS-0065,hero-media,ai-agency,production-candidate,True,
NSA-7a568d48-130382,/inventory-automation-in-house-team-vs-managed-service,INS-0066,hero-media,ai-agency,production-candidate,True,
NSA-2a446a4c-24089,/inventory-automation-roadmap-from-assessment-to-continuous-improvement,INS-0067,hero-media,ai-agency,production-candidate,True,
NSA-8695f699-11294,/inventory-automation-use-cases-for-retail-services-and-software-businesses,INS-0068,hero-media,ai-agency,production-candidate,True,
NSA-1ab651e4-197191,/where-ai-and-automation-fit-into-inventory-automation,INS-0069,hero-media,ai-agency,production-candidate,True,
NSA-db783e21-73505,/when-should-a-business-invest-in-inventory-automation,INS-0070,hero-media,ai-agency,production-candidate,True,
NSA-00c56e96-152469,/ai-governance-a-practical-guide-for-operations-leaders,INS-0071,hero-media,ai-agency,production-candidate,True,
NSA-d903b386-166734,/how-to-implement-ai-governance-without-disrupting-operations,INS-0072,hero-media,ai-agency,production-candidate,True,
NSA-999efef4-3433879,/ai-governance-implementation-checklist-people-process-technology-and-controls,INS-0073,hero-media,ai-agency,production-candidate,True,
NSA-ba649586-605154,/10-ai-governance-mistakes-that-increase-cost-risk-and-rework,INS-0074,hero-media,ai-agency,production-candidate,True,
NSA-fbd9d33b-6677,/how-to-measure-the-roi-of-ai-governance,INS-0075,icon-illustration,ai-agency,production-candidate,True,
NSA-292d27ec-30718,/ai-governance-in-house-team-vs-managed-service,INS-0076,hero-media,ai-agency,production-candidate,True,
NSA-0c4e470c-83096,/ai-governance-roadmap-from-assessment-to-continuous-improvement,INS-0077,hero-media,ai-agency,production-candidate,True,
NSA-82889ab8-32903,/ai-governance-use-cases-for-retail-services-and-software-businesses,INS-0078,hero-media,ai-agency,production-candidate,True,
NSA-d84caf18-11206,/where-ai-and-automation-fit-into-ai-governance,INS-0079,hero-media,ai-agency,production-candidate,True,
NSA-fe3f4eed-10139,/when-should-a-business-invest-in-ai-governance,INS-0080,hero-media,ai-agency,production-candidate,True,
NSA-73490f81-242071,/agentic-ai-for-business-a-practical-guide-for-operations-leaders,INS-0081,hero-media,ai-agency,production-candidate,True,
NSA-a11c703b-27404,/how-to-implement-agentic-ai-for-business-without-disrupting-operations,INS-0082,hero-media,ai-agency,production-candidate,True,
NSA-15ed14e8-40384,/agentic-ai-for-business-implementation-checklist-people-process-technology-and-controls,INS-0083,hero-media,ai-agency,production-candidate,True,
NSA-af8ba57d-37344,/10-agentic-ai-for-business-mistakes-that-increase-cost-risk-and-rework,INS-0084,hero-media,ai-agency,production-candidate,True,
NSA-7d9890a5-779929,/how-to-measure-the-roi-of-agentic-ai-for-business,INS-0085,hero-media,ai-agency,production-candidate,True,
NSA-52508793-603276,/agentic-ai-for-business-in-house-team-vs-managed-service,INS-0086,hero-media,ai-agency,production-candidate,True,
NSA-4cd87063-309236,/agentic-ai-for-business-roadmap-from-assessment-to-continuous-improvement,INS-0087,hero-media,ai-agency,production-candidate,True,
NSA-239c69c9-336241,/agentic-ai-for-business-use-cases-for-retail-services-and-software-businesses,INS-0088,hero-media,ai-agency,production-candidate,True,
NSA-ca081088-580035,/where-ai-and-automation-fit-into-agentic-ai-for-business,INS-0089,hero-media,ai-agency,production-candidate,True,
NSA-3d12bc9d-1355,/when-should-a-business-invest-in-agentic-ai-for-business,INS-0090,icon-illustration,ai-agency,production-candidate,True,
NSA-3f1bdb5c-1347,/rpa-modernization-a-practical-guide-for-operations-leaders,INS-0091,icon-illustration,ai-agency,production-candidate,True,
NSA-eca9b50f-779470,/how-to-implement-rpa-modernization-without-disrupting-operations,INS-0092,hero-media,ai-agency,production-candidate,True,
NSA-2fa165d4-5879,/rpa-modernization-implementation-checklist-people-process-technology-and-controls,INS-0093,hero-media,ai-agency,production-candidate,True,
NSA-fd924707-152176,/10-rpa-modernization-mistakes-that-increase-cost-risk-and-rework,INS-0094,hero-media,ai-agency,production-candidate,True,
NSA-410e7ffd-116927,/how-to-measure-the-roi-of-rpa-modernization,INS-0095,hero-media,ai-agency,production-candidate,True,
NSA-63089d44-36137,/rpa-modernization-in-house-team-vs-managed-service,INS-0096,hero-media,ai-agency,production-candidate,True,
NSA-4343af4f-28745,/rpa-modernization-roadmap-from-assessment-to-continuous-improvement,INS-0097,icon-illustration,ai-agency,production-candidate,True,
NSA-b23a68f8-19486,/rpa-modernization-use-cases-for-retail-services-and-software-businesses,INS-0098,hero-media,ai-agency,production-candidate,True,
NSA-cf9016ed-17938,/where-ai-and-automation-fit-into-rpa-modernization,INS-0099,hero-media,ai-agency,production-candidate,True,
NSA-c9df99d9-677588,/when-should-a-business-invest-in-rpa-modernization,INS-0100,hero-media,ai-agency,production-candidate,True,
NSA-1a6f6a64-6466,/custom-software-development-a-practical-guide-for-technology-leaders,INS-0101,hero-media,ai-agency,production-candidate,True,
NSA-5eded199-268258,/how-to-implement-custom-software-development-without-disrupting-operations,INS-0102,hero-media,ai-agency,production-candidate,True,
NSA-48b4e364-708926,/custom-software-development-implementation-checklist-people-process-technology-and-controls,INS-0103,hero-media,ai-agency,production-candidate,True,
NSA-af4b6ce0-128487,/10-custom-software-development-mistakes-that-increase-cost-risk-and-rework,INS-0104,hero-media,ai-agency,production-candidate,True,
NSA-62fff367-2445931,/how-to-measure-the-roi-of-custom-software-development,INS-0105,hero-media,ai-agency,production-candidate,True,
NSA-ff94fe94-2461640,/custom-software-development-in-house-team-vs-managed-service,INS-0106,hero-media,ai-agency,production-candidate,True,
NSA-609b067a-1424000,/custom-software-development-roadmap-from-assessment-to-continuous-improvement,INS-0107,hero-media,ai-agency,production-candidate,True,
NSA-2eb2c374-5696,/custom-software-development-use-cases-for-growing-businesses-and-complex-operational-environments,INS-0108,icon-illustration,ai-agency,production-candidate,True,
NSA-f4622fda-13529,/where-ai-and-automation-fit-into-custom-software-development,INS-0109,icon-illustration,ai-agency,production-candidate,True,
NSA-485b18fd-11339,/when-should-a-business-invest-in-custom-software-development,INS-0110,icon-illustration,ai-agency,production-candidate,True,
NSA-95193a23-1381263,/custom-software-cost-a-practical-guide-for-technology-leaders,INS-0111,hero-media,ai-agency,production-candidate,True,
NSA-8a6d78ae-855112,/how-to-implement-custom-software-cost-without-disrupting-operations,INS-0112,hero-media,ai-agency,production-candidate,True,
NSA-a986a7ab-1322425,/custom-software-cost-implementation-checklist-people-process-technology-and-controls,INS-0113,hero-media,ai-agency,production-candidate,True,
NSA-a757cdf2-1101619,/10-custom-software-cost-mistakes-that-increase-cost-risk-and-rework,INS-0114,hero-media,ai-agency,production-candidate,True,
NSA-78df0623-1109290,/how-to-measure-the-roi-of-custom-software-cost,INS-0115,hero-media,ai-agency,production-candidate,True,
NSA-9562c9b6-8643,/custom-software-cost-in-house-team-vs-managed-service,INS-0116,hero-media,ai-agency,production-candidate,True,
NSA-8ceda293-1012770,/custom-software-cost-roadmap-from-assessment-to-continuous-improvement,INS-0117,hero-media,ai-agency,production-candidate,True,
NSA-dcb72864-1012391,/custom-software-cost-use-cases-for-growing-businesses-and-complex-operational-environments,INS-0118,hero-media,ai-agency,production-candidate,True,
NSA-784b4b30-864641,/where-ai-and-automation-fit-into-custom-software-cost,INS-0119,hero-media,ai-agency,production-candidate,True,
NSA-90b60e23-667190,/when-should-a-business-invest-in-custom-software-cost,INS-0120,hero-media,ai-agency,production-candidate,True,
NSA-d0ea090f-284342,/software-requirements-a-practical-guide-for-technology-leaders,INS-0121,hero-media,ai-agency,production-candidate,True,
NSA-e35dc7f6-2125020,/how-to-implement-software-requirements-without-disrupting-operations,INS-0122,hero-media,ai-agency,production-candidate,True,
NSA-3faf4777-363877,/software-requirements-implementation-checklist-people-process-technology-and-controls,INS-0123,hero-media,ai-agency,production-candidate,True,
NSA-5474e035-27548,/10-software-requirements-mistakes-that-increase-cost-risk-and-rework,INS-0124,icon-illustration,ai-agency,production-candidate,True,
NSA-40a55d33-18698,/how-to-measure-the-roi-of-software-requirements,INS-0125,icon-illustration,ai-agency,production-candidate,True,
NSA-f046b35e-1379606,/software-requirements-in-house-team-vs-managed-service,INS-0126,hero-media,ai-agency,production-candidate,True,
NSA-780ce22b-1626975,/software-requirements-roadmap-from-assessment-to-continuous-improvement,INS-0127,hero-media,ai-agency,production-candidate,True,
NSA-a7394e38-172724,/software-requirements-use-cases-for-growing-businesses-and-complex-operational-environments,INS-0128,hero-media,ai-agency,production-candidate,True,
NSA-0761c81b-524704,/where-ai-and-automation-fit-into-software-requirements,INS-0129,hero-media,ai-agency,production-candidate,True,
NSA-2d1c07d0-599027,/when-should-a-business-invest-in-software-requirements,INS-0130,hero-media,ai-agency,production-candidate,True,
NSA-b5462ef0-1303494,/mvp-development-a-practical-guide-for-technology-leaders,INS-0131,hero-media,ai-agency,production-candidate,True,
NSA-65626e63-713059,/how-to-implement-mvp-development-without-disrupting-operations,INS-0132,hero-media,ai-agency,production-candidate,True,
NSA-3a39e6b5-357088,/mvp-development-implementation-checklist-people-process-technology-and-controls,INS-0133,hero-media,ai-agency,production-candidate,True,
NSA-06f1a91d-178804,/10-mvp-development-mistakes-that-increase-cost-risk-and-rework,INS-0134,hero-media,ai-agency,production-candidate,True,
NSA-b3ff541d-210318,/how-to-measure-the-roi-of-mvp-development,INS-0135,hero-media,ai-agency,production-candidate,True,
NSA-5852151b-240078,/mvp-development-in-house-team-vs-managed-service,INS-0136,hero-media,ai-agency,production-candidate,True,
NSA-094cc2f2-67665,/mvp-development-roadmap-from-assessment-to-continuous-improvement,INS-0137,hero-media,ai-agency,production-candidate,True,
NSA-3ec47d78-306406,/mvp-development-use-cases-for-growing-businesses-and-complex-operational-environments,INS-0138,hero-media,ai-agency,production-candidate,True,
NSA-d63c7f69-138490,/where-ai-and-automation-fit-into-mvp-development,INS-0139,hero-media,ai-agency,production-candidate,True,
NSA-7e381a73-367498,/when-should-a-business-invest-in-mvp-development,INS-0140,hero-media,ai-agency,production-candidate,True,
NSA-dbce3321-229815,/saas-development-a-practical-guide-for-technology-leaders,INS-0141,hero-media,ai-agency,production-candidate,True,
NSA-ec251084-504499,/how-to-implement-saas-development-without-disrupting-operations,INS-0142,hero-media,ai-agency,production-candidate,True,
NSA-d63a1f6c-244391,/saas-development-implementation-checklist-people-process-technology-and-controls,INS-0143,hero-media,ai-agency,production-candidate,True,
NSA-17c7c47c-224409,/10-saas-development-mistakes-that-increase-cost-risk-and-rework,INS-0144,hero-media,ai-agency,production-candidate,True,
NSA-388b045a-2025118,/how-to-measure-the-roi-of-saas-development,INS-0145,hero-media,ai-agency,production-candidate,True,
NSA-7633e8bd-205653,/saas-development-in-house-team-vs-managed-service,INS-0146,hero-media,ai-agency,production-candidate,True,
NSA-0adf7cbe-751692,/saas-development-roadmap-from-assessment-to-continuous-improvement,INS-0147,hero-media,ai-agency,production-candidate,True,
NSA-7430a34f-704949,/saas-development-use-cases-for-growing-businesses-and-complex-operational-environments,INS-0148,hero-media,ai-agency,production-candidate,True,
NSA-ca22f1ff-312664,/where-ai-and-automation-fit-into-saas-development,INS-0149,hero-media,ai-agency,production-candidate,True,
NSA-e1b35623-467027,/when-should-a-business-invest-in-saas-development,INS-0150,hero-media,ai-agency,production-candidate,True,
NSA-3e2fcf44-457642,/legacy-software-modernization-a-practical-guide-for-technology-leaders,INS-0151,hero-media,ai-agency,production-candidate,True,
NSA-08408ce2-474013,/how-to-implement-legacy-software-modernization-without-disrupting-operations,INS-0152,hero-media,ai-agency,production-candidate,True,
NSA-5e083da9-421626,/legacy-software-modernization-implementation-checklist-people-process-technology-and-controls,INS-0153,hero-media,ai-agency,production-candidate,True,
NSA-fa982ce8-657821,/10-legacy-software-modernization-mistakes-that-increase-cost-risk-and-rework,INS-0154,hero-media,ai-agency,production-candidate,True,
NSA-0a47b2f7-1225903,/how-to-measure-the-roi-of-legacy-software-modernization,INS-0155,hero-media,ai-agency,production-candidate,True,
NSA-0966a027-1045924,/legacy-software-modernization-in-house-team-vs-managed-service,INS-0156,hero-media,ai-agency,production-candidate,True,
NSA-757ef783-1102464,/legacy-software-modernization-roadmap-from-assessment-to-continuous-improvement,INS-0157,hero-media,ai-agency,production-candidate,True,
NSA-26969965-622245,/legacy-software-modernization-use-cases-for-growing-businesses-and-complex-operational-environments,INS-0158,hero-media,ai-agency,production-candidate,True,
NSA-7c3fc6f4-580564,/where-ai-and-automation-fit-into-legacy-software-modernization,INS-0159,hero-media,ai-agency,production-candidate,True,
NSA-59fbfde3-772121,/when-should-a-business-invest-in-legacy-software-modernization,INS-0160,hero-media,ai-agency,production-candidate,True,
NSA-634eb56f-700425,/api-integration-services-a-practical-guide-for-technology-leaders,INS-0161,hero-media,ai-agency,production-candidate,True,
NSA-509af31b-644696,/how-to-implement-api-integration-services-without-disrupting-operations,INS-0162,hero-media,ai-agency,production-candidate,True,
NSA-e6a4eea7-1106154,/api-integration-services-implementation-checklist-people-process-technology-and-controls,INS-0163,hero-media,ai-agency,production-candidate,True,
NSA-46b689f1-420471,/10-api-integration-services-mistakes-that-increase-cost-risk-and-rework,INS-0164,hero-media,ai-agency,production-candidate,True,
NSA-a97ec8ce-445620,/how-to-measure-the-roi-of-api-integration-services,INS-0165,hero-media,ai-agency,production-candidate,True,
NSA-1fc78842-341179,/api-integration-services-in-house-team-vs-managed-service,INS-0166,hero-media,ai-agency,production-candidate,True,
NSA-86e90611-336252,/api-integration-services-roadmap-from-assessment-to-continuous-improvement,INS-0167,hero-media,ai-agency,production-candidate,True,
NSA-046d2791-504620,/api-integration-services-use-cases-for-growing-businesses-and-complex-operational-environments,INS-0168,hero-media,ai-agency,production-candidate,True,
NSA-4f914b69-1556068,/where-ai-and-automation-fit-into-api-integration-services,INS-0169,hero-media,ai-agency,production-candidate,True,
NSA-c9dc2707-1136100,/when-should-a-business-invest-in-api-integration-services,INS-0170,hero-media,ai-agency,production-candidate,True,
NSA-5605f71e-1401645,/cloud-native-application-development-a-practical-guide-for-technology-leaders,INS-0171,hero-media,ai-agency,production-candidate,True,
NSA-6e4796c0-1167717,/how-to-implement-cloud-native-application-development-without-disrupting-operations,INS-0172,hero-media,ai-agency,production-candidate,True,
NSA-9e25ccbc-1024963,/cloud-native-application-development-implementation-checklist-people-process-technology-and-controls,INS-0173,hero-media,ai-agency,production-candidate,True,
NSA-18a6d36c-1500476,/10-cloud-native-application-development-mistakes-that-increase-cost-risk-and-rework,INS-0174,hero-media,ai-agency,production-candidate,True,
NSA-acc94847-1101474,/how-to-measure-the-roi-of-cloud-native-application-development,INS-0175,hero-media,ai-agency,production-candidate,True,
NSA-61db46b0-1051163,/cloud-native-application-development-in-house-team-vs-managed-service,INS-0176,hero-media,ai-agency,production-candidate,True,
NSA-b62fc47f-885558,/cloud-native-application-development-roadmap-from-assessment-to-continuous-improvement,INS-0177,hero-media,ai-agency,production-candidate,True,
NSA-ba27f1c2-875451,/cloud-native-application-development-use-cases-for-growing-businesses-and-complex-operational-environments,INS-0178,hero-media,ai-agency,production-candidate,True,
NSA-7a13aa9d-1046314,/where-ai-and-automation-fit-into-cloud-native-application-development,INS-0179,hero-media,ai-agency,production-candidate,True,
NSA-f77094dc-1301400,/when-should-a-business-invest-in-cloud-native-application-development,INS-0180,hero-media,ai-agency,production-candidate,True,
NSA-ce0f0d57-246691,/software-testing-services-a-practical-guide-for-technology-leaders,INS-0181,hero-media,ai-agency,production-candidate,True,
NSA-6cb12ae7-1195900,/how-to-implement-software-testing-services-without-disrupting-operations,INS-0182,hero-media,ai-agency,production-candidate,True,
NSA-67f56fa6-631555,/software-testing-services-implementation-checklist-people-process-technology-and-controls,INS-0183,hero-media,ai-agency,production-candidate,True,
NSA-c05e0b17-625261,/10-software-testing-services-mistakes-that-increase-cost-risk-and-rework,INS-0184,hero-media,ai-agency,production-candidate,True,
NSA-615071f9-454806,/how-to-measure-the-roi-of-software-testing-services,INS-0185,hero-media,ai-agency,production-candidate,True,
NSA-195090a2-720208,/software-testing-services-in-house-team-vs-managed-service,INS-0186,hero-media,ai-agency,production-candidate,True,
NSA-303940ce-1968794,/software-testing-services-roadmap-from-assessment-to-continuous-improvement,INS-0187,hero-media,ai-agency,production-candidate,True,
NSA-12ac19b1-701057,/software-testing-services-use-cases-for-growing-businesses-and-complex-operational-environments,INS-0188,hero-media,ai-agency,production-candidate,True,
NSA-e08a314e-749878,/where-ai-and-automation-fit-into-software-testing-services,INS-0189,hero-media,ai-agency,production-candidate,True,
NSA-ce875e04-53883,/when-should-a-business-invest-in-software-testing-services,INS-0190,hero-media,ai-agency,production-candidate,True,
NSA-07cad81f-37094,/dedicated-development-team-a-practical-guide-for-technology-leaders,INS-0191,icon-illustration,ai-agency,production-candidate,True,
NSA-b2e864e5-24241,/how-to-implement-dedicated-development-team-without-disrupting-operations,INS-0192,icon-illustration,ai-agency,production-candidate,True,
NSA-8a1a9ab4-7994,/dedicated-development-team-implementation-checklist-people-process-technology-and-controls,INS-0193,icon-illustration,ai-agency,production-candidate,True,
NSA-1b5bb968-38370,/10-dedicated-development-team-mistakes-that-increase-cost-risk-and-rework,INS-0194,hero-media,ai-agency,production-candidate,True,
NSA-fa72eb55-20639,/how-to-measure-the-roi-of-dedicated-development-team,INS-0195,hero-media,ai-agency,production-candidate,True,
NSA-ec959a06-31290,/dedicated-development-team-in-house-team-vs-managed-service,INS-0196,hero-media,ai-agency,production-candidate,True,
NSA-d1c885fc-13527,/dedicated-development-team-roadmap-from-assessment-to-continuous-improvement,INS-0197,hero-media,ai-agency,production-candidate,True,
NSA-2db9af36-26418,/dedicated-development-team-use-cases-for-growing-businesses-and-complex-operational-environments,INS-0198,hero-media,ai-agency,production-candidate,True,
NSA-55fe5ad1-14954,/where-ai-and-automation-fit-into-dedicated-development-team,INS-0199,hero-media,ai-agency,production-candidate,True,
NSA-c453fd50-1451381,/when-should-a-business-invest-in-dedicated-development-team,INS-0200,hero-media,ai-agency,production-candidate,True,
NSA-24bff4da-24496,/where-ai-and-automation-fit-into-product-discovery,INS-0209,hero-media,ai-agency,production-candidate,True,
NSA-d401e760-1188985,/where-ai-and-automation-fit-into-ux-research,INS-0219,hero-media,ai-agency,production-candidate,True,
NSA-f74a0255-34969,/digital-product-strategy-a-practical-guide-for-product-teams,INS-0221,hero-media,ai-agency,production-candidate,True,
NSA-a05307c2-493609,/how-to-implement-digital-product-strategy-without-disrupting-operations,INS-0222,hero-media,ai-agency,production-candidate,True,
NSA-753cfa5d-39947,/digital-product-strategy-implementation-checklist-people-process-technology-and-controls,INS-0223,hero-media,ai-agency,production-candidate,True,
NSA-c32994d8-27853,/10-digital-product-strategy-mistakes-that-increase-cost-risk-and-rework,INS-0224,hero-media,ai-agency,production-candidate,True,
NSA-05b0ba33-23989,/how-to-measure-the-roi-of-digital-product-strategy,INS-0225,icon-illustration,ai-agency,production-candidate,True,
NSA-f4fa2b07-32215,/digital-product-strategy-in-house-team-vs-managed-service,INS-0226,hero-media,ai-agency,production-candidate,True,
NSA-c026f982-7769,/digital-product-strategy-roadmap-from-assessment-to-continuous-improvement,INS-0227,hero-media,ai-agency,production-candidate,True,
NSA-4d85bc19-95442,/digital-product-strategy-use-cases-for-saas-ecommerce-and-digital-service-businesses,INS-0228,hero-media,ai-agency,production-candidate,True,
NSA-5289766e-25498,/where-ai-and-automation-fit-into-digital-product-strategy,INS-0229,hero-media,ai-agency,production-candidate,True,
NSA-74ef039a-11647,/when-should-a-business-invest-in-digital-product-strategy,INS-0230,hero-media,ai-agency,production-candidate,True,
NSA-e28c8d52-9776,/where-ai-and-automation-fit-into-design-systems,INS-0239,hero-media,ai-agency,production-candidate,True,
NSA-43b4f98e-29755,/where-ai-and-automation-fit-into-rapid-prototyping,INS-0249,hero-media,ai-agency,production-candidate,True,
NSA-d8e79a08-62486,/where-ai-and-automation-fit-into-usability-testing,INS-0259,hero-media,ai-agency,production-candidate,True,
NSA-625060f6-36429,/where-ai-and-automation-fit-into-mobile-app-ux-design,INS-0269,hero-media,ai-agency,production-candidate,True,
NSA-dfcaa47e-591135,/where-ai-and-automation-fit-into-dashboard-ux-design,INS-0279,hero-media,ai-agency,production-candidate,True,
NSA-9bb0fb22-28725,/where-ai-and-automation-fit-into-web-accessibility-design,INS-0289,icon-illustration,ai-agency,production-candidate,True,
NSA-f5a4beb5-6520,/where-ai-and-automation-fit-into-design-to-development-handoff,INS-0299,hero-media,ai-agency,production-candidate,True,
NSA-738b0045-47901,/where-ai-and-automation-fit-into-b2b-web-design,INS-0309,icon-illustration,ai-agency,production-candidate,True,
NSA-ca044ef4-20556,/where-ai-and-automation-fit-into-corporate-website-redesign,INS-0319,icon-illustration,ai-agency,production-candidate,True,
NSA-ae989b62-32190,/where-ai-and-automation-fit-into-headless-cms-development,INS-0329,hero-media,ai-agency,production-candidate,True,
NSA-45ad16b7-1201352,/where-ai-and-automation-fit-into-next-js-development,INS-0339,hero-media,ai-agency,production-candidate,True,
NSA-b4b6d214-23233,/where-ai-and-automation-fit-into-website-performance-optimization,INS-0349,hero-media,ai-agency,production-candidate,True,
NSA-c65a010d-50063,/where-ai-and-automation-fit-into-website-accessibility,INS-0359,icon-illustration,ai-agency,production-candidate,True,
NSA-20ed3495-24238,/where-ai-and-automation-fit-into-conversion-focused-web-design,INS-0369,icon-illustration,ai-agency,production-candidate,True,
NSA-e784c1ec-30128,/where-ai-and-automation-fit-into-international-website-architecture,INS-0379,icon-illustration,ai-agency,production-candidate,True,
NSA-207a28d7-39779,/website-maintenance-services-a-practical-guide-for-b2b-teams,INS-0381,hero-media,ai-agency,production-candidate,True,
NSA-d1b37284-22742,/how-to-implement-website-maintenance-services-without-disrupting-operations,INS-0382,hero-media,ai-agency,production-candidate,True,
NSA-a01d9e07-30357,/website-maintenance-services-implementation-checklist-people-process-technology-and-controls,INS-0383,hero-media,ai-agency,production-candidate,True,
NSA-651c78ec-13696,/10-website-maintenance-services-mistakes-that-increase-cost-risk-and-rework,INS-0384,hero-media,ai-agency,production-candidate,True,
NSA-66f5a69a-27030,/how-to-measure-the-roi-of-website-maintenance-services,INS-0385,hero-media,ai-agency,production-candidate,True,
NSA-412008cf-15379,/website-maintenance-services-in-house-team-vs-managed-service,INS-0386,hero-media,ai-agency,production-candidate,True,
NSA-94dccb73-26643,/website-maintenance-services-roadmap-from-assessment-to-continuous-improvement,INS-0387,hero-media,ai-agency,production-candidate,True,
NSA-cfd9d9bc-36994,/website-maintenance-services-use-cases-for-b2b-professional-services-and-international-businesses,INS-0388,hero-media,ai-agency,production-candidate,True,
NSA-03f8f2c1-491220,/where-ai-and-automation-fit-into-website-maintenance-services,INS-0389,hero-media,ai-agency,production-candidate,True,
NSA-6ee59d35-43120,/when-should-a-business-invest-in-website-maintenance-services,INS-0390,hero-media,ai-agency,production-candidate,True,
NSA-31d6ce28-28538,/where-ai-and-automation-fit-into-website-analytics,INS-0399,hero-media,ai-agency,production-candidate,True,
NSA-455e8e92-22776,/ecommerce-development-use-cases-for-retailers-distributors-and-ecommerce-businesses,INS-0408,hero-media,ai-agency,production-candidate,True,
NSA-1bbcf504-5923,/where-ai-and-automation-fit-into-ecommerce-development,INS-0409,hero-media,ai-agency,production-candidate,True,
NSA-514a1584-75695,/ecommerce-platform-selection-use-cases-for-retailers-distributors-and-ecommerce-businesses,INS-0418,hero-media,ai-agency,production-candidate,True,
NSA-62cfc8c4-21526,/where-ai-and-automation-fit-into-ecommerce-platform-selection,INS-0419,hero-media,ai-agency,production-candidate,True,
NSA-cd896fc2-161648,/headless-commerce-use-cases-for-retailers-distributors-and-ecommerce-businesses,INS-0428,hero-media,ai-agency,production-candidate,True,
NSA-e56b304b-7870,/where-ai-and-automation-fit-into-headless-commerce,INS-0429,template-logo-reference,ai-agency,replace-before-launch,False,Must be replaced with verified real evidence before launch.
NSA-e884dc08-1105,/checkout-optimization-use-cases-for-retailers-distributors-and-ecommerce-businesses,INS-0438,template-logo-reference,ai-agency,replace-before-launch,False,Must be replaced with verified real evidence before launch.
NSA-2553d3c5-1093,/where-ai-and-automation-fit-into-checkout-optimization,INS-0439,template-logo-reference,ai-agency,replace-before-launch,False,Must be replaced with verified real evidence before launch.
NSA-8c4bd928-7854,/product-catalog-management-use-cases-for-retailers-distributors-and-ecommerce-businesses,INS-0448,template-logo-reference,ai-agency,replace-before-launch,False,Must be replaced with verified real evidence before launch.
NSA-572f95f1-7866,/where-ai-and-automation-fit-into-product-catalog-management,INS-0449,template-logo-reference,ai-agency,replace-before-launch,False,Must be replaced with verified real evidence before launch.
NSA-9f90f134-7884,/omnichannel-commerce-use-cases-for-retailers-distributors-and-ecommerce-businesses,INS-0458,template-logo-reference,ai-agency,replace-before-launch,False,Must be replaced with verified real evidence before launch.
NSA-7fe1b08a-326,/responsible-ai,COR-010,component-icon,ai-application,production-candidate,True,
NSA-d0071499-336,/services/ai-automation,SRV-001,component-icon,ai-application,production-candidate,True,
NSA-09f89785-18175,/services/ai-automation/ai-workflow-automation,SRV-001-1,editorial-avatar,ai-application,editorial-placeholder-only,False,Must be replaced with verified real evidence before launch.
NSA-9497fad8-1169413,/services/ai-automation/business-process-automation,SRV-001-2,hero-media,ai-application,production-candidate,True,
NSA-2361bf99-11809,/services/ai-automation/document-processing-automation,SRV-001-3,hero-media,ai-application,production-candidate,True,
NSA-4d4ddb7e-12234,/services/custom-software-development,SRV-002,hero-media,ai-application,production-candidate,True,
NSA-fb3c0421-11827,/services/custom-software-development/custom-software-development,SRV-002-1,hero-media,ai-application,production-candidate,True,
NSA-c8f16606-762250,/services/custom-software-development/custom-software-cost,SRV-002-2,hero-media,ai-application,production-candidate,True,
NSA-f763f9af-45323,/services/custom-software-development/software-requirements,SRV-002-3,hero-media,ai-application,production-candidate,True,
NSA-7dac4fb5-608828,/services/digital-product-design,SRV-003,hero-media,ai-application,production-candidate,True,
NSA-df5f0482-1047210,/services/digital-product-design/product-discovery,SRV-003-1,hero-media,ai-application,production-candidate,True,
NSA-71913fd1-178551,/services/digital-product-design/ux-research,SRV-003-2,hero-media,ai-application,production-candidate,True,
NSA-25d33ae6-41118,/services/digital-product-design/digital-product-strategy,SRV-003-3,hero-media,ai-application,production-candidate,True,
NSA-0b7d8ffc-103136,/services/ecommerce-unified-commerce/ecommerce-platform-selection,SRV-005-2,hero-media,ai-application,production-candidate,True,
NSA-38f06dae-264632,/services/pos-retail-inventory,SRV-006,hero-media,ai-application,production-candidate,True,
NSA-ef3e4095-58943,/services/pos-retail-inventory/pos-system,SRV-006-1,hero-media,ai-application,production-candidate,True,
NSA-c5574076-1163573,/services/pos-retail-inventory/offline-pos-system,SRV-006-2,hero-media,ai-application,production-candidate,True,
NSA-713c71b4-2369172,/services/pos-retail-inventory/inventory-accuracy,SRV-006-3,hero-media,ai-application,production-candidate,True,
NSA-ac3390be-1635146,/services/product-operations,SRV-010,hero-media,ai-application,production-candidate,True,
NSA-0a891259-1561965,/services/product-operations/product-operations,SRV-010-1,hero-media,ai-application,production-candidate,True,
NSA-85a507f9-173452,/services/product-operations/product-backlog-management,SRV-010-2,hero-media,ai-application,production-candidate,True,
NSA-ac228253-85353,/services/product-operations/release-management,SRV-010-3,hero-media,ai-application,production-candidate,True,
NSA-16339986-169754,/services/supply-chain-procurement-operations,SRV-011,hero-media,ai-application,production-candidate,True,
NSA-1b341419-98964,/services/supply-chain-procurement-operations/procurement-outsourcing,SRV-011-1,hero-media,ai-application,production-candidate,True,
NSA-9ef0a477-629116,/services/supply-chain-procurement-operations/supplier-onboarding,SRV-011-2,hero-media,ai-application,production-candidate,True,
NSA-9e7319a6-614152,/services/supply-chain-procurement-operations/purchase-order-management,SRV-011-3,hero-media,ai-application,production-candidate,True,
NSA-16bb5e10-534140,/solutions/ai-and-automation-for-growing-businesses,SOL-001,hero-media,ai-application,production-candidate,True,
NSA-69c66af5-400647,/solutions/ai-and-automation-transformation-and-managed-delivery,SOL-002,hero-media,ai-application,production-candidate,True,
NSA-caa0bb57-661210,/solutions/custom-software-for-growing-businesses,SOL-003,hero-media,ai-application,production-candidate,True,
NSA-42d5ab64-854725,/solutions/custom-software-transformation-and-managed-delivery,SOL-004,hero-media,ai-application,production-candidate,True,
NSA-8e1776e4-751699,/solutions/digital-product-design-for-growing-businesses,SOL-005,hero-media,ai-application,production-candidate,True,
NSA-1dbaf792-4534526,/services/seo-digital-growth,SRV-013,background-media,ai-keyword-generator,production-candidate,True,
NSA-0020ca40-3545625,/services/seo-digital-growth/technical-seo,SRV-013-1,background-media,ai-keyword-generator,production-candidate,True,
NSA-67675d43-5690,/services/seo-digital-growth/b2b-seo,SRV-013-2,component-icon,ai-keyword-generator,production-candidate,True,
NSA-e0116408-7236,/services/seo-digital-growth/international-seo,SRV-013-3,component-icon,ai-keyword-generator,production-candidate,True,
NSA-be2e046d-3187,/solutions/seo-and-digital-growth-for-growing-businesses,SOL-025,component-icon,ai-keyword-generator,production-candidate,True,
NSA-ad17eb96-4868,/solutions/seo-and-digital-growth-transformation-and-managed-delivery,SOL-026,component-icon,ai-keyword-generator,production-candidate,True,
NSA-caf17209-3777,/insights,INS-0000,component-icon,ai-keyword-generator,production-candidate,True,
NSA-3eb82fa6-3450,/insights/ai-and-automation,INSH-01,component-icon,ai-keyword-generator,production-candidate,True,
NSA-7396d066-6288,/insights/custom-software,INSH-02,component-icon,ai-keyword-generator,production-candidate,True,
NSA-5b9b3424-4690,/insights/digital-product-design,INSH-03,component-icon,ai-keyword-generator,production-candidate,True,
NSA-afad9d42-6446,/insights/web-and-digital-experiences,INSH-04,component-icon,ai-keyword-generator,production-candidate,True,
NSA-d9d64586-11994,/insights/ecommerce-and-unified-commerce,INSH-05,component-icon,ai-keyword-generator,production-candidate,True,
NSA-ce093106-1105,/insights/pos-retail-and-inventory,INSH-06,template-logo-reference,ai-keyword-generator,replace-before-launch,False,Must be replaced with verified real evidence before launch.
NSA-9edb7e57-7863,/insights/managed-business-operations,INSH-07,template-logo-reference,ai-keyword-generator,replace-before-launch,False,Must be replaced with verified real evidence before launch.
NSA-886c5bb7-4989,/insights/finance-operations,INSH-08,template-logo-reference,ai-keyword-generator,replace-before-launch,False,Must be replaced with verified real evidence before launch.
NSA-f997ea69-13434,/insights/customer-experience-operations,INSH-09,editorial-avatar,ai-keyword-generator,editorial-placeholder-only,False,Must be replaced with verified real evidence before launch.
NSA-c9b2cc37-9053,/insights/product-operations,INSH-10,editorial-avatar,ai-keyword-generator,editorial-placeholder-only,False,Must be replaced with verified real evidence before launch.
NSA-949d40bb-8404,/insights/supply-chain-and-procurement,INSH-11,editorial-avatar,ai-keyword-generator,editorial-placeholder-only,False,Must be replaced with verified real evidence before launch.
NSA-f4f06687-637378,/insights/data-and-analytics,INSH-12,editorial-avatar,ai-keyword-generator,editorial-placeholder-only,False,Must be replaced with verified real evidence before launch.
NSA-07779446-802373,/insights/seo-and-digital-growth,INSH-13,editorial-avatar,ai-keyword-generator,editorial-placeholder-only,False,Must be replaced with verified real evidence before launch.
NSA-b125fe5b-930912,/insights/cloud-integration-and-it-operations,INSH-14,editorial-avatar,ai-keyword-generator,editorial-placeholder-only,False,Must be replaced with verified real evidence before launch.
NSA-17e8a689-563458,/insights/business-transformation-and-strategy,INSH-15,editorial-avatar,ai-keyword-generator,editorial-placeholder-only,False,Must be replaced with verified real evidence before launch.
NSA-6f7b86c8-983856,/ai-workflow-automation-a-practical-guide-for-operations-leaders,INS-0001,editorial-avatar,ai-keyword-generator,editorial-placeholder-only,False,Must be replaced with verified real evidence before launch.
NSA-a562336f-767458,/how-to-implement-ai-workflow-automation-without-disrupting-operations,INS-0002,editorial-avatar,ai-keyword-generator,editorial-placeholder-only,False,Must be replaced with verified real evidence before launch.
NSA-2d99a2fc-1160863,/ai-workflow-automation-implementation-checklist-people-process-technology-and-controls,INS-0003,editorial-avatar,ai-keyword-generator,editorial-placeholder-only,False,Must be replaced with verified real evidence before launch.
NSA-54c12e85-96014,/10-ai-workflow-automation-mistakes-that-increase-cost-risk-and-rework,INS-0004,editorial-avatar,ai-keyword-generator,editorial-placeholder-only,False,Must be replaced with verified real evidence before launch.
NSA-e3e83eb2-42061,/how-to-measure-the-roi-of-ai-workflow-automation,INS-0005,editorial-avatar,ai-keyword-generator,editorial-placeholder-only,False,Must be replaced with verified real evidence before launch.
NSA-455dff5d-96929,/ai-workflow-automation-in-house-team-vs-managed-service,INS-0006,editorial-avatar,ai-keyword-generator,editorial-placeholder-only,False,Must be replaced with verified real evidence before launch.
NSA-2886a3d8-90790,/ai-workflow-automation-roadmap-from-assessment-to-continuous-improvement,INS-0007,editorial-avatar,ai-keyword-generator,editorial-placeholder-only,False,Must be replaced with verified real evidence before launch.
NSA-924d10da-1030370,/ai-workflow-automation-use-cases-for-retail-services-and-software-businesses,INS-0008,editorial-avatar,ai-keyword-generator,editorial-placeholder-only,False,Must be replaced with verified real evidence before launch.
NSA-8a5bc248-674180,/where-ai-and-automation-fit-into-ai-workflow-automation,INS-0009,hero-media,ai-keyword-generator,production-candidate,True,
NSA-7ea72e3c-52318,/when-should-a-business-invest-in-ai-workflow-automation,INS-0010,hero-media,ai-keyword-generator,production-candidate,True,
NSA-5dbaab58-1199386,/business-process-automation-a-practical-guide-for-operations-leaders,INS-0011,hero-media,ai-keyword-generator,production-candidate,True,
NSA-b0dac431-2283543,/how-to-implement-business-process-automation-without-disrupting-operations,INS-0012,hero-media,ai-keyword-generator,production-candidate,True,
NSA-a259a929-1056218,/business-process-automation-implementation-checklist-people-process-technology-and-controls,INS-0013,hero-media,ai-keyword-generator,production-candidate,True,
NSA-b1b89f94-78728,/10-business-process-automation-mistakes-that-increase-cost-risk-and-rework,INS-0014,icon-illustration,ai-keyword-generator,production-candidate,True,
NSA-4437e999-168697,/how-to-measure-the-roi-of-business-process-automation,INS-0015,hero-media,ai-keyword-generator,production-candidate,True,
NSA-678bf454-110526,/business-process-automation-in-house-team-vs-managed-service,INS-0016,hero-media,ai-keyword-generator,production-candidate,True,
NSA-193535df-68984,/business-process-automation-roadmap-from-assessment-to-continuous-improvement,INS-0017,hero-media,ai-keyword-generator,production-candidate,True,
NSA-e9d10f9a-147829,/business-process-automation-use-cases-for-retail-services-and-software-businesses,INS-0018,hero-media,ai-keyword-generator,production-candidate,True,
NSA-e7b878ce-111279,/where-ai-and-automation-fit-into-business-process-automation,INS-0019,hero-media,ai-keyword-generator,production-candidate,True,
NSA-0d480827-379333,/when-should-a-business-invest-in-business-process-automation,INS-0020,icon-illustration,ai-keyword-generator,production-candidate,True,
NSA-98dacb3c-903,/document-processing-automation-a-practical-guide-for-operations-leaders,INS-0021,icon-illustration,ai-keyword-generator,production-candidate,True,
NSA-b0426185-1173,/how-to-implement-document-processing-automation-without-disrupting-operations,INS-0022,icon-illustration,ai-keyword-generator,production-candidate,True,
NSA-926e01de-1192894,/document-processing-automation-implementation-checklist-people-process-technology-and-controls,INS-0023,hero-media,ai-keyword-generator,production-candidate,True,
NSA-4830f346-369730,/10-document-processing-automation-mistakes-that-increase-cost-risk-and-rework,INS-0024,hero-media,ai-keyword-generator,production-candidate,True,
NSA-1db10631-212412,/how-to-measure-the-roi-of-document-processing-automation,INS-0025,hero-media,ai-keyword-generator,production-candidate,True,
NSA-a47f99a9-1096294,/document-processing-automation-in-house-team-vs-managed-service,INS-0026,hero-media,ai-keyword-generator,production-candidate,True,
NSA-a793bac1-717725,/document-processing-automation-roadmap-from-assessment-to-continuous-improvement,INS-0027,hero-media,ai-keyword-generator,production-candidate,True,
NSA-36283445-695851,/document-processing-automation-use-cases-for-retail-services-and-software-businesses,INS-0028,hero-media,ai-keyword-generator,production-candidate,True,
NSA-5f7e4cca-609683,/where-ai-and-automation-fit-into-document-processing-automation,INS-0029,hero-media,ai-keyword-generator,production-candidate,True,
NSA-a5359985-778679,/when-should-a-business-invest-in-document-processing-automation,INS-0030,hero-media,ai-keyword-generator,production-candidate,True,
NSA-a32e93ea-4742683,/customer-service-automation-a-practical-guide-for-operations-leaders,INS-0031,hero-media,ai-keyword-generator,production-candidate,True,
NSA-14d17486-700461,/how-to-implement-customer-service-automation-without-disrupting-operations,INS-0032,hero-media,ai-keyword-generator,production-candidate,True,
NSA-dcd7b59d-445804,/customer-service-automation-implementation-checklist-people-process-technology-and-controls,INS-0033,hero-media,ai-keyword-generator,production-candidate,True,
NSA-31e424b4-726452,/10-customer-service-automation-mistakes-that-increase-cost-risk-and-rework,INS-0034,hero-media,ai-keyword-generator,production-candidate,True,
NSA-fb8114e4-381746,/how-to-measure-the-roi-of-customer-service-automation,INS-0035,hero-media,ai-keyword-generator,production-candidate,True,
NSA-a934c9c4-707265,/customer-service-automation-in-house-team-vs-managed-service,INS-0036,hero-media,ai-keyword-generator,production-candidate,True,
NSA-00417691-513699,/customer-service-automation-roadmap-from-assessment-to-continuous-improvement,INS-0037,hero-media,ai-keyword-generator,production-candidate,True,
NSA-2e19904e-340235,/customer-service-automation-use-cases-for-retail-services-and-software-businesses,INS-0038,hero-media,ai-keyword-generator,production-candidate,True,
NSA-8e943627-646610,/where-ai-and-automation-fit-into-customer-service-automation,INS-0039,hero-media,ai-keyword-generator,production-candidate,True,
NSA-1cb11718-735651,/when-should-a-business-invest-in-customer-service-automation,INS-0040,hero-media,ai-keyword-generator,production-candidate,True,
NSA-375778bb-374962,/sales-automation-a-practical-guide-for-operations-leaders,INS-0041,hero-media,ai-keyword-generator,production-candidate,True,
NSA-acac6742-703687,/how-to-implement-sales-automation-without-disrupting-operations,INS-0042,hero-media,ai-keyword-generator,production-candidate,True,
NSA-969d33ab-796805,/sales-automation-implementation-checklist-people-process-technology-and-controls,INS-0043,hero-media,ai-keyword-generator,production-candidate,True,
NSA-6b90abc5-574538,/10-sales-automation-mistakes-that-increase-cost-risk-and-rework,INS-0044,hero-media,ai-keyword-generator,production-candidate,True,
NSA-b2a27b5d-897506,/how-to-measure-the-roi-of-sales-automation,INS-0045,hero-media,ai-keyword-generator,production-candidate,True,
NSA-e5023889-815101,/sales-automation-in-house-team-vs-managed-service,INS-0046,hero-media,ai-keyword-generator,production-candidate,True,
NSA-9d0ae86f-76632,/sales-automation-roadmap-from-assessment-to-continuous-improvement,INS-0047,hero-media,ai-keyword-generator,production-candidate,True,
NSA-2cbedb9c-282890,/sales-automation-use-cases-for-retail-services-and-software-businesses,INS-0048,hero-media,ai-keyword-generator,production-candidate,True,
NSA-d3e9a095-315568,/where-ai-and-automation-fit-into-sales-automation,INS-0049,hero-media,ai-keyword-generator,production-candidate,True,
NSA-59d3adcb-223191,/when-should-a-business-invest-in-sales-automation,INS-0050,hero-media,ai-keyword-generator,production-candidate,True,
NSA-752ca7c0-2316548,/finance-automation-a-practical-guide-for-operations-leaders,INS-0051,hero-media,ai-keyword-generator,production-candidate,True,
NSA-11821574-1273,/how-to-implement-finance-automation-without-disrupting-operations,INS-0052,template-logo-reference,ai-keyword-generator,replace-before-launch,False,Must be replaced with verified real evidence before launch.
NSA-359a7ca9-427958,/services/customer-experience-operations,SRV-009,hero-media,ai-marketing,production-candidate,True,
NSA-6e521529-889927,/services/customer-experience-operations/customer-support-outsourcing,SRV-009-1,background-media,ai-marketing,production-candidate,True,
NSA-3ed9d460-4884584,/services/customer-experience-operations/omnichannel-customer-service,SRV-009-2,background-media,ai-marketing,production-candidate,True,
NSA-a7554b08-7885946,/services/customer-experience-operations/customer-service-ticketing,SRV-009-3,background-media,ai-marketing,production-candidate,True,
NSA-3868d059-4879936,/services/seo-digital-growth,SRV-013,background-media,ai-marketing,production-candidate,True,
NSA-eed1d923-5700,/services/seo-digital-growth/technical-seo,SRV-013-1,component-icon,ai-marketing,production-candidate,True,
NSA-ccaffbd6-2787,/services/seo-digital-growth/b2b-seo,SRV-013-2,component-icon,ai-marketing,production-candidate,True,
NSA-012f351c-4278,/services/seo-digital-growth/international-seo,SRV-013-3,component-icon,ai-marketing,production-candidate,True,
NSA-8eaa5da5-7252,/solutions/customer-experience-operations-for-growing-businesses,SOL-017,component-icon,ai-marketing,production-candidate,True,
NSA-757fb024-821,/solutions/customer-experience-operations-transformation-and-managed-delivery,SOL-018,component-icon,ai-marketing,production-candidate,True,
NSA-e151770b-1508,/solutions/seo-and-digital-growth-for-growing-businesses,SOL-025,component-icon,ai-marketing,production-candidate,True,
NSA-3b1fd809-1605,/solutions/seo-and-digital-growth-transformation-and-managed-delivery,SOL-026,component-icon,ai-marketing,production-candidate,True,
NSA-c5943a0e-1183,/insights/customer-experience-operations,INSH-09,component-icon,ai-marketing,production-candidate,True,
NSA-62b92385-4880,/insights/seo-and-digital-growth,INSH-13,component-icon,ai-marketing,production-candidate,True,
NSA-669eae8f-1012,/customer-service-automation-a-practical-guide-for-operations-leaders,INS-0031,component-icon,ai-marketing,production-candidate,True,
NSA-d911e719-3779,/how-to-implement-customer-service-automation-without-disrupting-operations,INS-0032,component-icon,ai-marketing,production-candidate,True,
NSA-afd30220-3632,/customer-service-automation-implementation-checklist-people-process-technology-and-controls,INS-0033,component-icon,ai-marketing,production-candidate,True,
NSA-d54f1b09-2901,/10-customer-service-automation-mistakes-that-increase-cost-risk-and-rework,INS-0034,component-icon,ai-marketing,production-candidate,True,
NSA-36e8f1d1-1961,/how-to-measure-the-roi-of-customer-service-automation,INS-0035,component-icon,ai-marketing,production-candidate,True,
NSA-4809a72a-3450,/customer-service-automation-in-house-team-vs-managed-service,INS-0036,component-icon,ai-marketing,production-candidate,True,
NSA-60169c71-3818,/customer-service-automation-roadmap-from-assessment-to-continuous-improvement,INS-0037,component-icon,ai-marketing,production-candidate,True,
NSA-2e41b80e-6290,/customer-service-automation-use-cases-for-retail-services-and-software-businesses,INS-0038,component-icon,ai-marketing,production-candidate,True,
NSA-33132d0d-1549,/where-ai-and-automation-fit-into-customer-service-automation,INS-0039,component-icon,ai-marketing,production-candidate,True,
NSA-76e86b8d-4093,/when-should-a-business-invest-in-customer-service-automation,INS-0040,component-icon,ai-marketing,production-candidate,True,
NSA-b56d1a79-1991,/customer-support-outsourcing-a-practical-guide-for-cx-teams,INS-0801,component-icon,ai-marketing,production-candidate,True,
NSA-db9ddd68-1053,/how-to-implement-customer-support-outsourcing-without-disrupting-operations,INS-0802,component-icon,ai-marketing,production-candidate,True,
NSA-8420777a-4702,/customer-support-outsourcing-implementation-checklist-people-process-technology-and-controls,INS-0803,component-icon,ai-marketing,production-candidate,True,
NSA-469b8edf-6448,/10-customer-support-outsourcing-mistakes-that-increase-cost-risk-and-rework,INS-0804,component-icon,ai-marketing,production-candidate,True,
NSA-ce6c3efe-11996,/how-to-measure-the-roi-of-customer-support-outsourcing,INS-0805,component-icon,ai-marketing,production-candidate,True,
NSA-d27c7fab-3425,/customer-support-outsourcing-in-house-team-vs-managed-service,INS-0806,component-icon,ai-marketing,production-candidate,True,
NSA-bfd59a29-1103,/customer-support-outsourcing-roadmap-from-assessment-to-continuous-improvement,INS-0807,template-logo-reference,ai-marketing,replace-before-launch,False,Must be replaced with verified real evidence before launch.
NSA-42b25f6c-305246,/customer-support-outsourcing-use-cases-for-ecommerce-saas-and-service-businesses,INS-0808,hero-media,ai-marketing,production-candidate,True,
NSA-ec4fd15e-56077,/where-ai-and-automation-fit-into-customer-support-outsourcing,INS-0809,hero-media,ai-marketing,production-candidate,True,
NSA-3cb8e86b-187053,/when-should-a-business-invest-in-customer-support-outsourcing,INS-0810,hero-media,ai-marketing,production-candidate,True,
NSA-2c3fd5c0-9697,/omnichannel-customer-service-a-practical-guide-for-cx-teams,INS-0811,editorial-avatar,ai-marketing,editorial-placeholder-only,False,Must be replaced with verified real evidence before launch.
NSA-dd63ed78-28887,/how-to-implement-omnichannel-customer-service-without-disrupting-operations,INS-0812,editorial-avatar,ai-marketing,editorial-placeholder-only,False,Must be replaced with verified real evidence before launch.
NSA-6b187830-22603,/omnichannel-customer-service-implementation-checklist-people-process-technology-and-controls,INS-0813,editorial-avatar,ai-marketing,editorial-placeholder-only,False,Must be replaced with verified real evidence before launch.
NSA-2e12f4c4-24732,/10-omnichannel-customer-service-mistakes-that-increase-cost-risk-and-rework,INS-0814,editorial-avatar,ai-marketing,editorial-placeholder-only,False,Must be replaced with verified real evidence before launch.
NSA-b1869e44-28759,/how-to-measure-the-roi-of-omnichannel-customer-service,INS-0815,editorial-avatar,ai-marketing,editorial-placeholder-only,False,Must be replaced with verified real evidence before launch.
NSA-146351b8-835849,/omnichannel-customer-service-in-house-team-vs-managed-service,INS-0816,editorial-avatar,ai-marketing,editorial-placeholder-only,False,Must be replaced with verified real evidence before launch.
NSA-60eeda20-705506,/omnichannel-customer-service-roadmap-from-assessment-to-continuous-improvement,INS-0817,editorial-avatar,ai-marketing,editorial-placeholder-only,False,Must be replaced with verified real evidence before launch.
NSA-6e12a03c-666509,/omnichannel-customer-service-use-cases-for-ecommerce-saas-and-service-businesses,INS-0818,editorial-avatar,ai-marketing,editorial-placeholder-only,False,Must be replaced with verified real evidence before launch.
NSA-0c11b376-692620,/where-ai-and-automation-fit-into-omnichannel-customer-service,INS-0819,editorial-avatar,ai-marketing,editorial-placeholder-only,False,Must be replaced with verified real evidence before launch.
NSA-1a0b06d0-361477,/when-should-a-business-invest-in-omnichannel-customer-service,INS-0820,editorial-avatar,ai-marketing,editorial-placeholder-only,False,Must be replaced with verified real evidence before launch.
NSA-fd687b86-386283,/customer-service-ticketing-a-practical-guide-for-cx-teams,INS-0821,editorial-avatar,ai-marketing,editorial-placeholder-only,False,Must be replaced with verified real evidence before launch.
NSA-d82a8dcb-12285,/how-to-implement-customer-service-ticketing-without-disrupting-operations,INS-0822,editorial-avatar,ai-marketing,editorial-placeholder-only,False,Must be replaced with verified real evidence before launch.
NSA-b506f394-761682,/customer-service-ticketing-implementation-checklist-people-process-technology-and-controls,INS-0823,hero-media,ai-marketing,production-candidate,True,
NSA-8af50537-3148095,/10-customer-service-ticketing-mistakes-that-increase-cost-risk-and-rework,INS-0824,hero-media,ai-marketing,production-candidate,True,
NSA-b0c499ba-1341167,/how-to-measure-the-roi-of-customer-service-ticketing,INS-0825,hero-media,ai-marketing,production-candidate,True,
NSA-fc87c254-1902293,/customer-service-ticketing-in-house-team-vs-managed-service,INS-0826,hero-media,ai-marketing,production-candidate,True,
NSA-0279530a-1087067,/customer-service-ticketing-roadmap-from-assessment-to-continuous-improvement,INS-0827,hero-media,ai-marketing,production-candidate,True,
NSA-f9b57e3f-1067633,/customer-service-ticketing-use-cases-for-ecommerce-saas-and-service-businesses,INS-0828,hero-media,ai-marketing,production-candidate,True,
NSA-e64c1a24-974358,/where-ai-and-automation-fit-into-customer-service-ticketing,INS-0829,hero-media,ai-marketing,production-candidate,True,
NSA-60c174b4-955729,/when-should-a-business-invest-in-customer-service-ticketing,INS-0830,hero-media,ai-marketing,production-candidate,True,
NSA-b4a9f5a9-79179,/knowledge-base-management-a-practical-guide-for-cx-teams,INS-0831,hero-media,ai-marketing,production-candidate,True,
NSA-30069082-167112,/how-to-implement-knowledge-base-management-without-disrupting-operations,INS-0832,hero-media,ai-marketing,production-candidate,True,
NSA-77e9f650-103034,/knowledge-base-management-implementation-checklist-people-process-technology-and-controls,INS-0833,hero-media,ai-marketing,production-candidate,True,
NSA-68bbb434-1218779,/10-knowledge-base-management-mistakes-that-increase-cost-risk-and-rework,INS-0834,hero-media,ai-marketing,production-candidate,True,
NSA-5e27a60e-2254790,/how-to-measure-the-roi-of-knowledge-base-management,INS-0835,hero-media,ai-marketing,production-candidate,True,
NSA-0bc4f0b0-992298,/knowledge-base-management-in-house-team-vs-managed-service,INS-0836,hero-media,ai-marketing,production-candidate,True,
NSA-523c6659-933912,/knowledge-base-management-roadmap-from-assessment-to-continuous-improvement,INS-0837,hero-media,ai-marketing,production-candidate,True,
NSA-9ae25b09-1615075,/knowledge-base-management-use-cases-for-ecommerce-saas-and-service-businesses,INS-0838,hero-media,ai-marketing,production-candidate,True,
NSA-b39591be-847161,/where-ai-and-automation-fit-into-knowledge-base-management,INS-0839,hero-media,ai-marketing,production-candidate,True,
NSA-b618a39a-1045644,/when-should-a-business-invest-in-knowledge-base-management,INS-0840,hero-media,ai-marketing,production-candidate,True,
NSA-520a3840-841427,/customer-service-sla-a-practical-guide-for-cx-teams,INS-0841,hero-media,ai-marketing,production-candidate,True,
NSA-e5da11ef-1069024,/how-to-implement-customer-service-sla-without-disrupting-operations,INS-0842,hero-media,ai-marketing,production-candidate,True,
NSA-ef7552ae-1075294,/customer-service-sla-implementation-checklist-people-process-technology-and-controls,INS-0843,hero-media,ai-marketing,production-candidate,True,
NSA-5c121108-1106731,/10-customer-service-sla-mistakes-that-increase-cost-risk-and-rework,INS-0844,hero-media,ai-marketing,production-candidate,True,
NSA-210f621d-941703,/how-to-measure-the-roi-of-customer-service-sla,INS-0845,hero-media,ai-marketing,production-candidate,True,
NSA-3c9aa6fb-809620,/customer-service-sla-in-house-team-vs-managed-service,INS-0846,hero-media,ai-marketing,production-candidate,True,
NSA-6141c9dd-1028702,/customer-service-sla-roadmap-from-assessment-to-continuous-improvement,INS-0847,hero-media,ai-marketing,production-candidate,True,
NSA-ce811441-326680,/customer-service-sla-use-cases-for-ecommerce-saas-and-service-businesses,INS-0848,hero-media,ai-marketing,production-candidate,True,
NSA-04a5be69-988553,/where-ai-and-automation-fit-into-customer-service-sla,INS-0849,hero-media,ai-marketing,production-candidate,True,
NSA-717ffd19-925794,/when-should-a-business-invest-in-customer-service-sla,INS-0850,hero-media,ai-marketing,production-candidate,True,
NSA-e1a5ca6c-889287,/complaint-management-a-practical-guide-for-cx-teams,INS-0851,hero-media,ai-marketing,production-candidate,True,
NSA-23166b67-24649,/how-to-implement-complaint-management-without-disrupting-operations,INS-0852,hero-media,ai-marketing,production-candidate,True,
NSA-e5b67df5-745543,/complaint-management-implementation-checklist-people-process-technology-and-controls,INS-0853,hero-media,ai-marketing,production-candidate,True,
NSA-85748255-109993,/10-complaint-management-mistakes-that-increase-cost-risk-and-rework,INS-0854,hero-media,ai-marketing,production-candidate,True,
NSA-2355a5aa-75595,/how-to-measure-the-roi-of-complaint-management,INS-0855,hero-media,ai-marketing,production-candidate,True,
NSA-224a3b3f-313895,/complaint-management-in-house-team-vs-managed-service,INS-0856,hero-media,ai-marketing,production-candidate,True,
NSA-c18ead82-198089,/complaint-management-roadmap-from-assessment-to-continuous-improvement,INS-0857,hero-media,ai-marketing,production-candidate,True,
NSA-aee46e0e-215526,/complaint-management-use-cases-for-ecommerce-saas-and-service-businesses,INS-0858,hero-media,ai-marketing,production-candidate,True,
NSA-1c9a2646-15960,/where-ai-and-automation-fit-into-complaint-management,INS-0859,hero-media,ai-marketing,production-candidate,True,
NSA-121a4015-1079689,/when-should-a-business-invest-in-complaint-management,INS-0860,hero-media,ai-marketing,production-candidate,True,
NSA-5d5a96e5-118632,/customer-onboarding-a-practical-guide-for-cx-teams,INS-0861,hero-media,ai-marketing,production-candidate,True,
NSA-05c60d22-2860615,/how-to-implement-customer-onboarding-without-disrupting-operations,INS-0862,hero-media,ai-marketing,production-candidate,True,
NSA-643f2cd4-4878594,/customer-onboarding-implementation-checklist-people-process-technology-and-controls,INS-0863,hero-media,ai-marketing,production-candidate,True,
NSA-77350f33-2792123,/10-customer-onboarding-mistakes-that-increase-cost-risk-and-rework,INS-0864,hero-media,ai-marketing,production-candidate,True,
NSA-e4b223bc-1472359,/how-to-measure-the-roi-of-customer-onboarding,INS-0865,hero-media,ai-marketing,production-candidate,True,
NSA-e11ec500-2022752,/customer-onboarding-in-house-team-vs-managed-service,INS-0866,hero-media,ai-marketing,production-candidate,True,
NSA-0b1bfe86-2403554,/customer-onboarding-roadmap-from-assessment-to-continuous-improvement,INS-0867,hero-media,ai-marketing,production-candidate,True,
NSA-64f9a488-2584853,/customer-onboarding-use-cases-for-ecommerce-saas-and-service-businesses,INS-0868,hero-media,ai-marketing,production-candidate,True,
NSA-42d95e14-1021625,/where-ai-and-automation-fit-into-customer-onboarding,INS-0869,hero-media,ai-marketing,production-candidate,True,
NSA-1bf27e77-2422105,/when-should-a-business-invest-in-customer-onboarding,INS-0870,hero-media,ai-marketing,production-candidate,True,
NSA-457452d1-556096,/customer-retention-operations-a-practical-guide-for-cx-teams,INS-0871,hero-media,ai-marketing,production-candidate,True,
NSA-597ccfbc-1315157,/how-to-implement-customer-retention-operations-without-disrupting-operations,INS-0872,hero-media,ai-marketing,production-candidate,True,
NSA-a0d3b5d9-1008696,/customer-retention-operations-implementation-checklist-people-process-technology-and-controls,INS-0873,hero-media,ai-marketing,production-candidate,True,
NSA-7f943f37-1146612,/10-customer-retention-operations-mistakes-that-increase-cost-risk-and-rework,INS-0874,hero-media,ai-marketing,production-candidate,True,
NSA-19bfade7-1592787,/how-to-measure-the-roi-of-customer-retention-operations,INS-0875,hero-media,ai-marketing,production-candidate,True,
NSA-0af3e225-1320572,/customer-retention-operations-in-house-team-vs-managed-service,INS-0876,hero-media,ai-marketing,production-candidate,True,
NSA-f7e3fde1-1380812,/customer-retention-operations-roadmap-from-assessment-to-continuous-improvement,INS-0877,hero-media,ai-marketing,production-candidate,True,
NSA-455447b1-1371559,/customer-retention-operations-use-cases-for-ecommerce-saas-and-service-businesses,INS-0878,hero-media,ai-marketing,production-candidate,True,
NSA-b019b599-1354409,/where-ai-and-automation-fit-into-customer-retention-operations,INS-0879,hero-media,ai-marketing,production-candidate,True,
NSA-e2e22c75-1621581,/when-should-a-business-invest-in-customer-retention-operations,INS-0880,hero-media,ai-marketing,production-candidate,True,
NSA-e284f846-1139059,/customer-service-quality-assurance-a-practical-guide-for-cx-teams,INS-0881,hero-media,ai-marketing,production-candidate,True,
NSA-91977edd-4361001,/how-to-implement-customer-service-quality-assurance-without-disrupting-operations,INS-0882,hero-media,ai-marketing,production-candidate,True,
NSA-2af52bc5-4165378,/customer-service-quality-assurance-implementation-checklist-people-process-technology-and-controls,INS-0883,hero-media,ai-marketing,production-candidate,True,
NSA-77261fb9-1007685,/10-customer-service-quality-assurance-mistakes-that-increase-cost-risk-and-rework,INS-0884,hero-media,ai-marketing,production-candidate,True,
NSA-2762e89f-2183643,/how-to-measure-the-roi-of-customer-service-quality-assurance,INS-0885,hero-media,ai-marketing,production-candidate,True,
NSA-7220295e-2880958,/customer-service-quality-assurance-in-house-team-vs-managed-service,INS-0886,hero-media,ai-marketing,production-candidate,True,
NSA-a6599da6-1359,/customer-service-quality-assurance-roadmap-from-assessment-to-continuous-improvement,INS-0887,icon-illustration,ai-marketing,production-candidate,True,
NSA-87fa8dff-1212760,/customer-service-quality-assurance-use-cases-for-ecommerce-saas-and-service-businesses,INS-0888,hero-media,ai-marketing,production-candidate,True,
NSA-a1267ceb-96232,/where-ai-and-automation-fit-into-customer-service-quality-assurance,INS-0889,hero-media,ai-marketing,production-candidate,True,
NSA-8c00cfbe-405456,/when-should-a-business-invest-in-customer-service-quality-assurance,INS-0890,hero-media,ai-marketing,production-candidate,True,
NSA-27a7cdf1-519364,/customer-experience-analytics-a-practical-guide-for-cx-teams,INS-0891,hero-media,ai-marketing,production-candidate,True,
NSA-b8152986-1770760,/how-to-implement-customer-experience-analytics-without-disrupting-operations,INS-0892,icon-illustration,ai-marketing,production-candidate,True,
NSA-c76e7603-1092962,/customer-experience-analytics-implementation-checklist-people-process-technology-and-controls,INS-0893,hero-media,ai-marketing,production-candidate,True,
NSA-84bb5333-751869,/10-customer-experience-analytics-mistakes-that-increase-cost-risk-and-rework,INS-0894,hero-media,ai-marketing,production-candidate,True,
NSA-ce049d6f-493953,/how-to-measure-the-roi-of-customer-experience-analytics,INS-0895,hero-media,ai-marketing,production-candidate,True,
NSA-2efd56cd-677590,/customer-experience-analytics-in-house-team-vs-managed-service,INS-0896,hero-media,ai-marketing,production-candidate,True,
NSA-57b2ac79-631115,/customer-experience-analytics-roadmap-from-assessment-to-continuous-improvement,INS-0897,hero-media,ai-marketing,production-candidate,True,
NSA-d58fff7b-552684,/customer-experience-analytics-use-cases-for-ecommerce-saas-and-service-businesses,INS-0898,hero-media,ai-marketing,production-candidate,True,
NSA-577311a0-425214,/where-ai-and-automation-fit-into-customer-experience-analytics,INS-0899,hero-media,ai-marketing,production-candidate,True,
NSA-0a154a86-592490,/when-should-a-business-invest-in-customer-experience-analytics,INS-0900,hero-media,ai-marketing,production-candidate,True,
NSA-c241226f-3026447,/customer-feedback-management-a-practical-guide-for-product-teams,INS-0941,hero-media,ai-marketing,production-candidate,True,
NSA-79a6bb47-435846,/how-to-implement-customer-feedback-management-without-disrupting-operations,INS-0942,hero-media,ai-marketing,production-candidate,True,
NSA-533c3532-3449538,/customer-feedback-management-implementation-checklist-people-process-technology-and-controls,INS-0943,hero-media,ai-marketing,production-candidate,True,
NSA-9e1c983e-4625885,/10-customer-feedback-management-mistakes-that-increase-cost-risk-and-rework,INS-0944,hero-media,ai-marketing,production-candidate,True,
NSA-6bfa94ff-30302,/how-to-measure-the-roi-of-customer-feedback-management,INS-0945,icon-illustration,ai-marketing,production-candidate,True,
NSA-95f6bb24-855,/careers,COR-005,component-icon,ai-resume-builder,production-candidate,True,
NSA-e2df2824-5675,/ai-workflow-automation-implementation-checklist-people-process-technology-and-controls,INS-0003,component-icon,ai-resume-builder,production-candidate,True,
NSA-eea99b27-774,/business-process-automation-implementation-checklist-people-process-technology-and-controls,INS-0013,component-icon,ai-resume-builder,production-candidate,True,
NSA-7203492a-932,/document-processing-automation-implementation-checklist-people-process-technology-and-controls,INS-0023,component-icon,ai-resume-builder,production-candidate,True,
NSA-c037ee26-2172,/customer-service-automation-implementation-checklist-people-process-technology-and-controls,INS-0033,component-icon,ai-resume-builder,production-candidate,True,
NSA-9413f6a1-6275,/sales-automation-implementation-checklist-people-process-technology-and-controls,INS-0043,component-icon,ai-resume-builder,production-candidate,True,
NSA-ec563620-6277,/finance-automation-implementation-checklist-people-process-technology-and-controls,INS-0053,component-icon,ai-resume-builder,production-candidate,True,
NSA-241706db-30960,/inventory-automation-implementation-checklist-people-process-technology-and-controls,INS-0063,component-icon,ai-resume-builder,production-candidate,True,
NSA-23568331-784,/ai-governance-implementation-checklist-people-process-technology-and-controls,INS-0073,component-icon,ai-resume-builder,production-candidate,True,
NSA-8f763463-4799,/agentic-ai-for-business-implementation-checklist-people-process-technology-and-controls,INS-0083,component-icon,ai-resume-builder,production-candidate,True,
NSA-d3736351-10668,/rpa-modernization-implementation-checklist-people-process-technology-and-controls,INS-0093,component-icon,ai-resume-builder,production-candidate,True,
NSA-19e365bb-1142,/custom-software-development-implementation-checklist-people-process-technology-and-controls,INS-0103,component-icon,ai-resume-builder,production-candidate,True,
NSA-33481df5-971,/custom-software-cost-implementation-checklist-people-process-technology-and-controls,INS-0113,component-icon,ai-resume-builder,production-candidate,True,
NSA-7412c4e2-1533679,/software-requirements-implementation-checklist-people-process-technology-and-controls,INS-0123,editorial-avatar,ai-resume-builder,editorial-placeholder-only,False,Must be replaced with verified real evidence before launch.
NSA-c13b365a-901552,/mvp-development-implementation-checklist-people-process-technology-and-controls,INS-0133,editorial-avatar,ai-resume-builder,editorial-placeholder-only,False,Must be replaced with verified real evidence before launch.
NSA-4e0d77b9-2220691,/saas-development-implementation-checklist-people-process-technology-and-controls,INS-0143,editorial-avatar,ai-resume-builder,editorial-placeholder-only,False,Must be replaced with verified real evidence before launch.
NSA-df5d47e9-1646387,/legacy-software-modernization-implementation-checklist-people-process-technology-and-controls,INS-0153,editorial-avatar,ai-resume-builder,editorial-placeholder-only,False,Must be replaced with verified real evidence before launch.
NSA-02794486-55392,/api-integration-services-implementation-checklist-people-process-technology-and-controls,INS-0163,icon-illustration,ai-resume-builder,production-candidate,True,
NSA-c469596e-36820,/cloud-native-application-development-implementation-checklist-people-process-technology-and-controls,INS-0173,icon-illustration,ai-resume-builder,production-candidate,True,
NSA-4f8bf541-7218,/software-testing-services-implementation-checklist-people-process-technology-and-controls,INS-0183,icon-illustration,ai-resume-builder,production-candidate,True,
NSA-b99fe97a-17133,/dedicated-development-team-implementation-checklist-people-process-technology-and-controls,INS-0193,icon-illustration,ai-resume-builder,production-candidate,True,
NSA-064d6d0f-491271,/product-discovery-implementation-checklist-people-process-technology-and-controls,INS-0203,hero-media,ai-resume-builder,production-candidate,True,
NSA-63134689-39822,/ux-research-implementation-checklist-people-process-technology-and-controls,INS-0213,hero-media,ai-resume-builder,production-candidate,True,
NSA-a05c4029-744790,/digital-product-strategy-implementation-checklist-people-process-technology-and-controls,INS-0223,hero-media,ai-resume-builder,production-candidate,True,
NSA-70eb3cff-963368,/design-systems-implementation-checklist-people-process-technology-and-controls,INS-0233,hero-media,ai-resume-builder,production-candidate,True,
NSA-d4a66ca3-528884,/rapid-prototyping-implementation-checklist-people-process-technology-and-controls,INS-0243,hero-media,ai-resume-builder,production-candidate,True,
NSA-c05c2971-617243,/usability-testing-implementation-checklist-people-process-technology-and-controls,INS-0253,hero-media,ai-resume-builder,production-candidate,True,
NSA-cbc552a4-988668,/mobile-app-ux-design-implementation-checklist-people-process-technology-and-controls,INS-0263,hero-media,ai-resume-builder,production-candidate,True,
NSA-49361295-1837,/dashboard-ux-design-implementation-checklist-people-process-technology-and-controls,INS-0273,icon-illustration,ai-resume-builder,production-candidate,True,
NSA-0b1b4361-68984,/web-accessibility-design-implementation-checklist-people-process-technology-and-controls,INS-0283,icon-illustration,ai-resume-builder,production-candidate,True,
NSA-655241f5-9257,/design-to-development-handoff-implementation-checklist-people-process-technology-and-controls,INS-0293,icon-illustration,ai-resume-builder,production-candidate,True,
NSA-1ad34dee-5300,/b2b-web-design-implementation-checklist-people-process-technology-and-controls,INS-0303,icon-illustration,ai-resume-builder,production-candidate,True,
NSA-63c2f817-129339,/corporate-website-redesign-implementation-checklist-people-process-technology-and-controls,INS-0313,icon-illustration,ai-resume-builder,production-candidate,True,
NSA-900aa255-13259,/headless-cms-development-implementation-checklist-people-process-technology-and-controls,INS-0323,icon-illustration,ai-resume-builder,production-candidate,True,
NSA-992266e6-5074,/next-js-development-implementation-checklist-people-process-technology-and-controls,INS-0333,icon-illustration,ai-resume-builder,production-candidate,True,
NSA-252615ae-13059,/website-performance-optimization-implementation-checklist-people-process-technology-and-controls,INS-0343,icon-illustration,ai-resume-builder,production-candidate,True,
NSA-fcde711b-78216,/website-accessibility-implementation-checklist-people-process-technology-and-controls,INS-0353,icon-illustration,ai-resume-builder,production-candidate,True,
NSA-ffb04291-27195,/conversion-focused-web-design-implementation-checklist-people-process-technology-and-controls,INS-0363,hero-media,ai-resume-builder,production-candidate,True,
NSA-7382baa8-33000,/international-website-architecture-implementation-checklist-people-process-technology-and-controls,INS-0373,icon-illustration,ai-resume-builder,production-candidate,True,
NSA-062b4127-575743,/website-maintenance-services-implementation-checklist-people-process-technology-and-controls,INS-0383,hero-media,ai-resume-builder,production-candidate,True,
NSA-516f7290-1010365,/website-analytics-implementation-checklist-people-process-technology-and-controls,INS-0393,hero-media,ai-resume-builder,production-candidate,True,
NSA-82cc8753-1000318,/ecommerce-development-implementation-checklist-people-process-technology-and-controls,INS-0403,hero-media,ai-resume-builder,production-candidate,True,
NSA-d26e5057-12087,/ecommerce-platform-selection-implementation-checklist-people-process-technology-and-controls,INS-0413,hero-media,ai-resume-builder,production-candidate,True,
NSA-141e525e-16469,/headless-commerce-implementation-checklist-people-process-technology-and-controls,INS-0423,hero-media,ai-resume-builder,production-candidate,True,
NSA-12cd109c-10046,/checkout-optimization-implementation-checklist-people-process-technology-and-controls,INS-0433,hero-media,ai-resume-builder,production-candidate,True,
NSA-2f410837-11254,/product-catalog-management-implementation-checklist-people-process-technology-and-controls,INS-0443,hero-media,ai-resume-builder,production-candidate,True,
NSA-0c04c76a-27286,/omnichannel-commerce-implementation-checklist-people-process-technology-and-controls,INS-0453,icon-illustration,ai-resume-builder,production-candidate,True,
NSA-0746356d-22216,/payment-gateway-integration-implementation-checklist-people-process-technology-and-controls,INS-0463,icon-illustration,ai-resume-builder,production-candidate,True,
NSA-dbcb616c-21861,/ecommerce-returns-management-implementation-checklist-people-process-technology-and-controls,INS-0473,icon-illustration,ai-resume-builder,production-candidate,True,
NSA-9c26cc2a-9765,/b2b-ecommerce-implementation-checklist-people-process-technology-and-controls,INS-0483,hero-media,ai-resume-builder,production-candidate,True,
NSA-7f3b9319-9378,/ecommerce-analytics-implementation-checklist-people-process-technology-and-controls,INS-0493,hero-media,ai-resume-builder,production-candidate,True,
NSA-ff49e2a0-234869,/pos-system-implementation-checklist-people-process-technology-and-controls,INS-0503,hero-media,ai-resume-builder,production-candidate,True,
NSA-3daef5b9-64626,/offline-pos-system-implementation-checklist-people-process-technology-and-controls,INS-0513,hero-media,ai-resume-builder,production-candidate,True,
NSA-78c51dee-491895,/inventory-accuracy-implementation-checklist-people-process-technology-and-controls,INS-0523,hero-media,ai-resume-builder,production-candidate,True,
NSA-10139277-393444,/fifo-inventory-management-implementation-checklist-people-process-technology-and-controls,INS-0533,hero-media,ai-resume-builder,production-candidate,True,
NSA-fecd3f50-553166,/serial-number-inventory-tracking-implementation-checklist-people-process-technology-and-controls,INS-0543,hero-media,ai-resume-builder,production-candidate,True,
NSA-2cd79b4c-883200,/multi-store-inventory-implementation-checklist-people-process-technology-and-controls,INS-0553,hero-media,ai-resume-builder,production-candidate,True,
NSA-594aacfa-791197,/stock-replenishment-implementation-checklist-people-process-technology-and-controls,INS-0563,hero-media,ai-resume-builder,production-candidate,True,
NSA-973c2277-1274948,/warehouse-inventory-management-implementation-checklist-people-process-technology-and-controls,INS-0573,hero-media,ai-resume-builder,production-candidate,True,
NSA-7f724581-23864,/retail-analytics-implementation-checklist-people-process-technology-and-controls,INS-0583,icon-illustration,ai-resume-builder,production-candidate,True,
NSA-171184d5-530409,/pos-integration-implementation-checklist-people-process-technology-and-controls,INS-0593,hero-media,ai-resume-builder,production-candidate,True,
NSA-9bb56684-43986,/business-process-outsourcing-implementation-checklist-people-process-technology-and-controls,INS-0603,hero-media,ai-resume-builder,production-candidate,True,
NSA-c272b38c-12695,/managed-business-operations-implementation-checklist-people-process-technology-and-controls,INS-0613,hero-media,ai-resume-builder,production-candidate,True,
NSA-7fcb5e29-18924,/build-operate-transfer-implementation-checklist-people-process-technology-and-controls,INS-0623,hero-media,ai-resume-builder,production-candidate,True,
NSA-5f0cfbe5-10974,/standard-operating-procedures-implementation-checklist-people-process-technology-and-controls,INS-0633,hero-media,ai-resume-builder,production-candidate,True,
NSA-7e45a412-12133,/service-level-agreement-implementation-checklist-people-process-technology-and-controls,INS-0643,hero-media,ai-resume-builder,production-candidate,True,
NSA-3de320e8-10561,/business-process-transition-implementation-checklist-people-process-technology-and-controls,INS-0653,hero-media,ai-resume-builder,production-candidate,True,
NSA-77573e5b-27259,/operations-quality-assurance-implementation-checklist-people-process-technology-and-controls,INS-0663,icon-illustration,ai-resume-builder,production-candidate,True,
NSA-ca993478-22226,/dedicated-operations-team-implementation-checklist-people-process-technology-and-controls,INS-0673,icon-illustration,ai-resume-builder,production-candidate,True,
NSA-d6e74a25-21493,/business-continuity-planning-implementation-checklist-people-process-technology-and-controls,INS-0683,icon-illustration,ai-resume-builder,production-candidate,True,
NSA-eb19ddc9-1758979,/continuous-process-improvement-implementation-checklist-people-process-technology-and-controls,INS-0693,hero-media,ai-resume-builder,production-candidate,True,
NSA-d28840b2-10060,/accounts-payable-outsourcing-implementation-checklist-people-process-technology-and-controls,INS-0703,hero-media,ai-resume-builder,production-candidate,True,
NSA-80fc032f-23864,/accounts-receivable-outsourcing-implementation-checklist-people-process-technology-and-controls,INS-0713,icon-illustration,ai-resume-builder,production-candidate,True,
NSA-69aa4f84-78133,/bank-reconciliation-services-implementation-checklist-people-process-technology-and-controls,INS-0723,icon-illustration,ai-resume-builder,production-candidate,True,
NSA-122cde2f-36550,/payment-reconciliation-implementation-checklist-people-process-technology-and-controls,INS-0733,icon-illustration,ai-resume-builder,production-candidate,True,
NSA-918303e7-20466,/cash-on-delivery-reconciliation-implementation-checklist-people-process-technology-and-controls,INS-0743,icon-illustration,ai-resume-builder,production-candidate,True,
NSA-613bd797-892291,/invoice-processing-implementation-checklist-people-process-technology-and-controls,INS-0753,hero-media,ai-resume-builder,production-candidate,True,
NSA-e8db9d23-18249,/month-end-close-support-implementation-checklist-people-process-technology-and-controls,INS-0763,icon-illustration,ai-resume-builder,production-candidate,True,
NSA-13bfae50-4551,/collections-management-implementation-checklist-people-process-technology-and-controls,INS-0773,hero-media,ai-resume-builder,production-candidate,True,
NSA-d0e531ed-5013,/chargeback-management-implementation-checklist-people-process-technology-and-controls,INS-0783,template-logo-reference,ai-resume-builder,replace-before-launch,False,Must be replaced with verified real evidence before launch.
NSA-f96a0267-4772,/finance-operations-analytics-implementation-checklist-people-process-technology-and-controls,INS-0793,template-logo-reference,ai-resume-builder,replace-before-launch,False,Must be replaced with verified real evidence before launch.
NSA-29181c15-4780,/customer-support-outsourcing-implementation-checklist-people-process-technology-and-controls,INS-0803,template-logo-reference,ai-resume-builder,replace-before-launch,False,Must be replaced with verified real evidence before launch.
NSA-564b0685-832958,/services/custom-software-development,SRV-002,background-media,ai-saas-software,production-candidate,True,
NSA-a0271be1-666036,/services/custom-software-development/custom-software-development,SRV-002-1,background-media,ai-saas-software,production-candidate,True,
NSA-41c79d4a-2919144,/services/custom-software-development/custom-software-cost,SRV-002-2,background-media,ai-saas-software,production-candidate,True,
NSA-a1fcbe83-1591808,/services/custom-software-development/software-requirements,SRV-002-3,background-media,ai-saas-software,production-candidate,True,
NSA-81960e7b-3187,/services/digital-product-design,SRV-003,component-icon,ai-saas-software,production-candidate,True,
NSA-de2b3492-1041,/services/digital-product-design/product-discovery,SRV-003-1,component-icon,ai-saas-software,production-candidate,True,
NSA-90bb14b9-2074,/services/digital-product-design/ux-research,SRV-003-2,component-icon,ai-saas-software,production-candidate,True,
NSA-6d586bca-2158,/services/digital-product-design/digital-product-strategy,SRV-003-3,component-icon,ai-saas-software,production-candidate,True,
NSA-286c958b-2411,/services/ecommerce-unified-commerce/ecommerce-platform-selection,SRV-005-2,component-icon,ai-saas-software,production-candidate,True,
NSA-d45831fa-1859,/services/product-operations,SRV-010,component-icon,ai-saas-software,production-candidate,True,
NSA-57134882-6231,/services/product-operations/product-operations,SRV-010-1,component-icon,ai-saas-software,production-candidate,True,
NSA-baea3e55-1498,/services/product-operations/product-backlog-management,SRV-010-2,component-icon,ai-saas-software,production-candidate,True,
NSA-2086b16b-932,/services/product-operations/release-management,SRV-010-3,component-icon,ai-saas-software,production-candidate,True,
NSA-2ff84238-1288,/services/cloud-integration-it-operations,SRV-014,component-icon,ai-saas-software,production-candidate,True,
NSA-4bda791b-7877,/services/cloud-integration-it-operations/cloud-migration,SRV-014-1,template-logo-reference,ai-saas-software,replace-before-launch,False,Must be replaced with verified real evidence before launch.
NSA-cefc5ddd-2621,/services/cloud-integration-it-operations/api-integration,SRV-014-2,template-logo-reference,ai-saas-software,replace-before-launch,False,Must be replaced with verified real evidence before launch.
NSA-e148347a-682219,/services/cloud-integration-it-operations/identity-and-access-management,SRV-014-3,editorial-avatar,ai-saas-software,editorial-placeholder-only,False,Must be replaced with verified real evidence before launch.
NSA-89734cf3-586528,/solutions/custom-software-for-growing-businesses,SOL-003,editorial-avatar,ai-saas-software,editorial-placeholder-only,False,Must be replaced with verified real evidence before launch.
NSA-043e1704-936258,/solutions/custom-software-transformation-and-managed-delivery,SOL-004,editorial-avatar,ai-saas-software,editorial-placeholder-only,False,Must be replaced with verified real evidence before launch.
NSA-589eb3e0-445788,/solutions/digital-product-design-for-growing-businesses,SOL-005,editorial-avatar,ai-saas-software,editorial-placeholder-only,False,Must be replaced with verified real evidence before launch.
NSA-29b08aa4-273409,/solutions/digital-product-design-transformation-and-managed-delivery,SOL-006,editorial-avatar,ai-saas-software,editorial-placeholder-only,False,Must be replaced with verified real evidence before launch.
NSA-d821cc5f-322061,/solutions/product-operations-for-growing-businesses,SOL-019,editorial-avatar,ai-saas-software,editorial-placeholder-only,False,Must be replaced with verified real evidence before launch.
NSA-3172c5d0-361302,/solutions/product-operations-transformation-and-managed-delivery,SOL-020,editorial-avatar,ai-saas-software,editorial-placeholder-only,False,Must be replaced with verified real evidence before launch.
NSA-b920a317-550493,/solutions/cloud-integration-and-it-operations-for-growing-businesses,SOL-027,editorial-avatar,ai-saas-software,editorial-placeholder-only,False,Must be replaced with verified real evidence before launch.
NSA-5ab08aca-527078,/solutions/cloud-integration-and-it-operations-transformation-and-managed-delivery,SOL-028,editorial-avatar,ai-saas-software,editorial-placeholder-only,False,Must be replaced with verified real evidence before launch.
NSA-69959da4-502593,/industries/saas-and-technology,IND-015,editorial-avatar,ai-saas-software,editorial-placeholder-only,False,Must be replaced with verified real evidence before launch.
NSA-ec90bbbc-482652,/products,PRD-000,editorial-avatar,ai-saas-software,editorial-placeholder-only,False,Must be replaced with verified real evidence before launch.
NSA-d16105dc-385244,/products/afluma-commerce,PRD-001,editorial-avatar,ai-saas-software,editorial-placeholder-only,False,Must be replaced with verified real evidence before launch.
NSA-8ab8e473-69267,/products/serenops,PRD-002,editorial-avatar,ai-saas-software,editorial-placeholder-only,False,Must be replaced with verified real evidence before launch.
NSA-01ec38e2-182390,/products/daily-fitness,PRD-003,editorial-avatar,ai-saas-software,editorial-placeholder-only,False,Must be replaced with verified real evidence before launch.
NSA-10265036-209971,/insights/custom-software,INSH-02,editorial-avatar,ai-saas-software,editorial-placeholder-only,False,Must be replaced with verified real evidence before launch.
NSA-16d78820-243532,/insights/digital-product-design,INSH-03,editorial-avatar,ai-saas-software,editorial-placeholder-only,False,Must be replaced with verified real evidence before launch.
NSA-ecd5cbaa-136788,/insights/product-operations,INSH-10,editorial-avatar,ai-saas-software,editorial-placeholder-only,False,Must be replaced with verified real evidence before launch.
NSA-0e2501c8-1005577,/insights/cloud-integration-and-it-operations,INSH-14,hero-media,ai-saas-software,production-candidate,True,
NSA-ad9d3a22-648749,/ai-workflow-automation-use-cases-for-retail-services-and-software-businesses,INS-0008,hero-media,ai-saas-software,production-candidate,True,
NSA-ab4f3226-519115,/business-process-automation-use-cases-for-retail-services-and-software-businesses,INS-0018,hero-media,ai-saas-software,production-candidate,True,
NSA-6035c852-436646,/document-processing-automation-use-cases-for-retail-services-and-software-businesses,INS-0028,hero-media,ai-saas-software,production-candidate,True,
NSA-147dab0e-3999742,/customer-service-automation-use-cases-for-retail-services-and-software-businesses,INS-0038,hero-media,ai-saas-software,production-candidate,True,
NSA-bfde547f-1273499,/sales-automation-use-cases-for-retail-services-and-software-businesses,INS-0048,hero-media,ai-saas-software,production-candidate,True,
NSA-d7659b19-334079,/finance-automation-use-cases-for-retail-services-and-software-businesses,INS-0058,hero-media,ai-saas-software,production-candidate,True,
NSA-9812f1a7-168884,/inventory-automation-use-cases-for-retail-services-and-software-businesses,INS-0068,hero-media,ai-saas-software,production-candidate,True,
NSA-5243b8f5-67658,/ai-governance-use-cases-for-retail-services-and-software-businesses,INS-0078,hero-media,ai-saas-software,production-candidate,True,
NSA-2345357b-523932,/agentic-ai-for-business-use-cases-for-retail-services-and-software-businesses,INS-0088,hero-media,ai-saas-software,production-candidate,True,
NSA-2d214da2-29155,/rpa-modernization-use-cases-for-retail-services-and-software-businesses,INS-0098,hero-media,ai-saas-software,production-candidate,True,
NSA-903f0882-1209449,/custom-software-development-a-practical-guide-for-technology-leaders,INS-0101,hero-media,ai-saas-software,production-candidate,True,
NSA-d1bc7bfd-626530,/how-to-implement-custom-software-development-without-disrupting-operations,INS-0102,hero-media,ai-saas-software,production-candidate,True,
NSA-1f6f2133-429438,/custom-software-development-implementation-checklist-people-process-technology-and-controls,INS-0103,hero-media,ai-saas-software,production-candidate,True,
NSA-548a51e1-873778,/10-custom-software-development-mistakes-that-increase-cost-risk-and-rework,INS-0104,hero-media,ai-saas-software,production-candidate,True,
NSA-f779da54-818553,/how-to-measure-the-roi-of-custom-software-development,INS-0105,hero-media,ai-saas-software,production-candidate,True,
NSA-c61adc09-633601,/custom-software-development-in-house-team-vs-managed-service,INS-0106,hero-media,ai-saas-software,production-candidate,True,
NSA-358e3dfd-2856116,/custom-software-development-roadmap-from-assessment-to-continuous-improvement,INS-0107,hero-media,ai-saas-software,production-candidate,True,
NSA-0213d68a-1363193,/custom-software-development-use-cases-for-growing-businesses-and-complex-operational-environments,INS-0108,hero-media,ai-saas-software,production-candidate,True,
NSA-6f292479-453751,/where-ai-and-automation-fit-into-custom-software-development,INS-0109,hero-media,ai-saas-software,production-candidate,True,
NSA-d0e639c4-860488,/when-should-a-business-invest-in-custom-software-development,INS-0110,hero-media,ai-saas-software,production-candidate,True,
NSA-1d92d646-380146,/custom-software-cost-a-practical-guide-for-technology-leaders,INS-0111,hero-media,ai-saas-software,production-candidate,True,
NSA-cae10abd-183817,/how-to-implement-custom-software-cost-without-disrupting-operations,INS-0112,hero-media,ai-saas-software,production-candidate,True,
NSA-d03a31bc-522559,/custom-software-cost-implementation-checklist-people-process-technology-and-controls,INS-0113,hero-media,ai-saas-software,production-candidate,True,
NSA-af7a7557-554638,/10-custom-software-cost-mistakes-that-increase-cost-risk-and-rework,INS-0114,hero-media,ai-saas-software,production-candidate,True,
NSA-d764953b-418395,/how-to-measure-the-roi-of-custom-software-cost,INS-0115,hero-media,ai-saas-software,production-candidate,True,
NSA-0dca80d2-311757,/custom-software-cost-in-house-team-vs-managed-service,INS-0116,hero-media,ai-saas-software,production-candidate,True,
NSA-66c0c0ba-329281,/custom-software-cost-roadmap-from-assessment-to-continuous-improvement,INS-0117,hero-media,ai-saas-software,production-candidate,True,
NSA-6d939992-420895,/custom-software-cost-use-cases-for-growing-businesses-and-complex-operational-environments,INS-0118,hero-media,ai-saas-software,production-candidate,True,
NSA-d90ead17-526252,/where-ai-and-automation-fit-into-custom-software-cost,INS-0119,hero-media,ai-saas-software,production-candidate,True,
NSA-a49975cd-2494130,/when-should-a-business-invest-in-custom-software-cost,INS-0120,hero-media,ai-saas-software,production-candidate,True,
NSA-3157274c-661211,/software-requirements-a-practical-guide-for-technology-leaders,INS-0121,hero-media,ai-saas-software,production-candidate,True,
NSA-b7c98d4c-801677,/how-to-implement-software-requirements-without-disrupting-operations,INS-0122,hero-media,ai-saas-software,production-candidate,True,
NSA-b626353b-767503,/software-requirements-implementation-checklist-people-process-technology-and-controls,INS-0123,hero-media,ai-saas-software,production-candidate,True,
NSA-5def406d-916414,/10-software-requirements-mistakes-that-increase-cost-risk-and-rework,INS-0124,hero-media,ai-saas-software,production-candidate,True,
NSA-e801119e-2350922,/how-to-measure-the-roi-of-software-requirements,INS-0125,hero-media,ai-saas-software,production-candidate,True,
NSA-07ae7833-1146125,/software-requirements-in-house-team-vs-managed-service,INS-0126,hero-media,ai-saas-software,production-candidate,True,
NSA-e83d4ce8-1825431,/software-requirements-roadmap-from-assessment-to-continuous-improvement,INS-0127,hero-media,ai-saas-software,production-candidate,True,
NSA-ccb0ffd6-408009,/software-requirements-use-cases-for-growing-businesses-and-complex-operational-environments,INS-0128,hero-media,ai-saas-software,production-candidate,True,
NSA-36db2b07-319733,/where-ai-and-automation-fit-into-software-requirements,INS-0129,hero-media,ai-saas-software,production-candidate,True,
NSA-2d4978df-708133,/when-should-a-business-invest-in-software-requirements,INS-0130,hero-media,ai-saas-software,production-candidate,True,
NSA-5b84c233-601479,/mvp-development-a-practical-guide-for-technology-leaders,INS-0131,hero-media,ai-saas-software,production-candidate,True,
NSA-a4724c5b-401144,/how-to-implement-mvp-development-without-disrupting-operations,INS-0132,hero-media,ai-saas-software,production-candidate,True,
NSA-6a0f6b42-277512,/mvp-development-implementation-checklist-people-process-technology-and-controls,INS-0133,hero-media,ai-saas-software,production-candidate,True,
NSA-4865e30d-217766,/10-mvp-development-mistakes-that-increase-cost-risk-and-rework,INS-0134,hero-media,ai-saas-software,production-candidate,True,
NSA-55663347-931052,/how-to-measure-the-roi-of-mvp-development,INS-0135,hero-media,ai-saas-software,production-candidate,True,
NSA-73bf971d-608512,/mvp-development-in-house-team-vs-managed-service,INS-0136,hero-media,ai-saas-software,production-candidate,True,
NSA-603119c8-399242,/mvp-development-roadmap-from-assessment-to-continuous-improvement,INS-0137,hero-media,ai-saas-software,production-candidate,True,
NSA-f6e192fe-11674,/mvp-development-use-cases-for-growing-businesses-and-complex-operational-environments,INS-0138,icon-illustration,ai-saas-software,production-candidate,True,
NSA-e162a655-4938587,/responsible-ai,COR-010,background-media,ai-solution,production-candidate,True,
NSA-41cbba84-19794951,/services/ai-automation,SRV-001,background-media,ai-solution,production-candidate,True,
NSA-465c46e5-4847973,/services/ai-automation/ai-workflow-automation,SRV-001-1,background-media,ai-solution,production-candidate,True,
NSA-d23f2730-8227604,/services/ai-automation/business-process-automation,SRV-001-2,background-media,ai-solution,production-candidate,True,
NSA-1e647dbf-173389,/services/ai-automation/document-processing-automation,SRV-001-3,background-media,ai-solution,production-candidate,True,
NSA-8e76dd7c-175050,/services/pos-retail-inventory,SRV-006,background-media,ai-solution,production-candidate,True,
NSA-96cf45fb-231765,/services/pos-retail-inventory/pos-system,SRV-006-1,background-media,ai-solution,production-candidate,True,
NSA-5e80b9e2-1158907,/services/pos-retail-inventory/offline-pos-system,SRV-006-2,editorial-avatar,ai-solution,editorial-placeholder-only,False,Must be replaced with verified real evidence before launch.
NSA-07b689ee-834488,/services/pos-retail-inventory/inventory-accuracy,SRV-006-3,editorial-avatar,ai-solution,editorial-placeholder-only,False,Must be replaced with verified real evidence before launch.
NSA-f6cf6a67-1194329,/services/supply-chain-procurement-operations,SRV-011,editorial-avatar,ai-solution,editorial-placeholder-only,False,Must be replaced with verified real evidence before launch.
NSA-d02cc248-557418,/services/supply-chain-procurement-operations/procurement-outsourcing,SRV-011-1,editorial-avatar,ai-solution,editorial-placeholder-only,False,Must be replaced with verified real evidence before launch.
NSA-3b5d602f-704641,/services/supply-chain-procurement-operations/supplier-onboarding,SRV-011-2,editorial-avatar,ai-solution,editorial-placeholder-only,False,Must be replaced with verified real evidence before launch.
NSA-50884be3-656418,/services/supply-chain-procurement-operations/purchase-order-management,SRV-011-3,editorial-avatar,ai-solution,editorial-placeholder-only,False,Must be replaced with verified real evidence before launch.
NSA-0e3fd078-648052,/solutions,SOL-000,editorial-avatar,ai-solution,editorial-placeholder-only,False,Must be replaced with verified real evidence before launch.
NSA-81ceb50e-668191,/solutions/ai-and-automation-for-growing-businesses,SOL-001,editorial-avatar,ai-solution,editorial-placeholder-only,False,Must be replaced with verified real evidence before launch.
NSA-2e04025c-657985,/solutions/ai-and-automation-transformation-and-managed-delivery,SOL-002,editorial-avatar,ai-solution,editorial-placeholder-only,False,Must be replaced with verified real evidence before launch.
NSA-aa150dff-653115,/solutions/custom-software-for-growing-businesses,SOL-003,editorial-avatar,ai-solution,editorial-placeholder-only,False,Must be replaced with verified real evidence before launch.
NSA-0462394a-1016031,/solutions/custom-software-transformation-and-managed-delivery,SOL-004,hero-media,ai-solution,production-candidate,True,
NSA-934c61fc-1072689,/solutions/digital-product-design-for-growing-businesses,SOL-005,hero-media,ai-solution,production-candidate,True,
NSA-43f5c779-1378497,/solutions/digital-product-design-transformation-and-managed-delivery,SOL-006,hero-media,ai-solution,production-candidate,True,
NSA-4f5f38e0-5062835,/solutions/web-and-digital-experiences-for-growing-businesses,SOL-007,hero-media,ai-solution,production-candidate,True,
NSA-0bc2dc79-336742,/solutions/web-and-digital-experiences-transformation-and-managed-delivery,SOL-008,hero-media,ai-solution,production-candidate,True,
NSA-b0093ff3-199480,/solutions/ecommerce-and-unified-commerce-for-growing-businesses,SOL-009,hero-media,ai-solution,production-candidate,True,
NSA-dcac3454-88724,/solutions/ecommerce-and-unified-commerce-transformation-and-managed-delivery,SOL-010,hero-media,ai-solution,production-candidate,True,
NSA-3b69a37c-3328765,/solutions/pos-retail-and-inventory-for-growing-businesses,SOL-011,hero-media,ai-solution,production-candidate,True,
NSA-b7316a2d-1950829,/solutions/pos-retail-and-inventory-transformation-and-managed-delivery,SOL-012,hero-media,ai-solution,production-candidate,True,
NSA-31d3da8c-3003840,/solutions/managed-business-operations-for-growing-businesses,SOL-013,hero-media,ai-solution,production-candidate,True,
NSA-4e022446-1779007,/solutions/managed-business-operations-transformation-and-managed-delivery,SOL-014,hero-media,ai-solution,production-candidate,True,
NSA-a615f826-2921045,/solutions/finance-operations-for-growing-businesses,SOL-015,hero-media,ai-solution,production-candidate,True,
NSA-783515de-2390306,/solutions/finance-operations-transformation-and-managed-delivery,SOL-016,hero-media,ai-solution,production-candidate,True,
NSA-d739562f-5112420,/solutions/customer-experience-operations-for-growing-businesses,SOL-017,hero-media,ai-solution,production-candidate,True,
NSA-78fa7d90-1162740,/solutions/customer-experience-operations-transformation-and-managed-delivery,SOL-018,hero-media,ai-solution,production-candidate,True,
NSA-d0ae62cb-584536,/solutions/product-operations-for-growing-businesses,SOL-019,hero-media,ai-solution,production-candidate,True,
NSA-463d6390-2017008,/solutions/product-operations-transformation-and-managed-delivery,SOL-020,hero-media,ai-solution,production-candidate,True,
NSA-6cd6cf5c-823876,/solutions/supply-chain-and-procurement-for-growing-businesses,SOL-021,hero-media,ai-solution,production-candidate,True,
NSA-f4019a9d-472513,/solutions/supply-chain-and-procurement-transformation-and-managed-delivery,SOL-022,hero-media,ai-solution,production-candidate,True,
NSA-ff50c5b4-2789029,/solutions/data-and-analytics-for-growing-businesses,SOL-023,hero-media,ai-solution,production-candidate,True,
NSA-1df41bd6-280515,/solutions/data-and-analytics-transformation-and-managed-delivery,SOL-024,hero-media,ai-solution,production-candidate,True,
NSA-8d734069-296025,/solutions/seo-and-digital-growth-for-growing-businesses,SOL-025,hero-media,ai-solution,production-candidate,True,
NSA-bd19a3d8-640366,/solutions/seo-and-digital-growth-transformation-and-managed-delivery,SOL-026,hero-media,ai-solution,production-candidate,True,
NSA-79a0969d-1298466,/solutions/cloud-integration-and-it-operations-for-growing-businesses,SOL-027,hero-media,ai-solution,production-candidate,True,
NSA-d55e2fd4-1090150,/solutions/cloud-integration-and-it-operations-transformation-and-managed-delivery,SOL-028,hero-media,ai-solution,production-candidate,True,
NSA-37b3179a-622010,/solutions/business-transformation-and-strategy-for-growing-businesses,SOL-029,hero-media,ai-solution,production-candidate,True,
NSA-9eae1e56-880961,/solutions/business-transformation-and-strategy-transformation-and-managed-delivery,SOL-030,hero-media,ai-solution,production-candidate,True,
NSA-8b5ee308-684200,/industries,IND-000,hero-media,ai-solution,production-candidate,True,
NSA-c9b897a7-646841,/industries/retail,IND-001,hero-media,ai-solution,production-candidate,True,
NSA-b613ca44-514015,/industries/ecommerce,IND-002,hero-media,ai-solution,production-candidate,True,
NSA-d4a08217-1303713,/industries/distribution,IND-003,hero-media,ai-solution,production-candidate,True,
NSA-e63309de-37103,/industries/manufacturing,IND-004,hero-media,ai-solution,production-candidate,True,
NSA-d670d653-40315,/industries/professional-services,IND-005,hero-media,ai-solution,production-candidate,True,
NSA-23637ecd-40707,/industries/financial-services,IND-006,hero-media,ai-solution,production-candidate,True,
NSA-c482332c-200498,/industries/healthcare,IND-007,hero-media,ai-solution,production-candidate,True,
NSA-ffbe0612-561253,/industries/hospitality,IND-008,hero-media,ai-solution,production-candidate,True,
NSA-af3a0a61-555206,/industries/restaurants-and-food-service,IND-009,hero-media,ai-solution,production-candidate,True,
NSA-85b0a8b2-969837,/industries/logistics,IND-010,hero-media,ai-solution,production-candidate,True,
NSA-c64bc18b-768820,/industries/real-estate,IND-011,hero-media,ai-solution,production-candidate,True,
NSA-b9b6f41b-21457,/industries/construction,IND-012,hero-media,ai-solution,production-candidate,True,
NSA-37d9a3ed-1196078,/industries/education,IND-013,hero-media,ai-solution,production-candidate,True,
NSA-1c85f13c-546695,/industries/media-and-entertainment,IND-014,hero-media,ai-solution,production-candidate,True,
NSA-bdb16984-71106,/industries/saas-and-technology,IND-015,hero-media,ai-solution,production-candidate,True,
NSA-072d1372-56613,/industries/startups,IND-016,hero-media,ai-solution,production-candidate,True,
NSA-bae0ece1-143621,/industries/enterprise,IND-017,hero-media,ai-solution,production-candidate,True,
NSA-e2cac062-3775,/services/web-digital-experiences,SRV-004,component-icon,ai-voice-generator,production-candidate,True,
NSA-7aa89668-1396,/services/web-digital-experiences/b2b-web-design,SRV-004-1,component-icon,ai-voice-generator,production-candidate,True,
NSA-10e469d8-2734,/services/web-digital-experiences/corporate-website-redesign,SRV-004-2,component-icon,ai-voice-generator,production-candidate,True,
NSA-d22c2079-4102,/services/web-digital-experiences/headless-cms-development,SRV-004-3,component-icon,ai-voice-generator,production-candidate,True,
NSA-d7aeb09c-789,/services/customer-experience-operations,SRV-009,component-icon,ai-voice-generator,production-candidate,True,
NSA-9a47597f-794,/services/customer-experience-operations/customer-support-outsourcing,SRV-009-1,component-icon,ai-voice-generator,production-candidate,True,
NSA-53e4d409-1506,/services/customer-experience-operations/omnichannel-customer-service,SRV-009-2,component-icon,ai-voice-generator,production-candidate,True,
NSA-783291fa-1113,/services/customer-experience-operations/customer-service-ticketing,SRV-009-3,component-icon,ai-voice-generator,production-candidate,True,
NSA-1b52f28d-3637,/solutions/web-and-digital-experiences-for-growing-businesses,SOL-007,component-icon,ai-voice-generator,production-candidate,True,
NSA-c7530914-1869,/solutions/web-and-digital-experiences-transformation-and-managed-delivery,SOL-008,component-icon,ai-voice-generator,production-candidate,True,
NSA-58196d73-1025,/solutions/customer-experience-operations-for-growing-businesses,SOL-017,component-icon,ai-voice-generator,production-candidate,True,
NSA-be4ed758-1519,/solutions/customer-experience-operations-transformation-and-managed-delivery,SOL-018,component-icon,ai-voice-generator,production-candidate,True,
NSA-0b1618bd-4080,/industries/media-and-entertainment,IND-014,component-icon,ai-voice-generator,production-candidate,True,
NSA-3cc9b9dc-1034,/insights/web-and-digital-experiences,INSH-04,component-icon,ai-voice-generator,production-candidate,True,
NSA-c17d3ddd-2693,/insights/customer-experience-operations,INSH-09,component-icon,ai-voice-generator,production-candidate,True,
NSA-33f6d6f5-2336,/customer-service-automation-a-practical-guide-for-operations-leaders,INS-0031,component-icon,ai-voice-generator,production-candidate,True,
NSA-a13c4595-1907648,/how-to-implement-customer-service-automation-without-disrupting-operations,INS-0032,editorial-avatar,ai-voice-generator,editorial-placeholder-only,False,Must be replaced with verified real evidence before launch.
NSA-d00bded1-456138,/customer-service-automation-implementation-checklist-people-process-technology-and-controls,INS-0033,editorial-avatar,ai-voice-generator,editorial-placeholder-only,False,Must be replaced with verified real evidence before launch.
NSA-eb41c248-358285,/10-customer-service-automation-mistakes-that-increase-cost-risk-and-rework,INS-0034,editorial-avatar,ai-voice-generator,editorial-placeholder-only,False,Must be replaced with verified real evidence before launch.
NSA-d1c9d997-275878,/how-to-measure-the-roi-of-customer-service-automation,INS-0035,editorial-avatar,ai-voice-generator,editorial-placeholder-only,False,Must be replaced with verified real evidence before launch.
NSA-5425e24d-359456,/customer-service-automation-in-house-team-vs-managed-service,INS-0036,editorial-avatar,ai-voice-generator,editorial-placeholder-only,False,Must be replaced with verified real evidence before launch.
NSA-f7efb509-1675166,/customer-service-automation-roadmap-from-assessment-to-continuous-improvement,INS-0037,hero-media,ai-voice-generator,production-candidate,True,
NSA-c1c949cb-2039459,/customer-service-automation-use-cases-for-retail-services-and-software-businesses,INS-0038,hero-media,ai-voice-generator,production-candidate,True,
NSA-6d2953ae-180010,/where-ai-and-automation-fit-into-customer-service-automation,INS-0039,hero-media,ai-voice-generator,production-candidate,True,
NSA-26761c4c-282734,/when-should-a-business-invest-in-customer-service-automation,INS-0040,hero-media,ai-voice-generator,production-candidate,True,
NSA-551f2795-572112,/b2b-web-design-a-practical-guide-for-b2b-teams,INS-0301,hero-media,ai-voice-generator,production-candidate,True,
NSA-37681dc4-464564,/how-to-implement-b2b-web-design-without-disrupting-operations,INS-0302,hero-media,ai-voice-generator,production-candidate,True,
NSA-676729c2-6343,/b2b-web-design-implementation-checklist-people-process-technology-and-controls,INS-0303,icon-illustration,ai-voice-generator,production-candidate,True,
NSA-e2dd808c-1134,/10-b2b-web-design-mistakes-that-increase-cost-risk-and-rework,INS-0304,icon-illustration,ai-voice-generator,production-candidate,True,
NSA-90121698-38204,/how-to-measure-the-roi-of-b2b-web-design,INS-0305,hero-media,ai-voice-generator,production-candidate,True,
NSA-2a8da909-13330,/b2b-web-design-in-house-team-vs-managed-service,INS-0306,icon-illustration,ai-voice-generator,production-candidate,True,
NSA-0a6280b0-171453,/b2b-web-design-roadmap-from-assessment-to-continuous-improvement,INS-0307,hero-media,ai-voice-generator,production-candidate,True,
NSA-47a19864-26957,/b2b-web-design-use-cases-for-b2b-professional-services-and-international-businesses,INS-0308,hero-media,ai-voice-generator,production-candidate,True,
NSA-382150a9-4864,/where-ai-and-automation-fit-into-b2b-web-design,INS-0309,hero-media,ai-voice-generator,production-candidate,True,
NSA-06dd2c09-8012,/when-should-a-business-invest-in-b2b-web-design,INS-0310,icon-illustration,ai-voice-generator,production-candidate,True,
NSA-39ab833b-520056,/corporate-website-redesign-a-practical-guide-for-b2b-teams,INS-0311,hero-media,ai-voice-generator,production-candidate,True,
NSA-486e3814-1450977,/how-to-implement-corporate-website-redesign-without-disrupting-operations,INS-0312,hero-media,ai-voice-generator,production-candidate,True,
NSA-dc885f02-20281,/corporate-website-redesign-implementation-checklist-people-process-technology-and-controls,INS-0313,icon-illustration,ai-voice-generator,production-candidate,True,
NSA-22a2f115-73638,/10-corporate-website-redesign-mistakes-that-increase-cost-risk-and-rework,INS-0314,icon-illustration,ai-voice-generator,production-candidate,True,
NSA-ce53e6e7-63952,/how-to-measure-the-roi-of-corporate-website-redesign,INS-0315,icon-illustration,ai-voice-generator,production-candidate,True,
NSA-b5f22071-18672,/corporate-website-redesign-in-house-team-vs-managed-service,INS-0316,icon-illustration,ai-voice-generator,production-candidate,True,
NSA-7c583cb1-1593875,/corporate-website-redesign-roadmap-from-assessment-to-continuous-improvement,INS-0317,icon-illustration,ai-voice-generator,production-candidate,True,
NSA-5cd3d111-24368,/corporate-website-redesign-use-cases-for-b2b-professional-services-and-international-businesses,INS-0318,icon-illustration,ai-voice-generator,production-candidate,True,
NSA-be6c7d82-27528,/where-ai-and-automation-fit-into-corporate-website-redesign,INS-0319,icon-illustration,ai-voice-generator,production-candidate,True,
NSA-1496b05d-18660,/when-should-a-business-invest-in-corporate-website-redesign,INS-0320,icon-illustration,ai-voice-generator,production-candidate,True,
NSA-b494cda7-67877,/headless-cms-development-a-practical-guide-for-b2b-teams,INS-0321,hero-media,ai-voice-generator,production-candidate,True,
NSA-2fa81765-20644,/how-to-implement-headless-cms-development-without-disrupting-operations,INS-0322,hero-media,ai-voice-generator,production-candidate,True,
NSA-f3b11da6-31926,/headless-cms-development-implementation-checklist-people-process-technology-and-controls,INS-0323,icon-illustration,ai-voice-generator,production-candidate,True,
NSA-a9fb6523-24924,/10-headless-cms-development-mistakes-that-increase-cost-risk-and-rework,INS-0324,icon-illustration,ai-voice-generator,production-candidate,True,
NSA-1a40373c-46243,/how-to-measure-the-roi-of-headless-cms-development,INS-0325,hero-media,ai-voice-generator,production-candidate,True,
NSA-0afc08ed-25919,/headless-cms-development-in-house-team-vs-managed-service,INS-0326,icon-illustration,ai-voice-generator,production-candidate,True,
NSA-28a677eb-25746,/headless-cms-development-roadmap-from-assessment-to-continuous-improvement,INS-0327,hero-media,ai-voice-generator,production-candidate,True,
NSA-c76353cc-1113530,/headless-cms-development-use-cases-for-b2b-professional-services-and-international-businesses,INS-0328,hero-media,ai-voice-generator,production-candidate,True,
NSA-44c6ba22-35032,/where-ai-and-automation-fit-into-headless-cms-development,INS-0329,hero-media,ai-voice-generator,production-candidate,True,
NSA-674f25e6-120039,/when-should-a-business-invest-in-headless-cms-development,INS-0330,hero-media,ai-voice-generator,production-candidate,True,
NSA-72a2b184-61135,/next-js-development-a-practical-guide-for-b2b-teams,INS-0331,hero-media,ai-voice-generator,production-candidate,True,
NSA-c1841eeb-487332,/how-to-implement-next-js-development-without-disrupting-operations,INS-0332,hero-media,ai-voice-generator,production-candidate,True,
NSA-0729942c-36426,/next-js-development-implementation-checklist-people-process-technology-and-controls,INS-0333,hero-media,ai-voice-generator,production-candidate,True,
NSA-20a53806-37648,/10-next-js-development-mistakes-that-increase-cost-risk-and-rework,INS-0334,icon-illustration,ai-voice-generator,production-candidate,True,
NSA-03e05f68-37325,/how-to-measure-the-roi-of-next-js-development,INS-0335,hero-media,ai-voice-generator,production-candidate,True,
NSA-97ba5109-21321,/next-js-development-in-house-team-vs-managed-service,INS-0336,hero-media,ai-voice-generator,production-candidate,True,
NSA-f4f55d58-27556,/next-js-development-roadmap-from-assessment-to-continuous-improvement,INS-0337,hero-media,ai-voice-generator,production-candidate,True,
NSA-e56116df-13634,/next-js-development-use-cases-for-b2b-professional-services-and-international-businesses,INS-0338,hero-media,ai-voice-generator,production-candidate,True,
NSA-7cbf7c33-26555,/where-ai-and-automation-fit-into-next-js-development,INS-0339,hero-media,ai-voice-generator,production-candidate,True,
NSA-6a398543-15354,/when-should-a-business-invest-in-next-js-development,INS-0340,hero-media,ai-voice-generator,production-candidate,True,
NSA-a7b36e5c-1001021,/website-performance-optimization-a-practical-guide-for-b2b-teams,INS-0341,hero-media,ai-voice-generator,production-candidate,True,
NSA-eeab484d-2251819,/how-to-implement-website-performance-optimization-without-disrupting-operations,INS-0342,icon-illustration,ai-voice-generator,production-candidate,True,
NSA-eb185e47-1182483,/website-performance-optimization-implementation-checklist-people-process-technology-and-controls,INS-0343,hero-media,ai-voice-generator,production-candidate,True,
NSA-f5ee5c25-578230,/10-website-performance-optimization-mistakes-that-increase-cost-risk-and-rework,INS-0344,hero-media,ai-voice-generator,production-candidate,True,
NSA-537cdf73-1345,/how-to-measure-the-roi-of-website-performance-optimization,INS-0345,icon-illustration,ai-voice-generator,production-candidate,True,
NSA-97d8971a-1344,/website-performance-optimization-in-house-team-vs-managed-service,INS-0346,icon-illustration,ai-voice-generator,production-candidate,True,
NSA-fd727bdb-440,/,COR-001,background-media,automation-saas,production-candidate,True,
NSA-b2eee25e-1595,/services/ai-automation,SRV-001,component-icon,automation-saas,production-candidate,True,
NSA-bcca0e60-2465,/services/ai-automation/ai-workflow-automation,SRV-001-1,component-icon,automation-saas,production-candidate,True,
NSA-09b12b41-1097,/services/ai-automation/business-process-automation,SRV-001-2,component-icon,automation-saas,production-candidate,True,
NSA-8e8e7643-883,/services/ai-automation/document-processing-automation,SRV-001-3,component-icon,automation-saas,production-candidate,True,
NSA-79eea7f1-2113,/services/managed-business-operations,SRV-007,component-icon,automation-saas,production-candidate,True,
NSA-ded5c0e8-1188,/services/managed-business-operations/business-process-outsourcing,SRV-007-1,component-icon,automation-saas,production-candidate,True,
NSA-3d37008e-1691,/services/managed-business-operations/managed-business-operations,SRV-007-2,component-icon,automation-saas,production-candidate,True,
NSA-0069d068-2289,/services/managed-business-operations/build-operate-transfer,SRV-007-3,component-icon,automation-saas,production-candidate,True,
NSA-2e945cf3-6535,/services/finance-operations,SRV-008,component-icon,automation-saas,production-candidate,True,
NSA-ada40e79-933,/services/finance-operations/accounts-payable-outsourcing,SRV-008-1,component-icon,automation-saas,production-candidate,True,
NSA-75926a9b-931,/services/finance-operations/accounts-receivable-outsourcing,SRV-008-2,component-icon,automation-saas,production-candidate,True,
NSA-7a449311-1029,/services/finance-operations/bank-reconciliation-services,SRV-008-3,component-icon,automation-saas,production-candidate,True,
NSA-8cd651b8-1071,/services/customer-experience-operations,SRV-009,component-icon,automation-saas,production-candidate,True,
NSA-ff49f2af-1046,/services/customer-experience-operations/customer-support-outsourcing,SRV-009-1,component-icon,automation-saas,production-candidate,True,
NSA-f38c9db1-820,/services/customer-experience-operations/omnichannel-customer-service,SRV-009-2,component-icon,automation-saas,production-candidate,True,
NSA-dfd587cb-246178,/services/customer-experience-operations/customer-service-ticketing,SRV-009-3,editorial-avatar,automation-saas,editorial-placeholder-only,False,Must be replaced with verified real evidence before launch.
NSA-e3f83d2a-493294,/services/product-operations,SRV-010,editorial-avatar,automation-saas,editorial-placeholder-only,False,Must be replaced with verified real evidence before launch.
NSA-fe953875-733602,/services/product-operations/product-operations,SRV-010-1,editorial-avatar,automation-saas,editorial-placeholder-only,False,Must be replaced with verified real evidence before launch.
NSA-d021b85d-640719,/services/product-operations/product-backlog-management,SRV-010-2,editorial-avatar,automation-saas,editorial-placeholder-only,False,Must be replaced with verified real evidence before launch.
NSA-28c8207a-574007,/services/product-operations/release-management,SRV-010-3,editorial-avatar,automation-saas,editorial-placeholder-only,False,Must be replaced with verified real evidence before launch.
NSA-d1f71433-630577,/services/supply-chain-procurement-operations,SRV-011,editorial-avatar,automation-saas,editorial-placeholder-only,False,Must be replaced with verified real evidence before launch.
NSA-3249585b-186481,/services/supply-chain-procurement-operations/procurement-outsourcing,SRV-011-1,editorial-avatar,automation-saas,editorial-placeholder-only,False,Must be replaced with verified real evidence before launch.
NSA-3199d1fa-162095,/services/supply-chain-procurement-operations/supplier-onboarding,SRV-011-2,editorial-avatar,automation-saas,editorial-placeholder-only,False,Must be replaced with verified real evidence before launch.
NSA-e037bf2f-629986,/services/supply-chain-procurement-operations/purchase-order-management,SRV-011-3,editorial-avatar,automation-saas,editorial-placeholder-only,False,Must be replaced with verified real evidence before launch.
NSA-e7406f61-556761,/services/cloud-integration-it-operations,SRV-014,editorial-avatar,automation-saas,editorial-placeholder-only,False,Must be replaced with verified real evidence before launch.
NSA-36bc77a7-563166,/services/cloud-integration-it-operations/cloud-migration,SRV-014-1,editorial-avatar,automation-saas,editorial-placeholder-only,False,Must be replaced with verified real evidence before launch.
NSA-3a5e5070-518803,/services/cloud-integration-it-operations/api-integration,SRV-014-2,editorial-avatar,automation-saas,editorial-placeholder-only,False,Must be replaced with verified real evidence before launch.
NSA-fba9b341-485808,/services/cloud-integration-it-operations/identity-and-access-management,SRV-014-3,editorial-avatar,automation-saas,editorial-placeholder-only,False,Must be replaced with verified real evidence before launch.
NSA-1a0b2430-624977,/services/business-transformation-strategy/business-process-mapping,SRV-015-3,editorial-avatar,automation-saas,editorial-placeholder-only,False,Must be replaced with verified real evidence before launch.
NSA-1d23ae0f-1526937,/solutions/ai-and-automation-for-growing-businesses,SOL-001,hero-media,automation-saas,production-candidate,True,
NSA-9090a57f-53507,/solutions/ai-and-automation-transformation-and-managed-delivery,SOL-002,icon-illustration,automation-saas,production-candidate,True,
NSA-3a39089e-58947,/solutions/custom-software-transformation-and-managed-delivery,SOL-004,icon-illustration,automation-saas,production-candidate,True,
NSA-a19191fc-83220,/solutions/digital-product-design-transformation-and-managed-delivery,SOL-006,icon-illustration,automation-saas,production-candidate,True,
NSA-2c56435a-49644,/solutions/web-and-digital-experiences-transformation-and-managed-delivery,SOL-008,hero-media,automation-saas,production-candidate,True,
NSA-b56c04e5-34398,/solutions/ecommerce-and-unified-commerce-transformation-and-managed-delivery,SOL-010,icon-illustration,automation-saas,production-candidate,True,
NSA-1daae325-55605,/solutions/pos-retail-and-inventory-transformation-and-managed-delivery,SOL-012,icon-illustration,automation-saas,production-candidate,True,
NSA-4d6e4659-1084552,/solutions/managed-business-operations-for-growing-businesses,SOL-013,hero-media,automation-saas,production-candidate,True,
NSA-8ccb713e-1098522,/solutions/managed-business-operations-transformation-and-managed-delivery,SOL-014,hero-media,automation-saas,production-candidate,True,
NSA-60737bd8-1012396,/solutions/finance-operations-for-growing-businesses,SOL-015,hero-media,automation-saas,production-candidate,True,
NSA-7a7667d6-126839,/solutions/finance-operations-transformation-and-managed-delivery,SOL-016,icon-illustration,automation-saas,production-candidate,True,
NSA-5f8948b0-353081,/solutions/customer-experience-operations-for-growing-businesses,SOL-017,hero-media,automation-saas,production-candidate,True,
NSA-50556ba2-60293,/solutions/customer-experience-operations-transformation-and-managed-delivery,SOL-018,icon-illustration,automation-saas,production-candidate,True,
NSA-66db57bd-102079,/solutions/product-operations-for-growing-businesses,SOL-019,hero-media,automation-saas,production-candidate,True,
NSA-94b98aa4-128406,/solutions/product-operations-transformation-and-managed-delivery,SOL-020,hero-media,automation-saas,production-candidate,True,
NSA-bae15dae-949288,/solutions/supply-chain-and-procurement-transformation-and-managed-delivery,SOL-022,hero-media,automation-saas,production-candidate,True,
NSA-905bed62-515997,/solutions/data-and-analytics-transformation-and-managed-delivery,SOL-024,hero-media,automation-saas,production-candidate,True,
NSA-91db3594-10612,/solutions/seo-and-digital-growth-transformation-and-managed-delivery,SOL-026,hero-media,automation-saas,production-candidate,True,
NSA-b56b84db-1530806,/solutions/cloud-integration-and-it-operations-for-growing-businesses,SOL-027,icon-illustration,automation-saas,production-candidate,True,
NSA-d0f92f0d-6579,/solutions/cloud-integration-and-it-operations-transformation-and-managed-delivery,SOL-028,icon-illustration,automation-saas,production-candidate,True,
NSA-43287ba9-3529,/solutions/business-transformation-and-strategy-transformation-and-managed-delivery,SOL-030,icon-illustration,automation-saas,production-candidate,True,
NSA-d5926e79-1677178,/industries/retail,IND-001,hero-media,automation-saas,production-candidate,True,
NSA-9c1716ca-253130,/industries/ecommerce,IND-002,hero-media,automation-saas,production-candidate,True,
NSA-8ce00e40-3762072,/industries/distribution,IND-003,hero-media,automation-saas,production-candidate,True,
NSA-a10238e2-451782,/industries/manufacturing,IND-004,hero-media,automation-saas,production-candidate,True,
NSA-d0998c2d-3235493,/industries/professional-services,IND-005,hero-media,automation-saas,production-candidate,True,
NSA-53e8f983-3415848,/industries/financial-services,IND-006,hero-media,automation-saas,production-candidate,True,
NSA-a1fa9c17-383520,/industries/healthcare,IND-007,hero-media,automation-saas,production-candidate,True,
NSA-3e533594-293637,/industries/hospitality,IND-008,hero-media,automation-saas,production-candidate,True,
NSA-69877ac3-546582,/industries/restaurants-and-food-service,IND-009,hero-media,automation-saas,production-candidate,True,
NSA-bf33d9ce-625543,/industries/logistics,IND-010,hero-media,automation-saas,production-candidate,True,
NSA-52f60271-789111,/industries/real-estate,IND-011,hero-media,automation-saas,production-candidate,True,
NSA-cf26726a-401091,/industries/construction,IND-012,hero-media,automation-saas,production-candidate,True,
NSA-856f45b6-838979,/industries/education,IND-013,hero-media,automation-saas,production-candidate,True,
NSA-8f084d35-592989,/industries/media-and-entertainment,IND-014,hero-media,automation-saas,production-candidate,True,
NSA-6c5f702f-51241,/industries/saas-and-technology,IND-015,icon-illustration,automation-saas,production-candidate,True,
NSA-dec0d011-12783,/industries/startups,IND-016,icon-illustration,automation-saas,production-candidate,True,
NSA-8e3d5d11-18807,/services/finance-operations,SRV-008,icon-illustration,financial-management-platform,production-candidate,True,
NSA-b42a9903-16160,/services/finance-operations/accounts-payable-outsourcing,SRV-008-1,icon-illustration,financial-management-platform,production-candidate,True,
NSA-ec72e927-21781,/services/finance-operations/accounts-receivable-outsourcing,SRV-008-2,icon-illustration,financial-management-platform,production-candidate,True,
NSA-a476083e-25449,/services/finance-operations/bank-reconciliation-services,SRV-008-3,icon-illustration,financial-management-platform,production-candidate,True,
NSA-72d21bc5-26617,/solutions/finance-operations-for-growing-businesses,SOL-015,icon-illustration,financial-management-platform,production-candidate,True,
NSA-5bedd823-1044,/solutions/finance-operations-transformation-and-managed-delivery,SOL-016,component-icon,financial-management-platform,production-candidate,True,
NSA-aaee68e7-2000,/industries/financial-services,IND-006,component-icon,financial-management-platform,production-candidate,True,
NSA-38ccf70c-1470,/insights/finance-operations,INSH-08,component-icon,financial-management-platform,production-candidate,True,
NSA-7791f98b-394,/finance-automation-a-practical-guide-for-operations-leaders,INS-0051,component-icon,financial-management-platform,production-candidate,True,
NSA-3d924a77-595,/how-to-implement-finance-automation-without-disrupting-operations,INS-0052,component-icon,financial-management-platform,production-candidate,True,
NSA-ff93e95b-1413,/finance-automation-implementation-checklist-people-process-technology-and-controls,INS-0053,component-icon,financial-management-platform,production-candidate,True,
NSA-5c0604c9-2152,/10-finance-automation-mistakes-that-increase-cost-risk-and-rework,INS-0054,component-icon,financial-management-platform,production-candidate,True,
NSA-5a989717-874,/how-to-measure-the-roi-of-finance-automation,INS-0055,component-icon,financial-management-platform,production-candidate,True,
NSA-7a088cf8-1127,/finance-automation-in-house-team-vs-managed-service,INS-0056,component-icon,financial-management-platform,production-candidate,True,
NSA-2463ad5b-1206,/finance-automation-roadmap-from-assessment-to-continuous-improvement,INS-0057,component-icon,financial-management-platform,production-candidate,True,
NSA-9e77ed84-1794,/finance-automation-use-cases-for-retail-services-and-software-businesses,INS-0058,component-icon,financial-management-platform,production-candidate,True,
NSA-c7cf4413-753,/where-ai-and-automation-fit-into-finance-automation,INS-0059,component-icon,financial-management-platform,production-candidate,True,
NSA-f45aa0ee-485404,/when-should-a-business-invest-in-finance-automation,INS-0060,editorial-avatar,financial-management-platform,editorial-placeholder-only,False,Must be replaced with verified real evidence before launch.
NSA-c6912335-629212,/accounts-payable-outsourcing-a-practical-guide-for-finance-teams,INS-0701,editorial-avatar,financial-management-platform,editorial-placeholder-only,False,Must be replaced with verified real evidence before launch.
NSA-ff93783a-459439,/how-to-implement-accounts-payable-outsourcing-without-disrupting-operations,INS-0702,editorial-avatar,financial-management-platform,editorial-placeholder-only,False,Must be replaced with verified real evidence before launch.
NSA-00933575-632754,/accounts-payable-outsourcing-implementation-checklist-people-process-technology-and-controls,INS-0703,editorial-avatar,financial-management-platform,editorial-placeholder-only,False,Must be replaced with verified real evidence before launch.
NSA-919f8358-785549,/10-accounts-payable-outsourcing-mistakes-that-increase-cost-risk-and-rework,INS-0704,editorial-avatar,financial-management-platform,editorial-placeholder-only,False,Must be replaced with verified real evidence before launch.
NSA-f1779be3-457979,/how-to-measure-the-roi-of-accounts-payable-outsourcing,INS-0705,editorial-avatar,financial-management-platform,editorial-placeholder-only,False,Must be replaced with verified real evidence before launch.
NSA-9003c483-598260,/accounts-payable-outsourcing-in-house-team-vs-managed-service,INS-0706,editorial-avatar,financial-management-platform,editorial-placeholder-only,False,Must be replaced with verified real evidence before launch.
NSA-ae4da8a1-722111,/accounts-payable-outsourcing-roadmap-from-assessment-to-continuous-improvement,INS-0707,editorial-avatar,financial-management-platform,editorial-placeholder-only,False,Must be replaced with verified real evidence before launch.
NSA-87df8337-1087117,/accounts-payable-outsourcing-use-cases-for-commerce-services-and-multi-entity-businesses,INS-0708,hero-media,financial-management-platform,production-candidate,True,
NSA-bbe5d35b-1401977,/where-ai-and-automation-fit-into-accounts-payable-outsourcing,INS-0709,hero-media,financial-management-platform,production-candidate,True,
NSA-68763b30-1379691,/when-should-a-business-invest-in-accounts-payable-outsourcing,INS-0710,hero-media,financial-management-platform,production-candidate,True,
NSA-a00e7a53-1104621,/accounts-receivable-outsourcing-a-practical-guide-for-finance-teams,INS-0711,hero-media,financial-management-platform,production-candidate,True,
NSA-63c359a0-684573,/how-to-implement-accounts-receivable-outsourcing-without-disrupting-operations,INS-0712,hero-media,financial-management-platform,production-candidate,True,
NSA-7aa2c5bd-486464,/accounts-receivable-outsourcing-implementation-checklist-people-process-technology-and-controls,INS-0713,hero-media,financial-management-platform,production-candidate,True,
NSA-743c1c3a-1611,/10-accounts-receivable-outsourcing-mistakes-that-increase-cost-risk-and-rework,INS-0714,icon-illustration,financial-management-platform,production-candidate,True,
NSA-9aa67774-2700,/how-to-measure-the-roi-of-accounts-receivable-outsourcing,INS-0715,icon-illustration,financial-management-platform,production-candidate,True,
NSA-8516e9b5-1665,/accounts-receivable-outsourcing-in-house-team-vs-managed-service,INS-0716,icon-illustration,financial-management-platform,production-candidate,True,
NSA-7e5909bb-331,/accounts-receivable-outsourcing-roadmap-from-assessment-to-continuous-improvement,INS-0717,icon-illustration,financial-management-platform,production-candidate,True,
NSA-c2cc8508-1467,/accounts-receivable-outsourcing-use-cases-for-commerce-services-and-multi-entity-businesses,INS-0718,icon-illustration,financial-management-platform,production-candidate,True,
NSA-80e751f6-3250,/where-ai-and-automation-fit-into-accounts-receivable-outsourcing,INS-0719,icon-illustration,financial-management-platform,production-candidate,True,
NSA-e757921f-423,/when-should-a-business-invest-in-accounts-receivable-outsourcing,INS-0720,icon-illustration,financial-management-platform,production-candidate,True,
NSA-d82c0f2d-529,/bank-reconciliation-services-a-practical-guide-for-finance-teams,INS-0721,icon-illustration,financial-management-platform,production-candidate,True,
NSA-ad33597c-8020,/how-to-implement-bank-reconciliation-services-without-disrupting-operations,INS-0722,icon-illustration,financial-management-platform,production-candidate,True,
NSA-765f3d28-356,/bank-reconciliation-services-implementation-checklist-people-process-technology-and-controls,INS-0723,icon-illustration,financial-management-platform,production-candidate,True,
NSA-5ec09d88-2449651,/10-bank-reconciliation-services-mistakes-that-increase-cost-risk-and-rework,INS-0724,hero-media,financial-management-platform,production-candidate,True,
NSA-746643f4-1323950,/how-to-measure-the-roi-of-bank-reconciliation-services,INS-0725,hero-media,financial-management-platform,production-candidate,True,
NSA-d7e02dd1-2425668,/bank-reconciliation-services-in-house-team-vs-managed-service,INS-0726,hero-media,financial-management-platform,production-candidate,True,
NSA-f8211731-1836480,/bank-reconciliation-services-roadmap-from-assessment-to-continuous-improvement,INS-0727,hero-media,financial-management-platform,production-candidate,True,
NSA-1289f45c-4279174,/bank-reconciliation-services-use-cases-for-commerce-services-and-multi-entity-businesses,INS-0728,hero-media,financial-management-platform,production-candidate,True,
NSA-24c99a39-63629,/where-ai-and-automation-fit-into-bank-reconciliation-services,INS-0729,hero-media,financial-management-platform,production-candidate,True,
NSA-773c5d06-773,/security,COR-009,component-icon,neural-netwokrs,production-candidate,True,
NSA-9491645d-1328,/responsible-ai,COR-010,component-icon,neural-netwokrs,production-candidate,True,
NSA-f194fc94-1981,/services/ai-automation,SRV-001,component-icon,neural-netwokrs,production-candidate,True,
NSA-dd4bb6dc-2019,/services/ai-automation/ai-workflow-automation,SRV-001-1,component-icon,neural-netwokrs,production-candidate,True,
NSA-106cf737-2000,/services/ai-automation/business-process-automation,SRV-001-2,component-icon,neural-netwokrs,production-candidate,True,
NSA-576efb52-490,/services/ai-automation/document-processing-automation,SRV-001-3,component-icon,neural-netwokrs,production-candidate,True,
NSA-058f862d-4338,/services/pos-retail-inventory,SRV-006,component-icon,neural-netwokrs,production-candidate,True,
NSA-c919f137-3678,/services/pos-retail-inventory/pos-system,SRV-006-1,component-icon,neural-netwokrs,production-candidate,True,
NSA-4c9399a6-633,/services/pos-retail-inventory/offline-pos-system,SRV-006-2,component-icon,neural-netwokrs,production-candidate,True,
NSA-865f08a4-1010,/services/pos-retail-inventory/inventory-accuracy,SRV-006-3,component-icon,neural-netwokrs,production-candidate,True,
NSA-4e7d2685-462,/services/supply-chain-procurement-operations,SRV-011,component-icon,neural-netwokrs,production-candidate,True,
NSA-f8a720d9-899,/services/supply-chain-procurement-operations/procurement-outsourcing,SRV-011-1,component-icon,neural-netwokrs,production-candidate,True,
NSA-c3c813b0-1442,/services/supply-chain-procurement-operations/supplier-onboarding,SRV-011-2,component-icon,neural-netwokrs,production-candidate,True,
NSA-c5771863-1618,/services/supply-chain-procurement-operations/purchase-order-management,SRV-011-3,component-icon,neural-netwokrs,production-candidate,True,
NSA-96daf371-1350,/services/data-analytics-reporting,SRV-012,component-icon,neural-netwokrs,production-candidate,True,
NSA-9a24ed73-55017,/services/data-analytics-reporting/master-data-management,SRV-012-1,component-icon,neural-netwokrs,production-candidate,True,
NSA-dc06a724-1006,/services/data-analytics-reporting/data-cleaning-services,SRV-012-2,component-icon,neural-netwokrs,production-candidate,True,
NSA-44533d6a-1662,/services/data-analytics-reporting/business-intelligence-dashboards,SRV-012-3,component-icon,neural-netwokrs,production-candidate,True,
NSA-1a58c561-2454,/solutions/ai-and-automation-for-growing-businesses,SOL-001,component-icon,neural-netwokrs,production-candidate,True,
NSA-4410a144-1225,/solutions/ai-and-automation-transformation-and-managed-delivery,SOL-002,component-icon,neural-netwokrs,production-candidate,True,
NSA-a87f710f-772,/solutions/pos-retail-and-inventory-for-growing-businesses,SOL-011,component-icon,neural-netwokrs,production-candidate,True,
NSA-c8fb286b-2377,/solutions/pos-retail-and-inventory-transformation-and-managed-delivery,SOL-012,component-icon,neural-netwokrs,production-candidate,True,
NSA-df849fe1-6800,/solutions/supply-chain-and-procurement-for-growing-businesses,SOL-021,icon-illustration,neural-netwokrs,production-candidate,True,
NSA-cfec9065-226099,/solutions/supply-chain-and-procurement-transformation-and-managed-delivery,SOL-022,hero-media,neural-netwokrs,production-candidate,True,
NSA-ff87138f-1444802,/solutions/data-and-analytics-for-growing-businesses,SOL-023,hero-media,neural-netwokrs,production-candidate,True,
NSA-d0f1bd10-222931,/solutions/data-and-analytics-transformation-and-managed-delivery,SOL-024,hero-media,neural-netwokrs,production-candidate,True,
NSA-7ffdadc1-573320,/industries/retail,IND-001,editorial-avatar,neural-netwokrs,editorial-placeholder-only,False,Must be replaced with verified real evidence before launch.
NSA-700fca68-667150,/industries/media-and-entertainment,IND-014,editorial-avatar,neural-netwokrs,editorial-placeholder-only,False,Must be replaced with verified real evidence before launch.
NSA-4e684da1-695963,/products/daily-fitness,PRD-003,editorial-avatar,neural-netwokrs,editorial-placeholder-only,False,Must be replaced with verified real evidence before launch.
NSA-3e7cd911-583780,/insights/ai-and-automation,INSH-01,editorial-avatar,neural-netwokrs,editorial-placeholder-only,False,Must be replaced with verified real evidence before launch.
NSA-c46fbf59-751046,/insights/pos-retail-and-inventory,INSH-06,editorial-avatar,neural-netwokrs,editorial-placeholder-only,False,Must be replaced with verified real evidence before launch.
NSA-84a965fb-700690,/insights/supply-chain-and-procurement,INSH-11,editorial-avatar,neural-netwokrs,editorial-placeholder-only,False,Must be replaced with verified real evidence before launch.
NSA-50050e96-938803,/insights/data-and-analytics,INSH-12,editorial-avatar,neural-netwokrs,editorial-placeholder-only,False,Must be replaced with verified real evidence before launch.
NSA-72b8b166-550542,/data-processing,LEG-004,editorial-avatar,neural-netwokrs,editorial-placeholder-only,False,Must be replaced with verified real evidence before launch.
NSA-52fc3536-648275,/ai-workflow-automation-a-practical-guide-for-operations-leaders,INS-0001,editorial-avatar,neural-netwokrs,editorial-placeholder-only,False,Must be replaced with verified real evidence before launch.
NSA-33d76c0d-1025279,/how-to-implement-ai-workflow-automation-without-disrupting-operations,INS-0002,editorial-avatar,neural-netwokrs,editorial-placeholder-only,False,Must be replaced with verified real evidence before launch.
NSA-d383e1bd-342195,/ai-workflow-automation-implementation-checklist-people-process-technology-and-controls,INS-0003,editorial-avatar,neural-netwokrs,editorial-placeholder-only,False,Must be replaced with verified real evidence before launch.
NSA-e68ab4d7-348579,/10-ai-workflow-automation-mistakes-that-increase-cost-risk-and-rework,INS-0004,editorial-avatar,neural-netwokrs,editorial-placeholder-only,False,Must be replaced with verified real evidence before launch.
NSA-ba856419-432192,/how-to-measure-the-roi-of-ai-workflow-automation,INS-0005,editorial-avatar,neural-netwokrs,editorial-placeholder-only,False,Must be replaced with verified real evidence before launch.
NSA-e002c555-457929,/ai-workflow-automation-in-house-team-vs-managed-service,INS-0006,editorial-avatar,neural-netwokrs,editorial-placeholder-only,False,Must be replaced with verified real evidence before launch.
NSA-7120f5c4-484660,/ai-workflow-automation-roadmap-from-assessment-to-continuous-improvement,INS-0007,editorial-avatar,neural-netwokrs,editorial-placeholder-only,False,Must be replaced with verified real evidence before launch.
NSA-110a5a53-568558,/ai-workflow-automation-use-cases-for-retail-services-and-software-businesses,INS-0008,editorial-avatar,neural-netwokrs,editorial-placeholder-only,False,Must be replaced with verified real evidence before launch.
NSA-0ff49f44-778157,/where-ai-and-automation-fit-into-ai-workflow-automation,INS-0009,editorial-avatar,neural-netwokrs,editorial-placeholder-only,False,Must be replaced with verified real evidence before launch.
NSA-4830432b-50998,/when-should-a-business-invest-in-ai-workflow-automation,INS-0010,editorial-avatar,neural-netwokrs,editorial-placeholder-only,False,Must be replaced with verified real evidence before launch.
NSA-602eee8b-4058965,/business-process-automation-a-practical-guide-for-operations-leaders,INS-0011,hero-media,neural-netwokrs,production-candidate,True,
NSA-49267663-435396,/how-to-implement-business-process-automation-without-disrupting-operations,INS-0012,hero-media,neural-netwokrs,production-candidate,True,
NSA-f9930001-1336831,/business-process-automation-implementation-checklist-people-process-technology-and-controls,INS-0013,hero-media,neural-netwokrs,production-candidate,True,
NSA-c690acc7-728984,/10-business-process-automation-mistakes-that-increase-cost-risk-and-rework,INS-0014,hero-media,neural-netwokrs,production-candidate,True,
NSA-1a79b2ff-683560,/how-to-measure-the-roi-of-business-process-automation,INS-0015,hero-media,neural-netwokrs,production-candidate,True,
NSA-fa99be03-381314,/business-process-automation-in-house-team-vs-managed-service,INS-0016,hero-media,neural-netwokrs,production-candidate,True,
NSA-f9229c59-459768,/business-process-automation-roadmap-from-assessment-to-continuous-improvement,INS-0017,hero-media,neural-netwokrs,production-candidate,True,
NSA-9576374f-205470,/business-process-automation-use-cases-for-retail-services-and-software-businesses,INS-0018,hero-media,neural-netwokrs,production-candidate,True,
NSA-4ee80c24-1103072,/where-ai-and-automation-fit-into-business-process-automation,INS-0019,hero-media,neural-netwokrs,production-candidate,True,
NSA-1b8b1194-1357479,/when-should-a-business-invest-in-business-process-automation,INS-0020,hero-media,neural-netwokrs,production-candidate,True,
NSA-199bbce9-1049998,/document-processing-automation-a-practical-guide-for-operations-leaders,INS-0021,hero-media,neural-netwokrs,production-candidate,True,
NSA-2dff53c8-1196707,/how-to-implement-document-processing-automation-without-disrupting-operations,INS-0022,hero-media,neural-netwokrs,production-candidate,True,
NSA-a0d6d228-417651,/document-processing-automation-implementation-checklist-people-process-technology-and-controls,INS-0023,hero-media,neural-netwokrs,production-candidate,True,
NSA-c204f1a6-1626721,/10-document-processing-automation-mistakes-that-increase-cost-risk-and-rework,INS-0024,hero-media,neural-netwokrs,production-candidate,True,
NSA-93bbeefa-850558,/how-to-measure-the-roi-of-document-processing-automation,INS-0025,hero-media,neural-netwokrs,production-candidate,True,
NSA-74c6568e-1399474,/document-processing-automation-in-house-team-vs-managed-service,INS-0026,hero-media,neural-netwokrs,production-candidate,True,
NSA-966d52e4-3332745,/document-processing-automation-roadmap-from-assessment-to-continuous-improvement,INS-0027,hero-media,neural-netwokrs,production-candidate,True,
NSA-e657cb51-998501,/document-processing-automation-use-cases-for-retail-services-and-software-businesses,INS-0028,hero-media,neural-netwokrs,production-candidate,True,
NSA-7abafd73-2347012,/where-ai-and-automation-fit-into-document-processing-automation,INS-0029,hero-media,neural-netwokrs,production-candidate,True,
NSA-ab0498bb-1790262,/when-should-a-business-invest-in-document-processing-automation,INS-0030,hero-media,neural-netwokrs,production-candidate,True,
NSA-3584f636-1547176,/customer-service-automation-a-practical-guide-for-operations-leaders,INS-0031,hero-media,neural-netwokrs,production-candidate,True,
NSA-b017b05e-661099,/how-to-implement-customer-service-automation-without-disrupting-operations,INS-0032,hero-media,neural-netwokrs,production-candidate,True,
NSA-567435ca-1193111,/customer-service-automation-implementation-checklist-people-process-technology-and-controls,INS-0033,hero-media,neural-netwokrs,production-candidate,True,
NSA-382f9d33-25807,/10-customer-service-automation-mistakes-that-increase-cost-risk-and-rework,INS-0034,hero-media,neural-netwokrs,production-candidate,True,
NSA-f2c29a66-679151,/how-to-measure-the-roi-of-customer-service-automation,INS-0035,hero-media,neural-netwokrs,production-candidate,True,
NSA-1e13aa83-606673,/customer-service-automation-in-house-team-vs-managed-service,INS-0036,hero-media,neural-netwokrs,production-candidate,True,
NSA-ffcf9088-747370,/customer-service-automation-roadmap-from-assessment-to-continuous-improvement,INS-0037,hero-media,neural-netwokrs,production-candidate,True,
NSA-8c6b64f6-30441,/customer-service-automation-use-cases-for-retail-services-and-software-businesses,INS-0038,hero-media,neural-netwokrs,production-candidate,True,
NSA-137f4bd2-9868,/where-ai-and-automation-fit-into-customer-service-automation,INS-0039,hero-media,neural-netwokrs,production-candidate,True,
NSA-8f6a1b4c-24290,/when-should-a-business-invest-in-customer-service-automation,INS-0040,hero-media,neural-netwokrs,production-candidate,True,
NSA-d0420d90-13140,/sales-automation-a-practical-guide-for-operations-leaders,INS-0041,hero-media,neural-netwokrs,production-candidate,True,
NSA-753ceb3f-19481,/how-to-implement-sales-automation-without-disrupting-operations,INS-0042,hero-media,neural-netwokrs,production-candidate,True,
NSA-21ffdedf-112939,/sales-automation-implementation-checklist-people-process-technology-and-controls,INS-0043,hero-media,neural-netwokrs,production-candidate,True,
NSA-60a3604a-8040,/10-sales-automation-mistakes-that-increase-cost-risk-and-rework,INS-0044,hero-media,neural-netwokrs,production-candidate,True,
NSA-978f76dd-40762,/how-to-measure-the-roi-of-sales-automation,INS-0045,hero-media,neural-netwokrs,production-candidate,True,
NSA-e0709e76-726616,/sales-automation-in-house-team-vs-managed-service,INS-0046,hero-media,neural-netwokrs,production-candidate,True,
NSA-fdce78a8-411453,/sales-automation-roadmap-from-assessment-to-continuous-improvement,INS-0047,hero-media,neural-netwokrs,production-candidate,True,
NSA-91ad740d-566532,/sales-automation-use-cases-for-retail-services-and-software-businesses,INS-0048,hero-media,neural-netwokrs,production-candidate,True,
NSA-fbac8109-252151,/where-ai-and-automation-fit-into-sales-automation,INS-0049,hero-media,neural-netwokrs,production-candidate,True,
NSA-6b24b4f8-113653,/when-should-a-business-invest-in-sales-automation,INS-0050,hero-media,neural-netwokrs,production-candidate,True,
NSA-d7828cde-115551,/finance-automation-a-practical-guide-for-operations-leaders,INS-0051,hero-media,neural-netwokrs,production-candidate,True,
NSA-befd5764-118615,/how-to-implement-finance-automation-without-disrupting-operations,INS-0052,hero-media,neural-netwokrs,production-candidate,True,
NSA-26c44150-37596,/finance-automation-implementation-checklist-people-process-technology-and-controls,INS-0053,hero-media,neural-netwokrs,production-candidate,True,
NSA-93b852ff-578130,/10-finance-automation-mistakes-that-increase-cost-risk-and-rework,INS-0054,hero-media,neural-netwokrs,production-candidate,True,
NSA-3028bcd2-43999,/how-to-measure-the-roi-of-finance-automation,INS-0055,hero-media,neural-netwokrs,production-candidate,True,
NSA-60181cea-170482,/finance-automation-in-house-team-vs-managed-service,INS-0056,hero-media,neural-netwokrs,production-candidate,True,
NSA-2bdc14df-251808,/finance-automation-roadmap-from-assessment-to-continuous-improvement,INS-0057,hero-media,neural-netwokrs,production-candidate,True,
NSA-ddcc7372-181976,/finance-automation-use-cases-for-retail-services-and-software-businesses,INS-0058,hero-media,neural-netwokrs,production-candidate,True,
NSA-04dc3064-123627,/where-ai-and-automation-fit-into-finance-automation,INS-0059,hero-media,neural-netwokrs,production-candidate,True,
NSA-818f6da8-753345,/when-should-a-business-invest-in-finance-automation,INS-0060,hero-media,neural-netwokrs,production-candidate,True,
NSA-8f8bfb2b-840038,/inventory-automation-a-practical-guide-for-operations-leaders,INS-0061,hero-media,neural-netwokrs,production-candidate,True,
NSA-71bd726d-1890992,/how-to-implement-inventory-automation-without-disrupting-operations,INS-0062,hero-media,neural-netwokrs,production-candidate,True,
NSA-1eaae174-1081646,/inventory-automation-implementation-checklist-people-process-technology-and-controls,INS-0063,hero-media,neural-netwokrs,production-candidate,True,
NSA-d03414e6-1059345,/10-inventory-automation-mistakes-that-increase-cost-risk-and-rework,INS-0064,hero-media,neural-netwokrs,production-candidate,True,
NSA-89605d90-287,/about,COR-002,component-icon,nexsas-1-to-37,production-candidate,True,
NSA-4c843c03-394,/about/leadership,COR-003,component-icon,nexsas-1-to-37,production-candidate,True,
NSA-bba900ad-321,/about/team,COR-004,component-icon,nexsas-1-to-37,production-candidate,True,
NSA-8968c8ea-548,/services,SRV-000,component-icon,nexsas-1-to-37,production-candidate,True,
NSA-3ce8bf08-4651,/services/ai-automation,SRV-001,client-logo-placeholder,nexsas-1-to-37,replace-before-launch,False,Must be replaced with verified real evidence before launch.
NSA-74f2f83f-4651,/services/ai-automation/ai-workflow-automation,SRV-001-1,client-logo-placeholder,nexsas-1-to-37,replace-before-launch,False,Must be replaced with verified real evidence before launch.
NSA-e70b66a4-4269,/services/ai-automation/business-process-automation,SRV-001-2,client-logo-placeholder,nexsas-1-to-37,replace-before-launch,False,Must be replaced with verified real evidence before launch.
NSA-2b72a3e1-4269,/services/ai-automation/document-processing-automation,SRV-001-3,client-logo-placeholder,nexsas-1-to-37,replace-before-launch,False,Must be replaced with verified real evidence before launch.
NSA-234833cb-6246,/services/custom-software-development,SRV-002,client-logo-placeholder,nexsas-1-to-37,replace-before-launch,False,Must be replaced with verified real evidence before launch.
NSA-fdcce00b-6246,/services/custom-software-development/custom-software-development,SRV-002-1,client-logo-placeholder,nexsas-1-to-37,replace-before-launch,False,Must be replaced with verified real evidence before launch.
NSA-393553b1-3892,/services/custom-software-development/custom-software-cost,SRV-002-2,client-logo-placeholder,nexsas-1-to-37,replace-before-launch,False,Must be replaced with verified real evidence before launch.
NSA-4e84d288-3892,/services/custom-software-development/software-requirements,SRV-002-3,client-logo-placeholder,nexsas-1-to-37,replace-before-launch,False,Must be replaced with verified real evidence before launch.
NSA-378fdb28-3772,/services/digital-product-design,SRV-003,client-logo-placeholder,nexsas-1-to-37,replace-before-launch,False,Must be replaced with verified real evidence before launch.
NSA-2c920e84-3772,/services/digital-product-design/product-discovery,SRV-003-1,client-logo-placeholder,nexsas-1-to-37,replace-before-launch,False,Must be replaced with verified real evidence before launch.
NSA-21702ff1-1144,/services/digital-product-design/ux-research,SRV-003-2,component-icon,nexsas-1-to-37,production-candidate,True,
NSA-ae0f94d9-602,/services/digital-product-design/digital-product-strategy,SRV-003-3,component-icon,nexsas-1-to-37,production-candidate,True,
NSA-b9b3ff74-657,/services/web-digital-experiences,SRV-004,component-icon,nexsas-1-to-37,production-candidate,True,
NSA-816dc708-407,/services/web-digital-experiences/b2b-web-design,SRV-004-1,component-icon,nexsas-1-to-37,production-candidate,True,
NSA-668185b0-462,/services/web-digital-experiences/corporate-website-redesign,SRV-004-2,component-icon,nexsas-1-to-37,production-candidate,True,
NSA-70e1854b-1310,/services/web-digital-experiences/headless-cms-development,SRV-004-3,component-icon,nexsas-1-to-37,production-candidate,True,
NSA-b0bf9df1-1350,/services/ecommerce-unified-commerce,SRV-005,component-icon,nexsas-1-to-37,production-candidate,True,
NSA-1832b89b-1447,/services/ecommerce-unified-commerce/ecommerce-development,SRV-005-1,component-icon,nexsas-1-to-37,production-candidate,True,
NSA-4ac99fd0-2002,/services/ecommerce-unified-commerce/ecommerce-platform-selection,SRV-005-2,component-icon,nexsas-1-to-37,production-candidate,True,
NSA-bf93ec40-4229,/services/ecommerce-unified-commerce/headless-commerce,SRV-005-3,component-icon,nexsas-1-to-37,production-candidate,True,
NSA-16c4b1c6-1106,/services/pos-retail-inventory,SRV-006,component-icon,nexsas-1-to-37,production-candidate,True,
NSA-4f9eb939-2499,/services/pos-retail-inventory/pos-system,SRV-006-1,component-icon,nexsas-1-to-37,production-candidate,True,
NSA-2fd31d80-1378,/services/pos-retail-inventory/offline-pos-system,SRV-006-2,component-icon,nexsas-1-to-37,production-candidate,True,
NSA-f06fef9e-1376,/services/pos-retail-inventory/inventory-accuracy,SRV-006-3,component-icon,nexsas-1-to-37,production-candidate,True,
NSA-95f58854-633,/services/managed-business-operations,SRV-007,component-icon,nexsas-1-to-37,production-candidate,True,
NSA-2e6d7003-625,/services/managed-business-operations/business-process-outsourcing,SRV-007-1,component-icon,nexsas-1-to-37,production-candidate,True,
NSA-73cc3887-989,/services/managed-business-operations/managed-business-operations,SRV-007-2,component-icon,nexsas-1-to-37,production-candidate,True,
NSA-9a800f87-495,/services/managed-business-operations/build-operate-transfer,SRV-007-3,component-icon,nexsas-1-to-37,production-candidate,True,
NSA-9d0956f1-29505,/services/finance-operations,SRV-008,icon-illustration,nexsas-1-to-37,production-candidate,True,
NSA-d20a74f9-19502,/services/finance-operations/accounts-payable-outsourcing,SRV-008-1,hero-media,nexsas-1-to-37,production-candidate,True,
NSA-9f181263-33190,/services/finance-operations/accounts-receivable-outsourcing,SRV-008-2,hero-media,nexsas-1-to-37,production-candidate,True,
NSA-bac81647-16935,/services/finance-operations/bank-reconciliation-services,SRV-008-3,hero-media,nexsas-1-to-37,production-candidate,True,
NSA-dfba8da9-211846,/services/customer-experience-operations,SRV-009,icon-illustration,nexsas-1-to-37,production-candidate,True,
NSA-225b6b55-1298742,/services/customer-experience-operations/customer-support-outsourcing,SRV-009-1,hero-media,nexsas-1-to-37,production-candidate,True,
NSA-81e99be7-714323,/services/customer-experience-operations/omnichannel-customer-service,SRV-009-2,hero-media,nexsas-1-to-37,production-candidate,True,
NSA-dbc3335d-34610,/services/customer-experience-operations/customer-service-ticketing,SRV-009-3,hero-media,nexsas-1-to-37,production-candidate,True,
NSA-6bfe3037-22019,/services/product-operations,SRV-010,hero-media,nexsas-1-to-37,production-candidate,True,
NSA-80b587c4-29229,/services/product-operations/product-operations,SRV-010-1,hero-media,nexsas-1-to-37,production-candidate,True,
NSA-5a2184b2-14522,/services/product-operations/product-backlog-management,SRV-010-2,hero-media,nexsas-1-to-37,production-candidate,True,
NSA-7c9c0f10-27739,/services/product-operations/release-management,SRV-010-3,hero-media,nexsas-1-to-37,production-candidate,True,
NSA-5c614d2b-1066476,/services/supply-chain-procurement-operations,SRV-011,hero-media,nexsas-1-to-37,production-candidate,True,
NSA-907b76ba-50062,/services/supply-chain-procurement-operations/procurement-outsourcing,SRV-011-1,hero-media,nexsas-1-to-37,production-candidate,True,
NSA-c356429d-1822384,/services/supply-chain-procurement-operations/supplier-onboarding,SRV-011-2,hero-media,nexsas-1-to-37,production-candidate,True,
NSA-f843b34d-21699,/services/supply-chain-procurement-operations/purchase-order-management,SRV-011-3,hero-media,nexsas-1-to-37,production-candidate,True,
NSA-206ae34b-172057,/services/data-analytics-reporting,SRV-012,hero-media,nexsas-1-to-37,production-candidate,True,
NSA-a206f526-152479,/services/data-analytics-reporting/master-data-management,SRV-012-1,hero-media,nexsas-1-to-37,production-candidate,True,
NSA-81b60a64-395094,/services/data-analytics-reporting/data-cleaning-services,SRV-012-2,hero-media,nexsas-1-to-37,production-candidate,True,
NSA-b71bd790-14944,/services/data-analytics-reporting/business-intelligence-dashboards,SRV-012-3,hero-media,nexsas-1-to-37,production-candidate,True,
NSA-3460255e-25113,/services/seo-digital-growth,SRV-013,hero-media,nexsas-1-to-37,production-candidate,True,
NSA-7c91a163-10124,/services/seo-digital-growth/technical-seo,SRV-013-1,hero-media,nexsas-1-to-37,production-candidate,True,
NSA-497df381-1855529,/services/seo-digital-growth/b2b-seo,SRV-013-2,icon-illustration,nexsas-1-to-37,production-candidate,True,
NSA-4a53fd86-6499,/services/seo-digital-growth/international-seo,SRV-013-3,hero-media,nexsas-1-to-37,production-candidate,True,
NSA-985e6cd1-62999,/services/cloud-integration-it-operations,SRV-014,hero-media,nexsas-1-to-37,production-candidate,True,
NSA-97177a01-200181,/services/cloud-integration-it-operations/cloud-migration,SRV-014-1,hero-media,nexsas-1-to-37,production-candidate,True,
NSA-88057663-373746,/services/cloud-integration-it-operations/api-integration,SRV-014-2,hero-media,nexsas-1-to-37,production-candidate,True,
NSA-e6dae745-154056,/services/cloud-integration-it-operations/identity-and-access-management,SRV-014-3,hero-media,nexsas-1-to-37,production-candidate,True,
NSA-8b69e17e-59067,/services/business-transformation-strategy,SRV-015,hero-media,nexsas-1-to-37,production-candidate,True,
NSA-9d2cd603-52956,/services/business-transformation-strategy/digital-transformation-strategy,SRV-015-1,hero-media,nexsas-1-to-37,production-candidate,True,
NSA-a1e52ff7-112796,/services/business-transformation-strategy/business-operating-model,SRV-015-2,hero-media,nexsas-1-to-37,production-candidate,True,
NSA-439aed55-43266,/services/business-transformation-strategy/business-process-mapping,SRV-015-3,hero-media,nexsas-1-to-37,production-candidate,True,
NSA-0448840b-50979,/solutions,SOL-000,hero-media,nexsas-1-to-37,production-candidate,True,
NSA-38495dfc-84403,/solutions/ai-and-automation-for-growing-businesses,SOL-001,hero-media,nexsas-1-to-37,production-candidate,True,
NSA-2613fcc6-302500,/solutions/ai-and-automation-transformation-and-managed-delivery,SOL-002,hero-media,nexsas-1-to-37,production-candidate,True,
NSA-99e4681f-177114,/solutions/custom-software-for-growing-businesses,SOL-003,hero-media,nexsas-1-to-37,production-candidate,True,
NSA-680723a8-155282,/solutions/custom-software-transformation-and-managed-delivery,SOL-004,hero-media,nexsas-1-to-37,production-candidate,True,
NSA-dd20965a-506952,/solutions/digital-product-design-for-growing-businesses,SOL-005,hero-media,nexsas-1-to-37,production-candidate,True,
NSA-7658a524-20730,/solutions/digital-product-design-transformation-and-managed-delivery,SOL-006,hero-media,nexsas-1-to-37,production-candidate,True,
NSA-91c0e5f0-341579,/solutions/web-and-digital-experiences-for-growing-businesses,SOL-007,hero-media,nexsas-1-to-37,production-candidate,True,
NSA-7bcb777a-114549,/solutions/web-and-digital-experiences-transformation-and-managed-delivery,SOL-008,hero-media,nexsas-1-to-37,production-candidate,True,
NSA-a3a86868-20701,/solutions/ecommerce-and-unified-commerce-for-growing-businesses,SOL-009,hero-media,nexsas-1-to-37,production-candidate,True,
NSA-b0545557-1236,/solutions/ecommerce-and-unified-commerce-transformation-and-managed-delivery,SOL-010,hero-media,nexsas-1-to-37,production-candidate,True,
NSA-c09e455a-16378,/solutions/pos-retail-and-inventory-for-growing-businesses,SOL-011,hero-media,nexsas-1-to-37,production-candidate,True,
NSA-c5d35504-66727,/solutions/pos-retail-and-inventory-transformation-and-managed-delivery,SOL-012,hero-media,nexsas-1-to-37,production-candidate,True,
NSA-185e4dfe-314836,/solutions/managed-business-operations-for-growing-businesses,SOL-013,hero-media,nexsas-1-to-37,production-candidate,True,
NSA-ccc4bc17-17788,/solutions/managed-business-operations-transformation-and-managed-delivery,SOL-014,hero-media,nexsas-1-to-37,production-candidate,True,
NSA-7c91979b-15687,/solutions/finance-operations-for-growing-businesses,SOL-015,hero-media,nexsas-1-to-37,production-candidate,True,
NSA-27f662dd-26331,/solutions/finance-operations-transformation-and-managed-delivery,SOL-016,hero-media,nexsas-1-to-37,production-candidate,True,
NSA-25554e33-19828,/solutions/customer-experience-operations-for-growing-businesses,SOL-017,hero-media,nexsas-1-to-37,production-candidate,True,
NSA-462b7d4d-4142,/solutions/customer-experience-operations-transformation-and-managed-delivery,SOL-018,icon-illustration,nexsas-1-to-37,production-candidate,True,
NSA-3296b1a2-12412,/solutions/product-operations-for-growing-businesses,SOL-019,hero-media,nexsas-1-to-37,production-candidate,True,
NSA-150940a1-463763,/solutions/product-operations-transformation-and-managed-delivery,SOL-020,hero-media,nexsas-1-to-37,production-candidate,True,
NSA-b9aaefff-43846,/solutions/supply-chain-and-procurement-for-growing-businesses,SOL-021,hero-media,nexsas-1-to-37,production-candidate,True,
NSA-9857f4b0-18298,/solutions/supply-chain-and-procurement-transformation-and-managed-delivery,SOL-022,hero-media,nexsas-1-to-37,production-candidate,True,
NSA-9c3cf73b-388799,/solutions/data-and-analytics-for-growing-businesses,SOL-023,hero-media,nexsas-1-to-37,production-candidate,True,
NSA-7136dc38-74970,/solutions/data-and-analytics-transformation-and-managed-delivery,SOL-024,icon-illustration,nexsas-1-to-37,production-candidate,True,
NSA-3805cf0d-1001975,/solutions/seo-and-digital-growth-for-growing-businesses,SOL-025,hero-media,nexsas-1-to-37,production-candidate,True,
NSA-de33fe18-689378,/solutions/seo-and-digital-growth-transformation-and-managed-delivery,SOL-026,hero-media,nexsas-1-to-37,production-candidate,True,
NSA-3516e8ae-210629,/solutions/cloud-integration-and-it-operations-for-growing-businesses,SOL-027,hero-media,nexsas-1-to-37,production-candidate,True,
NSA-4bed218a-170088,/solutions/cloud-integration-and-it-operations-transformation-and-managed-delivery,SOL-028,hero-media,nexsas-1-to-37,production-candidate,True,
NSA-d31fca05-25174,/solutions/business-transformation-and-strategy-for-growing-businesses,SOL-029,hero-media,nexsas-1-to-37,production-candidate,True,
NSA-dc6e676a-147952,/solutions/business-transformation-and-strategy-transformation-and-managed-delivery,SOL-030,hero-media,nexsas-1-to-37,production-candidate,True,
NSA-7f4f809c-9057,/industries/professional-services,IND-005,hero-media,nexsas-1-to-37,production-candidate,True,
NSA-99c4b2da-16870,/industries/financial-services,IND-006,hero-media,nexsas-1-to-37,production-candidate,True,
NSA-6ace7d17-198011,/industries/restaurants-and-food-service,IND-009,hero-media,nexsas-1-to-37,production-candidate,True,
NSA-69be2358-18252,/products,PRD-000,hero-media,nexsas-1-to-37,production-candidate,True,
NSA-2ceed6b3-67842,/products/afluma-commerce,PRD-001,icon-illustration,nexsas-1-to-37,production-candidate,True,
NSA-f2702f7e-60050,/products/serenops,PRD-002,hero-media,nexsas-1-to-37,production-candidate,True,
NSA-b3407331-36715,/products/daily-fitness,PRD-003,icon-illustration,nexsas-1-to-37,production-candidate,True,
NSA-a4bb4bda-16730,/insights,INS-0000,hero-media,nexsas-1-to-37,production-candidate,True,
NSA-e66b05c2-6141,/insights/ai-and-automation,INSH-01,hero-media,nexsas-1-to-37,production-candidate,True,
NSA-73e37c48-38336,/insights/custom-software,INSH-02,icon-illustration,nexsas-1-to-37,production-candidate,True,
NSA-d3b5c6e9-368788,/insights/digital-product-design,INSH-03,hero-media,nexsas-1-to-37,production-candidate,True,
NSA-8c200960-28063,/insights/web-and-digital-experiences,INSH-04,hero-media,nexsas-1-to-37,production-candidate,True,
NSA-b1b37898-43456,/insights/ecommerce-and-unified-commerce,INSH-05,hero-media,nexsas-1-to-37,production-candidate,True,
NSA-65992d3d-43000,/insights/pos-retail-and-inventory,INSH-06,hero-media,nexsas-1-to-37,production-candidate,True,
NSA-8ff3c96d-31777,/insights/managed-business-operations,INSH-07,hero-media,nexsas-1-to-37,production-candidate,True,
NSA-63c00665-7441,/insights/finance-operations,INSH-08,hero-media,nexsas-1-to-37,production-candidate,True,
NSA-63efbc04-21003,/insights/customer-experience-operations,INSH-09,hero-media,nexsas-1-to-37,production-candidate,True,
NSA-fba12923-528527,/insights/product-operations,INSH-10,hero-media,nexsas-1-to-37,production-candidate,True,
NSA-8c2ed5ee-130453,/insights/supply-chain-and-procurement,INSH-11,hero-media,nexsas-1-to-37,production-candidate,True,
NSA-7bf2bc60-18612,/insights/data-and-analytics,INSH-12,hero-media,nexsas-1-to-37,production-candidate,True,
NSA-e3afbc09-2932,/insights/seo-and-digital-growth,INSH-13,hero-media,nexsas-1-to-37,production-candidate,True,
NSA-b82b672d-942529,/insights/cloud-integration-and-it-operations,INSH-14,hero-media,nexsas-1-to-37,production-candidate,True,
NSA-a1c99630-1719970,/insights/business-transformation-and-strategy,INSH-15,hero-media,nexsas-1-to-37,production-candidate,True,
NSA-41d0cb70-16040,/ai-workflow-automation-a-practical-guide-for-operations-leaders,INS-0001,hero-media,nexsas-1-to-37,production-candidate,True,
NSA-7afbd556-77726,/how-to-implement-ai-workflow-automation-without-disrupting-operations,INS-0002,hero-media,nexsas-1-to-37,production-candidate,True,
NSA-39d2da65-892017,/ai-workflow-automation-implementation-checklist-people-process-technology-and-controls,INS-0003,hero-media,nexsas-1-to-37,production-candidate,True,
NSA-9f2755f9-1047389,/10-ai-workflow-automation-mistakes-that-increase-cost-risk-and-rework,INS-0004,hero-media,nexsas-1-to-37,production-candidate,True,
NSA-6673985f-668081,/how-to-measure-the-roi-of-ai-workflow-automation,INS-0005,hero-media,nexsas-1-to-37,production-candidate,True,
NSA-8dd9eb5a-319561,/ai-workflow-automation-in-house-team-vs-managed-service,INS-0006,hero-media,nexsas-1-to-37,production-candidate,True,
NSA-1fe572b2-15673,/ai-workflow-automation-roadmap-from-assessment-to-continuous-improvement,INS-0007,hero-media,nexsas-1-to-37,production-candidate,True,
NSA-300f6f94-254436,/ai-workflow-automation-use-cases-for-retail-services-and-software-businesses,INS-0008,hero-media,nexsas-1-to-37,production-candidate,True,
NSA-a5ee676c-13946,/where-ai-and-automation-fit-into-ai-workflow-automation,INS-0009,hero-media,nexsas-1-to-37,production-candidate,True,
NSA-a1d5afed-132077,/when-should-a-business-invest-in-ai-workflow-automation,INS-0010,hero-media,nexsas-1-to-37,production-candidate,True,
NSA-6fe79718-1300,/business-process-automation-a-practical-guide-for-operations-leaders,INS-0011,icon-illustration,nexsas-1-to-37,production-candidate,True,
NSA-eaad9a8b-16077,/how-to-implement-business-process-automation-without-disrupting-operations,INS-0012,icon-illustration,nexsas-1-to-37,production-candidate,True,
NSA-4f4b178d-51538,/business-process-automation-implementation-checklist-people-process-technology-and-controls,INS-0013,icon-illustration,nexsas-1-to-37,production-candidate,True,
NSA-81a9ba4a-188740,/10-business-process-automation-mistakes-that-increase-cost-risk-and-rework,INS-0014,hero-media,nexsas-1-to-37,production-candidate,True,
NSA-41d0b22a-5320283,/how-to-measure-the-roi-of-business-process-automation,INS-0015,icon-illustration,nexsas-1-to-37,production-candidate,True,
NSA-ef9d2e5e-83628,/business-process-automation-in-house-team-vs-managed-service,INS-0016,icon-illustration,nexsas-1-to-37,production-candidate,True,
NSA-715a5acc-159247,/business-process-automation-roadmap-from-assessment-to-continuous-improvement,INS-0017,hero-media,nexsas-1-to-37,production-candidate,True,
NSA-f7da7df5-18710,/business-process-automation-use-cases-for-retail-services-and-software-businesses,INS-0018,hero-media,nexsas-1-to-37,production-candidate,True,
NSA-659da817-1807963,/where-ai-and-automation-fit-into-business-process-automation,INS-0019,hero-media,nexsas-1-to-37,production-candidate,True,
NSA-14b0168b-2099656,/when-should-a-business-invest-in-business-process-automation,INS-0020,hero-media,nexsas-1-to-37,production-candidate,True,
NSA-42f4b430-178608,/document-processing-automation-a-practical-guide-for-operations-leaders,INS-0021,hero-media,nexsas-1-to-37,production-candidate,True,
NSA-0b1a7580-3847056,/how-to-implement-document-processing-automation-without-disrupting-operations,INS-0022,hero-media,nexsas-1-to-37,production-candidate,True,
NSA-e8700cb3-349289,/document-processing-automation-implementation-checklist-people-process-technology-and-controls,INS-0023,hero-media,nexsas-1-to-37,production-candidate,True,
NSA-7cc61cc1-7504276,/10-document-processing-automation-mistakes-that-increase-cost-risk-and-rework,INS-0024,hero-media,nexsas-1-to-37,production-candidate,True,
NSA-e036f810-23758,/how-to-measure-the-roi-of-document-processing-automation,INS-0025,hero-media,nexsas-1-to-37,production-candidate,True,
NSA-b5b63c94-65400,/document-processing-automation-in-house-team-vs-managed-service,INS-0026,hero-media,nexsas-1-to-37,production-candidate,True,
NSA-e4ea3559-17327,/document-processing-automation-roadmap-from-assessment-to-continuous-improvement,INS-0027,hero-media,nexsas-1-to-37,production-candidate,True,
NSA-e0405e45-49249,/document-processing-automation-use-cases-for-retail-services-and-software-businesses,INS-0028,hero-media,nexsas-1-to-37,production-candidate,True,
NSA-ae9a90c0-1719689,/where-ai-and-automation-fit-into-document-processing-automation,INS-0029,hero-media,nexsas-1-to-37,production-candidate,True,
NSA-23b733aa-186646,/when-should-a-business-invest-in-document-processing-automation,INS-0030,hero-media,nexsas-1-to-37,production-candidate,True,
NSA-52a21855-16385,/customer-service-automation-a-practical-guide-for-operations-leaders,INS-0031,hero-media,nexsas-1-to-37,production-candidate,True,
NSA-e5a99426-1123290,/how-to-implement-customer-service-automation-without-disrupting-operations,INS-0032,hero-media,nexsas-1-to-37,production-candidate,True,
NSA-27654eea-981770,/customer-service-automation-implementation-checklist-people-process-technology-and-controls,INS-0033,hero-media,nexsas-1-to-37,production-candidate,True,
NSA-690f47cb-719573,/10-customer-service-automation-mistakes-that-increase-cost-risk-and-rework,INS-0034,hero-media,nexsas-1-to-37,production-candidate,True,
NSA-bc7e2f72-30794,/how-to-measure-the-roi-of-customer-service-automation,INS-0035,icon-illustration,nexsas-1-to-37,production-candidate,True,
NSA-c7b11aef-1247158,/customer-service-automation-in-house-team-vs-managed-service,INS-0036,hero-media,nexsas-1-to-37,production-candidate,True,
NSA-be244cb9-114565,/customer-service-automation-roadmap-from-assessment-to-continuous-improvement,INS-0037,hero-media,nexsas-1-to-37,production-candidate,True,
NSA-e7c0e57c-16277,/customer-service-automation-use-cases-for-retail-services-and-software-businesses,INS-0038,hero-media,nexsas-1-to-37,production-candidate,True,
NSA-7dedfc34-18272,/where-ai-and-automation-fit-into-customer-service-automation,INS-0039,hero-media,nexsas-1-to-37,production-candidate,True,
NSA-39fe6585-19533,/when-should-a-business-invest-in-customer-service-automation,INS-0040,icon-illustration,nexsas-1-to-37,production-candidate,True,
NSA-0f28adad-4123103,/sales-automation-a-practical-guide-for-operations-leaders,INS-0041,hero-media,nexsas-1-to-37,production-candidate,True,
NSA-f47917f4-574200,/how-to-implement-sales-automation-without-disrupting-operations,INS-0042,hero-media,nexsas-1-to-37,production-candidate,True,
NSA-97f21b00-713377,/sales-automation-implementation-checklist-people-process-technology-and-controls,INS-0043,hero-media,nexsas-1-to-37,production-candidate,True,
NSA-466ddf84-597983,/10-sales-automation-mistakes-that-increase-cost-risk-and-rework,INS-0044,hero-media,nexsas-1-to-37,production-candidate,True,
NSA-30235d83-490446,/how-to-measure-the-roi-of-sales-automation,INS-0045,hero-media,nexsas-1-to-37,production-candidate,True,
NSA-78de2bbc-8487,/sales-automation-in-house-team-vs-managed-service,INS-0046,icon-illustration,nexsas-1-to-37,production-candidate,True,
NSA-9f1788a2-12104,/sales-automation-roadmap-from-assessment-to-continuous-improvement,INS-0047,hero-media,nexsas-1-to-37,production-candidate,True,
NSA-67164d98-10441,/sales-automation-use-cases-for-retail-services-and-software-businesses,INS-0048,hero-media,nexsas-1-to-37,production-candidate,True,
NSA-2e8df7d2-4180,/where-ai-and-automation-fit-into-sales-automation,INS-0049,icon-illustration,nexsas-1-to-37,production-candidate,True,
NSA-4ec0a1fc-13582,/when-should-a-business-invest-in-sales-automation,INS-0050,hero-media,nexsas-1-to-37,production-candidate,True,
NSA-f6aa8478-14304,/finance-automation-a-practical-guide-for-operations-leaders,INS-0051,hero-media,nexsas-1-to-37,production-candidate,True,
NSA-f9bd6dfa-42348,/how-to-implement-finance-automation-without-disrupting-operations,INS-0052,hero-media,nexsas-1-to-37,production-candidate,True,
NSA-2e812b2b-22272,/finance-automation-implementation-checklist-people-process-technology-and-controls,INS-0053,hero-media,nexsas-1-to-37,production-candidate,True,
NSA-b801a6c3-6750,/10-finance-automation-mistakes-that-increase-cost-risk-and-rework,INS-0054,hero-media,nexsas-1-to-37,production-candidate,True,
NSA-09c01e7f-60235,/how-to-measure-the-roi-of-finance-automation,INS-0055,hero-media,nexsas-1-to-37,production-candidate,True,
NSA-e4781b46-170799,/finance-automation-in-house-team-vs-managed-service,INS-0056,hero-media,nexsas-1-to-37,production-candidate,True,
NSA-e8afb94a-21112,/finance-automation-roadmap-from-assessment-to-continuous-improvement,INS-0057,hero-media,nexsas-1-to-37,production-candidate,True,
NSA-87fde56c-90715,/finance-automation-use-cases-for-retail-services-and-software-businesses,INS-0058,hero-media,nexsas-1-to-37,production-candidate,True,
NSA-fb5f2a39-6894081,/where-ai-and-automation-fit-into-finance-automation,INS-0059,hero-media,nexsas-1-to-37,production-candidate,True,
NSA-0515f4e7-27585,/when-should-a-business-invest-in-finance-automation,INS-0060,hero-media,nexsas-1-to-37,production-candidate,True,
NSA-badedfb6-2256069,/inventory-automation-a-practical-guide-for-operations-leaders,INS-0061,icon-illustration,nexsas-1-to-37,production-candidate,True,
NSA-d6fd1566-38148,/how-to-implement-inventory-automation-without-disrupting-operations,INS-0062,hero-media,nexsas-1-to-37,production-candidate,True,
NSA-45f339ff-60255,/inventory-automation-implementation-checklist-people-process-technology-and-controls,INS-0063,hero-media,nexsas-1-to-37,production-candidate,True,
NSA-e685ef1c-18024,/10-inventory-automation-mistakes-that-increase-cost-risk-and-rework,INS-0064,hero-media,nexsas-1-to-37,production-candidate,True,
NSA-96bcec8b-117851,/how-to-measure-the-roi-of-inventory-automation,INS-0065,hero-media,nexsas-1-to-37,production-candidate,True,
NSA-799343ae-58380,/inventory-automation-in-house-team-vs-managed-service,INS-0066,hero-media,nexsas-1-to-37,production-candidate,True,
NSA-db3543d5-36959,/inventory-automation-roadmap-from-assessment-to-continuous-improvement,INS-0067,hero-media,nexsas-1-to-37,production-candidate,True,
NSA-b656540f-35259,/inventory-automation-use-cases-for-retail-services-and-software-businesses,INS-0068,hero-media,nexsas-1-to-37,production-candidate,True,
NSA-0815f0cf-66339,/where-ai-and-automation-fit-into-inventory-automation,INS-0069,hero-media,nexsas-1-to-37,production-candidate,True,
NSA-ba1cf13b-756525,/when-should-a-business-invest-in-inventory-automation,INS-0070,hero-media,nexsas-1-to-37,production-candidate,True,
NSA-8828cc7a-24720,/ai-governance-a-practical-guide-for-operations-leaders,INS-0071,hero-media,nexsas-1-to-37,production-candidate,True,
NSA-199c6e0f-63500,/how-to-implement-ai-governance-without-disrupting-operations,INS-0072,hero-media,nexsas-1-to-37,production-candidate,True,
NSA-b68b2d1c-16622,/ai-governance-implementation-checklist-people-process-technology-and-controls,INS-0073,hero-media,nexsas-1-to-37,production-candidate,True,
NSA-dd5a6a76-49268,/10-ai-governance-mistakes-that-increase-cost-risk-and-rework,INS-0074,hero-media,nexsas-1-to-37,production-candidate,True,
NSA-ddf5e14c-118129,/how-to-measure-the-roi-of-ai-governance,INS-0075,hero-media,nexsas-1-to-37,production-candidate,True,
NSA-6011516f-19207,/ai-governance-in-house-team-vs-managed-service,INS-0076,hero-media,nexsas-1-to-37,production-candidate,True,
NSA-548ac9d1-285604,/ai-governance-roadmap-from-assessment-to-continuous-improvement,INS-0077,hero-media,nexsas-1-to-37,production-candidate,True,
NSA-39358e3e-20668,/ai-governance-use-cases-for-retail-services-and-software-businesses,INS-0078,hero-media,nexsas-1-to-37,production-candidate,True,
NSA-565a4a1c-18034,/where-ai-and-automation-fit-into-ai-governance,INS-0079,hero-media,nexsas-1-to-37,production-candidate,True,
NSA-c85c02a6-14633,/when-should-a-business-invest-in-ai-governance,INS-0080,hero-media,nexsas-1-to-37,production-candidate,True,
NSA-1bf2cf23-367684,/agentic-ai-for-business-a-practical-guide-for-operations-leaders,INS-0081,hero-media,nexsas-1-to-37,production-candidate,True,
NSA-cd92734d-18946,/how-to-implement-agentic-ai-for-business-without-disrupting-operations,INS-0082,hero-media,nexsas-1-to-37,production-candidate,True,
NSA-5875a927-44760,/agentic-ai-for-business-implementation-checklist-people-process-technology-and-controls,INS-0083,hero-media,nexsas-1-to-37,production-candidate,True,
NSA-8959be09-58372,/10-agentic-ai-for-business-mistakes-that-increase-cost-risk-and-rework,INS-0084,hero-media,nexsas-1-to-37,production-candidate,True,
NSA-10624ba4-20685,/how-to-measure-the-roi-of-agentic-ai-for-business,INS-0085,hero-media,nexsas-1-to-37,production-candidate,True,
NSA-daac79d7-611112,/agentic-ai-for-business-in-house-team-vs-managed-service,INS-0086,hero-media,nexsas-1-to-37,production-candidate,True,
NSA-ace6e4c3-516877,/agentic-ai-for-business-roadmap-from-assessment-to-continuous-improvement,INS-0087,hero-media,nexsas-1-to-37,production-candidate,True,
NSA-f6b94c47-605519,/agentic-ai-for-business-use-cases-for-retail-services-and-software-businesses,INS-0088,hero-media,nexsas-1-to-37,production-candidate,True,
NSA-c68a1ce2-160521,/where-ai-and-automation-fit-into-agentic-ai-for-business,INS-0089,hero-media,nexsas-1-to-37,production-candidate,True,
NSA-24decc25-142899,/when-should-a-business-invest-in-agentic-ai-for-business,INS-0090,hero-media,nexsas-1-to-37,production-candidate,True,
NSA-dcde8cb9-137054,/rpa-modernization-a-practical-guide-for-operations-leaders,INS-0091,hero-media,nexsas-1-to-37,production-candidate,True,
NSA-abebd831-453520,/how-to-implement-rpa-modernization-without-disrupting-operations,INS-0092,hero-media,nexsas-1-to-37,production-candidate,True,
NSA-aa6dc30f-492369,/rpa-modernization-implementation-checklist-people-process-technology-and-controls,INS-0093,hero-media,nexsas-1-to-37,production-candidate,True,
NSA-6b0bb024-228041,/10-rpa-modernization-mistakes-that-increase-cost-risk-and-rework,INS-0094,hero-media,nexsas-1-to-37,production-candidate,True,
NSA-026639cd-83628,/how-to-measure-the-roi-of-rpa-modernization,INS-0095,icon-illustration,nexsas-1-to-37,production-candidate,True,
NSA-c62b91fa-475754,/rpa-modernization-in-house-team-vs-managed-service,INS-0096,hero-media,nexsas-1-to-37,production-candidate,True,
NSA-1969f774-665334,/rpa-modernization-roadmap-from-assessment-to-continuous-improvement,INS-0097,hero-media,nexsas-1-to-37,production-candidate,True,
NSA-0154a4ce-110988,/rpa-modernization-use-cases-for-retail-services-and-software-businesses,INS-0098,icon-illustration,nexsas-1-to-37,production-candidate,True,
NSA-61fbab76-619578,/where-ai-and-automation-fit-into-rpa-modernization,INS-0099,hero-media,nexsas-1-to-37,production-candidate,True,
NSA-42a463a1-778102,/when-should-a-business-invest-in-rpa-modernization,INS-0100,hero-media,nexsas-1-to-37,production-candidate,True,
NSA-cf6630c8-954291,/custom-software-development-a-practical-guide-for-technology-leaders,INS-0101,hero-media,nexsas-1-to-37,production-candidate,True,
NSA-4f500547-36742,/how-to-implement-custom-software-development-without-disrupting-operations,INS-0102,hero-media,nexsas-1-to-37,production-candidate,True,
NSA-1351c10a-248766,/custom-software-development-implementation-checklist-people-process-technology-and-controls,INS-0103,hero-media,nexsas-1-to-37,production-candidate,True,
NSA-6d1157c8-27248,/10-custom-software-development-mistakes-that-increase-cost-risk-and-rework,INS-0104,hero-media,nexsas-1-to-37,production-candidate,True,
NSA-8991f0bb-40015,/how-to-measure-the-roi-of-custom-software-development,INS-0105,hero-media,nexsas-1-to-37,production-candidate,True,
NSA-5b2833f4-37206,/custom-software-development-in-house-team-vs-managed-service,INS-0106,hero-media,nexsas-1-to-37,production-candidate,True,
NSA-c4c6c05f-305368,/custom-software-development-roadmap-from-assessment-to-continuous-improvement,INS-0107,hero-media,nexsas-1-to-37,production-candidate,True,
NSA-605f5cb7-78346,/custom-software-development-use-cases-for-growing-businesses-and-complex-operational-environments,INS-0108,hero-media,nexsas-1-to-37,production-candidate,True,
NSA-5ed78c42-20322,/where-ai-and-automation-fit-into-custom-software-development,INS-0109,icon-illustration,nexsas-1-to-37,production-candidate,True,
NSA-f8d65081-413732,/when-should-a-business-invest-in-custom-software-development,INS-0110,hero-media,nexsas-1-to-37,production-candidate,True,
NSA-51aecc55-182511,/custom-software-cost-a-practical-guide-for-technology-leaders,INS-0111,hero-media,nexsas-1-to-37,production-candidate,True,
NSA-d08e3d46-21027,/how-to-implement-custom-software-cost-without-disrupting-operations,INS-0112,hero-media,nexsas-1-to-37,production-candidate,True,
NSA-09a6eb0c-157276,/custom-software-cost-implementation-checklist-people-process-technology-and-controls,INS-0113,hero-media,nexsas-1-to-37,production-candidate,True,
NSA-1055eba2-6026,/10-custom-software-cost-mistakes-that-increase-cost-risk-and-rework,INS-0114,hero-media,nexsas-1-to-37,production-candidate,True,
NSA-e1bbf70f-4287,/how-to-measure-the-roi-of-custom-software-cost,INS-0115,hero-media,nexsas-1-to-37,production-candidate,True,
NSA-fd857d11-6717,/custom-software-cost-in-house-team-vs-managed-service,INS-0116,hero-media,nexsas-1-to-37,production-candidate,True,
NSA-36b7a5fb-4930,/custom-software-cost-roadmap-from-assessment-to-continuous-improvement,INS-0117,hero-media,nexsas-1-to-37,production-candidate,True,
NSA-3cbc0874-12940,/custom-software-cost-use-cases-for-growing-businesses-and-complex-operational-environments,INS-0118,hero-media,nexsas-1-to-37,production-candidate,True,
NSA-35cc555c-355682,/where-ai-and-automation-fit-into-custom-software-cost,INS-0119,hero-media,nexsas-1-to-37,production-candidate,True,
NSA-465a2e29-14864,/when-should-a-business-invest-in-custom-software-cost,INS-0120,hero-media,nexsas-1-to-37,production-candidate,True,
NSA-b925dd1a-20222,/software-requirements-a-practical-guide-for-technology-leaders,INS-0121,hero-media,nexsas-1-to-37,production-candidate,True,
NSA-94dc7b16-989901,/how-to-implement-software-requirements-without-disrupting-operations,INS-0122,hero-media,nexsas-1-to-37,production-candidate,True,
NSA-9cdd349c-11943,/software-requirements-implementation-checklist-people-process-technology-and-controls,INS-0123,icon-illustration,nexsas-1-to-37,production-candidate,True,
NSA-b0edc3b4-57848,/10-software-requirements-mistakes-that-increase-cost-risk-and-rework,INS-0124,hero-media,nexsas-1-to-37,production-candidate,True,
NSA-6ba83d88-609530,/how-to-measure-the-roi-of-software-requirements,INS-0125,hero-media,nexsas-1-to-37,production-candidate,True,
NSA-63ad6926-192754,/software-requirements-in-house-team-vs-managed-service,INS-0126,hero-media,nexsas-1-to-37,production-candidate,True,
NSA-64b8d5bb-347193,/software-requirements-roadmap-from-assessment-to-continuous-improvement,INS-0127,hero-media,nexsas-1-to-37,production-candidate,True,
NSA-9af2d087-134623,/software-requirements-use-cases-for-growing-businesses-and-complex-operational-environments,INS-0128,hero-media,nexsas-1-to-37,production-candidate,True,
NSA-002bdb1e-530082,/where-ai-and-automation-fit-into-software-requirements,INS-0129,hero-media,nexsas-1-to-37,production-candidate,True,
NSA-af55c238-570771,/when-should-a-business-invest-in-software-requirements,INS-0130,hero-media,nexsas-1-to-37,production-candidate,True,
NSA-a7efcc7a-601564,/mvp-development-a-practical-guide-for-technology-leaders,INS-0131,hero-media,nexsas-1-to-37,production-candidate,True,
NSA-4128e0aa-6776,/how-to-implement-mvp-development-without-disrupting-operations,INS-0132,hero-media,nexsas-1-to-37,production-candidate,True,
NSA-50648aaf-868251,/mvp-development-implementation-checklist-people-process-technology-and-controls,INS-0133,hero-media,nexsas-1-to-37,production-candidate,True,
NSA-2066d1ad-42935,/10-mvp-development-mistakes-that-increase-cost-risk-and-rework,INS-0134,hero-media,nexsas-1-to-37,production-candidate,True,
NSA-820de8e3-3042437,/how-to-measure-the-roi-of-mvp-development,INS-0135,hero-media,nexsas-1-to-37,production-candidate,True,
NSA-fa95637e-504184,/mvp-development-in-house-team-vs-managed-service,INS-0136,hero-media,nexsas-1-to-37,production-candidate,True,
NSA-f5c379cd-477916,/mvp-development-roadmap-from-assessment-to-continuous-improvement,INS-0137,hero-media,nexsas-1-to-37,production-candidate,True,
NSA-5d2d5622-330400,/mvp-development-use-cases-for-growing-businesses-and-complex-operational-environments,INS-0138,hero-media,nexsas-1-to-37,production-candidate,True,
NSA-4f5e52ac-19149,/where-ai-and-automation-fit-into-mvp-development,INS-0139,hero-media,nexsas-1-to-37,production-candidate,True,
NSA-717e3b75-231071,/when-should-a-business-invest-in-mvp-development,INS-0140,hero-media,nexsas-1-to-37,production-candidate,True,
NSA-e899ae51-211691,/saas-development-a-practical-guide-for-technology-leaders,INS-0141,hero-media,nexsas-1-to-37,production-candidate,True,
NSA-50806965-772538,/how-to-implement-saas-development-without-disrupting-operations,INS-0142,hero-media,nexsas-1-to-37,production-candidate,True,
NSA-f0f9cb35-292786,/saas-development-implementation-checklist-people-process-technology-and-controls,INS-0143,hero-media,nexsas-1-to-37,production-candidate,True,
NSA-ffd411ed-430261,/10-saas-development-mistakes-that-increase-cost-risk-and-rework,INS-0144,hero-media,nexsas-1-to-37,production-candidate,True,
NSA-0a1dc972-187460,/how-to-measure-the-roi-of-saas-development,INS-0145,hero-media,nexsas-1-to-37,production-candidate,True,
NSA-f81dd483-101214,/saas-development-in-house-team-vs-managed-service,INS-0146,hero-media,nexsas-1-to-37,production-candidate,True,
NSA-01e8d1eb-82936,/saas-development-roadmap-from-assessment-to-continuous-improvement,INS-0147,hero-media,nexsas-1-to-37,production-candidate,True,
NSA-e7e2a959-888439,/saas-development-use-cases-for-growing-businesses-and-complex-operational-environments,INS-0148,hero-media,nexsas-1-to-37,production-candidate,True,
NSA-33cb30f1-521175,/where-ai-and-automation-fit-into-saas-development,INS-0149,hero-media,nexsas-1-to-37,production-candidate,True,
NSA-0ae32f16-912484,/when-should-a-business-invest-in-saas-development,INS-0150,hero-media,nexsas-1-to-37,production-candidate,True,
NSA-5b3fa7ec-385032,/legacy-software-modernization-a-practical-guide-for-technology-leaders,INS-0151,hero-media,nexsas-1-to-37,production-candidate,True,
NSA-9825bb0a-897003,/how-to-implement-legacy-software-modernization-without-disrupting-operations,INS-0152,hero-media,nexsas-1-to-37,production-candidate,True,
NSA-ea2a623d-553240,/legacy-software-modernization-implementation-checklist-people-process-technology-and-controls,INS-0153,hero-media,nexsas-1-to-37,production-candidate,True,
NSA-495fa355-441811,/10-legacy-software-modernization-mistakes-that-increase-cost-risk-and-rework,INS-0154,hero-media,nexsas-1-to-37,production-candidate,True,
NSA-7c31f43b-867496,/how-to-measure-the-roi-of-legacy-software-modernization,INS-0155,hero-media,nexsas-1-to-37,production-candidate,True,
NSA-c451822c-479957,/legacy-software-modernization-in-house-team-vs-managed-service,INS-0156,hero-media,nexsas-1-to-37,production-candidate,True,
NSA-1eea0847-407080,/legacy-software-modernization-roadmap-from-assessment-to-continuous-improvement,INS-0157,hero-media,nexsas-1-to-37,production-candidate,True,
NSA-65b406ac-809203,/legacy-software-modernization-use-cases-for-growing-businesses-and-complex-operational-environments,INS-0158,hero-media,nexsas-1-to-37,production-candidate,True,
NSA-70343feb-441955,/where-ai-and-automation-fit-into-legacy-software-modernization,INS-0159,hero-media,nexsas-1-to-37,production-candidate,True,
NSA-c97de31f-585971,/when-should-a-business-invest-in-legacy-software-modernization,INS-0160,hero-media,nexsas-1-to-37,production-candidate,True,
NSA-d99836cc-61406,/api-integration-services-a-practical-guide-for-technology-leaders,INS-0161,hero-media,nexsas-1-to-37,production-candidate,True,
NSA-9368cf0b-245543,/how-to-implement-api-integration-services-without-disrupting-operations,INS-0162,hero-media,nexsas-1-to-37,production-candidate,True,
NSA-4df0042e-426348,/api-integration-services-implementation-checklist-people-process-technology-and-controls,INS-0163,hero-media,nexsas-1-to-37,production-candidate,True,
NSA-267e1485-969324,/10-api-integration-services-mistakes-that-increase-cost-risk-and-rework,INS-0164,hero-media,nexsas-1-to-37,production-candidate,True,
NSA-2421865e-119314,/how-to-measure-the-roi-of-api-integration-services,INS-0165,hero-media,nexsas-1-to-37,production-candidate,True,
NSA-5ae5790c-223338,/api-integration-services-in-house-team-vs-managed-service,INS-0166,hero-media,nexsas-1-to-37,production-candidate,True,
NSA-fc8dfed4-1805562,/api-integration-services-roadmap-from-assessment-to-continuous-improvement,INS-0167,hero-media,nexsas-1-to-37,production-candidate,True,
NSA-cb1f160c-1143732,/api-integration-services-use-cases-for-growing-businesses-and-complex-operational-environments,INS-0168,hero-media,nexsas-1-to-37,production-candidate,True,
NSA-b70cb741-212471,/where-ai-and-automation-fit-into-api-integration-services,INS-0169,hero-media,nexsas-1-to-37,production-candidate,True,
NSA-69c68d27-931936,/when-should-a-business-invest-in-api-integration-services,INS-0170,hero-media,nexsas-1-to-37,production-candidate,True,
NSA-3a06a95c-92030,/cloud-native-application-development-a-practical-guide-for-technology-leaders,INS-0171,hero-media,nexsas-1-to-37,production-candidate,True,
NSA-9cbd4bba-19554,/how-to-implement-cloud-native-application-development-without-disrupting-operations,INS-0172,icon-illustration,nexsas-1-to-37,production-candidate,True,
NSA-3c3f1b98-1313459,/cloud-native-application-development-implementation-checklist-people-process-technology-and-controls,INS-0173,hero-media,nexsas-1-to-37,production-candidate,True,
NSA-5d0ffdc8-1258613,/10-cloud-native-application-development-mistakes-that-increase-cost-risk-and-rework,INS-0174,hero-media,nexsas-1-to-37,production-candidate,True,
NSA-e3bfd551-1025822,/how-to-measure-the-roi-of-cloud-native-application-development,INS-0175,hero-media,nexsas-1-to-37,production-candidate,True,
NSA-7663455d-646232,/cloud-native-application-development-in-house-team-vs-managed-service,INS-0176,hero-media,nexsas-1-to-37,production-candidate,True,
NSA-67fc8bab-316218,/cloud-native-application-development-roadmap-from-assessment-to-continuous-improvement,INS-0177,hero-media,nexsas-1-to-37,production-candidate,True,
NSA-5221300b-883124,/cloud-native-application-development-use-cases-for-growing-businesses-and-complex-operational-environments,INS-0178,hero-media,nexsas-1-to-37,production-candidate,True,
NSA-6a6603b8-707326,/where-ai-and-automation-fit-into-cloud-native-application-development,INS-0179,hero-media,nexsas-1-to-37,production-candidate,True,
NSA-c0689a55-1617805,/when-should-a-business-invest-in-cloud-native-application-development,INS-0180,hero-media,nexsas-1-to-37,production-candidate,True,
NSA-fdfaa857-762339,/software-testing-services-a-practical-guide-for-technology-leaders,INS-0181,hero-media,nexsas-1-to-37,production-candidate,True,
NSA-db801eae-15718,/how-to-implement-software-testing-services-without-disrupting-operations,INS-0182,icon-illustration,nexsas-1-to-37,production-candidate,True,
NSA-4fae757c-888621,/software-testing-services-implementation-checklist-people-process-technology-and-controls,INS-0183,hero-media,nexsas-1-to-37,production-candidate,True,
NSA-aa51f660-774239,/10-software-testing-services-mistakes-that-increase-cost-risk-and-rework,INS-0184,hero-media,nexsas-1-to-37,production-candidate,True,
NSA-b6c9c7e8-539085,/how-to-measure-the-roi-of-software-testing-services,INS-0185,hero-media,nexsas-1-to-37,production-candidate,True,
NSA-c5aec293-828696,/software-testing-services-in-house-team-vs-managed-service,INS-0186,hero-media,nexsas-1-to-37,production-candidate,True,
NSA-ebfbe3fb-783247,/software-testing-services-roadmap-from-assessment-to-continuous-improvement,INS-0187,hero-media,nexsas-1-to-37,production-candidate,True,
NSA-79c340ac-374442,/software-testing-services-use-cases-for-growing-businesses-and-complex-operational-environments,INS-0188,hero-media,nexsas-1-to-37,production-candidate,True,
NSA-09a530ad-13464,/where-ai-and-automation-fit-into-software-testing-services,INS-0189,icon-illustration,nexsas-1-to-37,production-candidate,True,
NSA-9f0f8b02-522288,/when-should-a-business-invest-in-software-testing-services,INS-0190,hero-media,nexsas-1-to-37,production-candidate,True,
NSA-1b6e5fa9-512555,/dedicated-development-team-a-practical-guide-for-technology-leaders,INS-0191,hero-media,nexsas-1-to-37,production-candidate,True,
NSA-45c22c54-85260,/how-to-implement-dedicated-development-team-without-disrupting-operations,INS-0192,icon-illustration,nexsas-1-to-37,production-candidate,True,
NSA-adbefd2d-551900,/dedicated-development-team-implementation-checklist-people-process-technology-and-controls,INS-0193,hero-media,nexsas-1-to-37,production-candidate,True,
NSA-69f24e7e-516065,/10-dedicated-development-team-mistakes-that-increase-cost-risk-and-rework,INS-0194,hero-media,nexsas-1-to-37,production-candidate,True,
NSA-0acee961-27295,/how-to-measure-the-roi-of-dedicated-development-team,INS-0195,icon-illustration,nexsas-1-to-37,production-candidate,True,
NSA-10b74cb6-21919,/dedicated-development-team-in-house-team-vs-managed-service,INS-0196,icon-illustration,nexsas-1-to-37,production-candidate,True,
NSA-3455acec-22133,/dedicated-development-team-roadmap-from-assessment-to-continuous-improvement,INS-0197,icon-illustration,nexsas-1-to-37,production-candidate,True,
NSA-90ed4522-18276,/dedicated-development-team-use-cases-for-growing-businesses-and-complex-operational-environments,INS-0198,hero-media,nexsas-1-to-37,production-candidate,True,
NSA-7f322a93-13927,/where-ai-and-automation-fit-into-dedicated-development-team,INS-0199,icon-illustration,nexsas-1-to-37,production-candidate,True,
NSA-9561b3ae-13927,/when-should-a-business-invest-in-dedicated-development-team,INS-0200,icon-illustration,nexsas-1-to-37,production-candidate,True,
NSA-b56cc799-1540519,/product-discovery-a-practical-guide-for-product-teams,INS-0201,hero-media,nexsas-1-to-37,production-candidate,True,
NSA-bc6f73a0-403038,/how-to-implement-product-discovery-without-disrupting-operations,INS-0202,hero-media,nexsas-1-to-37,production-candidate,True,
NSA-580b4ff6-1226978,/product-discovery-implementation-checklist-people-process-technology-and-controls,INS-0203,hero-media,nexsas-1-to-37,production-candidate,True,
NSA-c3158bb1-1044730,/10-product-discovery-mistakes-that-increase-cost-risk-and-rework,INS-0204,hero-media,nexsas-1-to-37,production-candidate,True,
NSA-1d181a54-526961,/how-to-measure-the-roi-of-product-discovery,INS-0205,hero-media,nexsas-1-to-37,production-candidate,True,
NSA-7d44586c-39015,/product-discovery-in-house-team-vs-managed-service,INS-0206,hero-media,nexsas-1-to-37,production-candidate,True,
NSA-3b76dafc-17608,/product-discovery-roadmap-from-assessment-to-continuous-improvement,INS-0207,hero-media,nexsas-1-to-37,production-candidate,True,
NSA-83c05b10-1326501,/product-discovery-use-cases-for-saas-ecommerce-and-digital-service-businesses,INS-0208,hero-media,nexsas-1-to-37,production-candidate,True,
NSA-2559cc13-18945,/where-ai-and-automation-fit-into-product-discovery,INS-0209,hero-media,nexsas-1-to-37,production-candidate,True,
NSA-74ecf936-56741,/when-should-a-business-invest-in-product-discovery,INS-0210,hero-media,nexsas-1-to-37,production-candidate,True,
NSA-c9f3ca35-24852,/ux-research-a-practical-guide-for-product-teams,INS-0211,hero-media,nexsas-1-to-37,production-candidate,True,
NSA-a648e7ea-22007,/how-to-implement-ux-research-without-disrupting-operations,INS-0212,hero-media,nexsas-1-to-37,production-candidate,True,
NSA-24ddb6d6-1112144,/ux-research-implementation-checklist-people-process-technology-and-controls,INS-0213,hero-media,nexsas-1-to-37,production-candidate,True,
NSA-5e352dbd-28896,/10-ux-research-mistakes-that-increase-cost-risk-and-rework,INS-0214,hero-media,nexsas-1-to-37,production-candidate,True,
NSA-c15e14df-31167,/how-to-measure-the-roi-of-ux-research,INS-0215,hero-media,nexsas-1-to-37,production-candidate,True,
NSA-776f8343-25543,/ux-research-in-house-team-vs-managed-service,INS-0216,hero-media,nexsas-1-to-37,production-candidate,True,
NSA-ba8c7dd9-180013,/ux-research-roadmap-from-assessment-to-continuous-improvement,INS-0217,hero-media,nexsas-1-to-37,production-candidate,True,
NSA-d81173dc-31560,/ux-research-use-cases-for-saas-ecommerce-and-digital-service-businesses,INS-0218,hero-media,nexsas-1-to-37,production-candidate,True,
NSA-6a95e136-1410201,/where-ai-and-automation-fit-into-ux-research,INS-0219,hero-media,nexsas-1-to-37,production-candidate,True,
NSA-6465617f-879749,/when-should-a-business-invest-in-ux-research,INS-0220,icon-illustration,nexsas-1-to-37,production-candidate,True,
NSA-d1719a49-1212,/digital-product-strategy-a-practical-guide-for-product-teams,INS-0221,icon-illustration,nexsas-1-to-37,production-candidate,True,
NSA-a99125d7-29511,/how-to-implement-digital-product-strategy-without-disrupting-operations,INS-0222,icon-illustration,nexsas-1-to-37,production-candidate,True,
NSA-a10772c3-460221,/digital-product-strategy-implementation-checklist-people-process-technology-and-controls,INS-0223,hero-media,nexsas-1-to-37,production-candidate,True,
NSA-d7f032e7-20142,/10-digital-product-strategy-mistakes-that-increase-cost-risk-and-rework,INS-0224,hero-media,nexsas-1-to-37,production-candidate,True,
NSA-345eec2a-122349,/how-to-measure-the-roi-of-digital-product-strategy,INS-0225,hero-media,nexsas-1-to-37,production-candidate,True,
NSA-41029001-44561,/digital-product-strategy-in-house-team-vs-managed-service,INS-0226,hero-media,nexsas-1-to-37,production-candidate,True,
NSA-baa6749e-1282,/digital-product-strategy-roadmap-from-assessment-to-continuous-improvement,INS-0227,hero-media,nexsas-1-to-37,production-candidate,True,
NSA-50061212-61724,/digital-product-strategy-use-cases-for-saas-ecommerce-and-digital-service-businesses,INS-0228,hero-media,nexsas-1-to-37,production-candidate,True,
NSA-cfdd0fce-345220,/where-ai-and-automation-fit-into-digital-product-strategy,INS-0229,hero-media,nexsas-1-to-37,production-candidate,True,
NSA-065edab4-19040,/when-should-a-business-invest-in-digital-product-strategy,INS-0230,hero-media,nexsas-1-to-37,production-candidate,True,
NSA-160ef81f-16158,/design-systems-a-practical-guide-for-product-teams,INS-0231,hero-media,nexsas-1-to-37,production-candidate,True,
NSA-cbb840c6-24866,/how-to-implement-design-systems-without-disrupting-operations,INS-0232,hero-media,nexsas-1-to-37,production-candidate,True,
NSA-ac2cfbbb-22302,/design-systems-implementation-checklist-people-process-technology-and-controls,INS-0233,hero-media,nexsas-1-to-37,production-candidate,True,
NSA-f8f6a7a4-4142,/10-design-systems-mistakes-that-increase-cost-risk-and-rework,INS-0234,icon-illustration,nexsas-1-to-37,production-candidate,True,
NSA-6e4322db-12225,/how-to-measure-the-roi-of-design-systems,INS-0235,hero-media,nexsas-1-to-37,production-candidate,True,
NSA-8d0fa035-483915,/design-systems-in-house-team-vs-managed-service,INS-0236,hero-media,nexsas-1-to-37,production-candidate,True,
NSA-0d78b738-46727,/design-systems-roadmap-from-assessment-to-continuous-improvement,INS-0237,hero-media,nexsas-1-to-37,production-candidate,True,
NSA-75aea6df-26430,/design-systems-use-cases-for-saas-ecommerce-and-digital-service-businesses,INS-0238,hero-media,nexsas-1-to-37,production-candidate,True,
NSA-d026d333-146369,/where-ai-and-automation-fit-into-design-systems,INS-0239,hero-media,nexsas-1-to-37,production-candidate,True,
NSA-5480563a-91960,/when-should-a-business-invest-in-design-systems,INS-0240,hero-media,nexsas-1-to-37,production-candidate,True,
NSA-3877d7a0-70182,/rapid-prototyping-a-practical-guide-for-product-teams,INS-0241,icon-illustration,nexsas-1-to-37,production-candidate,True,
NSA-e25d1dc6-81015,/how-to-implement-rapid-prototyping-without-disrupting-operations,INS-0242,hero-media,nexsas-1-to-37,production-candidate,True,
NSA-5067153e-57117,/rapid-prototyping-implementation-checklist-people-process-technology-and-controls,INS-0243,icon-illustration,nexsas-1-to-37,production-candidate,True,
NSA-bd55d96c-6284,/10-rapid-prototyping-mistakes-that-increase-cost-risk-and-rework,INS-0244,hero-media,nexsas-1-to-37,production-candidate,True,
NSA-276814d9-20328,/how-to-measure-the-roi-of-rapid-prototyping,INS-0245,icon-illustration,nexsas-1-to-37,production-candidate,True,
NSA-30bc9c70-38336,/rapid-prototyping-in-house-team-vs-managed-service,INS-0246,icon-illustration,nexsas-1-to-37,production-candidate,True,
NSA-d79acbb2-27499,/rapid-prototyping-roadmap-from-assessment-to-continuous-improvement,INS-0247,hero-media,nexsas-1-to-37,production-candidate,True,
NSA-258b848c-41562,/rapid-prototyping-use-cases-for-saas-ecommerce-and-digital-service-businesses,INS-0248,hero-media,nexsas-1-to-37,production-candidate,True,
NSA-2f8d2256-70737,/where-ai-and-automation-fit-into-rapid-prototyping,INS-0249,hero-media,nexsas-1-to-37,production-candidate,True,
NSA-68b11559-32618,/when-should-a-business-invest-in-rapid-prototyping,INS-0250,hero-media,nexsas-1-to-37,production-candidate,True,
NSA-3b4a7a7c-8077,/usability-testing-a-practical-guide-for-product-teams,INS-0251,hero-media,nexsas-1-to-37,production-candidate,True,
NSA-3a8eb151-23796,/how-to-implement-usability-testing-without-disrupting-operations,INS-0252,hero-media,nexsas-1-to-37,production-candidate,True,
NSA-50b178e5-566384,/usability-testing-implementation-checklist-people-process-technology-and-controls,INS-0253,hero-media,nexsas-1-to-37,production-candidate,True,
NSA-db53c244-942562,/10-usability-testing-mistakes-that-increase-cost-risk-and-rework,INS-0254,hero-media,nexsas-1-to-37,production-candidate,True,
NSA-b699be7c-911293,/how-to-measure-the-roi-of-usability-testing,INS-0255,hero-media,nexsas-1-to-37,production-candidate,True,
NSA-f758520d-24141,/usability-testing-in-house-team-vs-managed-service,INS-0256,hero-media,nexsas-1-to-37,production-candidate,True,
NSA-e8a10bb2-758087,/usability-testing-roadmap-from-assessment-to-continuous-improvement,INS-0257,hero-media,nexsas-1-to-37,production-candidate,True,
NSA-55d9523f-326390,/usability-testing-use-cases-for-saas-ecommerce-and-digital-service-businesses,INS-0258,hero-media,nexsas-1-to-37,production-candidate,True,
NSA-2e697a6e-14030,/where-ai-and-automation-fit-into-usability-testing,INS-0259,hero-media,nexsas-1-to-37,production-candidate,True,
NSA-b0f5a8fe-1300,/when-should-a-business-invest-in-usability-testing,INS-0260,icon-illustration,nexsas-1-to-37,production-candidate,True,
NSA-3944faf8-16077,/mobile-app-ux-design-a-practical-guide-for-product-teams,INS-0261,icon-illustration,nexsas-1-to-37,production-candidate,True,
NSA-286d5757-62699,/how-to-implement-mobile-app-ux-design-without-disrupting-operations,INS-0262,icon-illustration,nexsas-1-to-37,production-candidate,True,
NSA-a487e656-188612,/mobile-app-ux-design-implementation-checklist-people-process-technology-and-controls,INS-0263,hero-media,nexsas-1-to-37,production-candidate,True,
NSA-745d51d4-86508,/10-mobile-app-ux-design-mistakes-that-increase-cost-risk-and-rework,INS-0264,icon-illustration,nexsas-1-to-37,production-candidate,True,
NSA-c3f1f0ef-203583,/how-to-measure-the-roi-of-mobile-app-ux-design,INS-0265,hero-media,nexsas-1-to-37,production-candidate,True,
NSA-de7bd89d-17064,/mobile-app-ux-design-in-house-team-vs-managed-service,INS-0266,hero-media,nexsas-1-to-37,production-candidate,True,
NSA-3f1f0e79-201065,/mobile-app-ux-design-roadmap-from-assessment-to-continuous-improvement,INS-0267,hero-media,nexsas-1-to-37,production-candidate,True,
NSA-e300a266-11041,/mobile-app-ux-design-use-cases-for-saas-ecommerce-and-digital-service-businesses,INS-0268,hero-media,nexsas-1-to-37,production-candidate,True,
NSA-1c846443-32509,/where-ai-and-automation-fit-into-mobile-app-ux-design,INS-0269,hero-media,nexsas-1-to-37,production-candidate,True,
NSA-959d17ab-8624,/when-should-a-business-invest-in-mobile-app-ux-design,INS-0270,hero-media,nexsas-1-to-37,production-candidate,True,
NSA-a746be42-20459,/dashboard-ux-design-a-practical-guide-for-product-teams,INS-0271,hero-media,nexsas-1-to-37,production-candidate,True,
NSA-861d745e-68222,/how-to-implement-dashboard-ux-design-without-disrupting-operations,INS-0272,hero-media,nexsas-1-to-37,production-candidate,True,
NSA-7afd4727-16915,/dashboard-ux-design-implementation-checklist-people-process-technology-and-controls,INS-0273,hero-media,nexsas-1-to-37,production-candidate,True,
NSA-8c5c930f-30794,/10-dashboard-ux-design-mistakes-that-increase-cost-risk-and-rework,INS-0274,icon-illustration,nexsas-1-to-37,production-candidate,True,
NSA-f9b5a10a-116106,/how-to-measure-the-roi-of-dashboard-ux-design,INS-0275,hero-media,nexsas-1-to-37,production-candidate,True,
NSA-6a351dba-16059,/dashboard-ux-design-in-house-team-vs-managed-service,INS-0276,hero-media,nexsas-1-to-37,production-candidate,True,
NSA-b953f142-21884,/dashboard-ux-design-roadmap-from-assessment-to-continuous-improvement,INS-0277,hero-media,nexsas-1-to-37,production-candidate,True,
NSA-08a2eb7f-17348,/dashboard-ux-design-use-cases-for-saas-ecommerce-and-digital-service-businesses,INS-0278,hero-media,nexsas-1-to-37,production-candidate,True,
NSA-f3323a4e-19533,/where-ai-and-automation-fit-into-dashboard-ux-design,INS-0279,icon-illustration,nexsas-1-to-37,production-candidate,True,
NSA-9bd085af-492591,/when-should-a-business-invest-in-dashboard-ux-design,INS-0280,hero-media,nexsas-1-to-37,production-candidate,True,
NSA-083b1389-13072,/web-accessibility-design-a-practical-guide-for-product-teams,INS-0281,hero-media,nexsas-1-to-37,production-candidate,True,
NSA-7efca7b7-10868,/how-to-implement-web-accessibility-design-without-disrupting-operations,INS-0282,hero-media,nexsas-1-to-37,production-candidate,True,
NSA-72d10360-13007,/web-accessibility-design-implementation-checklist-people-process-technology-and-controls,INS-0283,hero-media,nexsas-1-to-37,production-candidate,True,
NSA-485d2eec-16333,/10-web-accessibility-design-mistakes-that-increase-cost-risk-and-rework,INS-0284,hero-media,nexsas-1-to-37,production-candidate,True,
NSA-238c09d7-44770,/how-to-measure-the-roi-of-web-accessibility-design,INS-0285,hero-media,nexsas-1-to-37,production-candidate,True,
NSA-9b1eb559-24064,/web-accessibility-design-in-house-team-vs-managed-service,INS-0286,hero-media,nexsas-1-to-37,production-candidate,True,
NSA-40033b25-7702,/web-accessibility-design-roadmap-from-assessment-to-continuous-improvement,INS-0287,hero-media,nexsas-1-to-37,production-candidate,True,
NSA-58ba3a15-59271,/web-accessibility-design-use-cases-for-saas-ecommerce-and-digital-service-businesses,INS-0288,hero-media,nexsas-1-to-37,production-candidate,True,
NSA-1934d752-184384,/where-ai-and-automation-fit-into-web-accessibility-design,INS-0289,hero-media,nexsas-1-to-37,production-candidate,True,
NSA-8622f2e1-21223,/when-should-a-business-invest-in-web-accessibility-design,INS-0290,hero-media,nexsas-1-to-37,production-candidate,True,
NSA-d995e01c-102440,/design-to-development-handoff-a-practical-guide-for-product-teams,INS-0291,hero-media,nexsas-1-to-37,production-candidate,True,
NSA-b1fe968e-10647,/how-to-implement-design-to-development-handoff-without-disrupting-operations,INS-0292,hero-media,nexsas-1-to-37,production-candidate,True,
NSA-4a828d70-37722,/design-to-development-handoff-implementation-checklist-people-process-technology-and-controls,INS-0293,hero-media,nexsas-1-to-37,production-candidate,True,
NSA-90bec116-85604,/10-design-to-development-handoff-mistakes-that-increase-cost-risk-and-rework,INS-0294,hero-media,nexsas-1-to-37,production-candidate,True,
NSA-ddf7c3ad-18164,/how-to-measure-the-roi-of-design-to-development-handoff,INS-0295,hero-media,nexsas-1-to-37,production-candidate,True,
NSA-1e24bf03-118774,/design-to-development-handoff-in-house-team-vs-managed-service,INS-0296,hero-media,nexsas-1-to-37,production-candidate,True,
NSA-e406a3a6-24856,/design-to-development-handoff-roadmap-from-assessment-to-continuous-improvement,INS-0297,hero-media,nexsas-1-to-37,production-candidate,True,
NSA-b05e5c3a-89556,/design-to-development-handoff-use-cases-for-saas-ecommerce-and-digital-service-businesses,INS-0298,hero-media,nexsas-1-to-37,production-candidate,True,
NSA-7f0c7859-19024,/where-ai-and-automation-fit-into-design-to-development-handoff,INS-0299,hero-media,nexsas-1-to-37,production-candidate,True,
NSA-4b63096f-53782,/when-should-a-business-invest-in-design-to-development-handoff,INS-0300,hero-media,nexsas-1-to-37,production-candidate,True,
NSA-bbb394ea-200575,/b2b-web-design-a-practical-guide-for-b2b-teams,INS-0301,hero-media,nexsas-1-to-37,production-candidate,True,
NSA-fd131c77-20674,/how-to-implement-b2b-web-design-without-disrupting-operations,INS-0302,hero-media,nexsas-1-to-37,production-candidate,True,
NSA-46d19117-289235,/b2b-web-design-implementation-checklist-people-process-technology-and-controls,INS-0303,hero-media,nexsas-1-to-37,production-candidate,True,
NSA-f1cb5db2-23184,/10-b2b-web-design-mistakes-that-increase-cost-risk-and-rework,INS-0304,hero-media,nexsas-1-to-37,production-candidate,True,
NSA-c586f59f-20786,/how-to-measure-the-roi-of-b2b-web-design,INS-0305,hero-media,nexsas-1-to-37,production-candidate,True,
NSA-989292c7-15199,/b2b-web-design-in-house-team-vs-managed-service,INS-0306,hero-media,nexsas-1-to-37,production-candidate,True,
NSA-95204c34-19621,/b2b-web-design-roadmap-from-assessment-to-continuous-improvement,INS-0307,hero-media,nexsas-1-to-37,production-candidate,True,
NSA-4edb55ec-48187,/b2b-web-design-use-cases-for-b2b-professional-services-and-international-businesses,INS-0308,hero-media,nexsas-1-to-37,production-candidate,True,
NSA-dd63d26d-60781,/where-ai-and-automation-fit-into-b2b-web-design,INS-0309,hero-media,nexsas-1-to-37,production-candidate,True,
NSA-8ffaaab1-21801,/when-should-a-business-invest-in-b2b-web-design,INS-0310,hero-media,nexsas-1-to-37,production-candidate,True,
NSA-239206f3-525131,/corporate-website-redesign-a-practical-guide-for-b2b-teams,INS-0311,hero-media,nexsas-1-to-37,production-candidate,True,
NSA-2d96ff03-606862,/how-to-implement-corporate-website-redesign-without-disrupting-operations,INS-0312,hero-media,nexsas-1-to-37,production-candidate,True,
NSA-e1bace67-164808,/corporate-website-redesign-implementation-checklist-people-process-technology-and-controls,INS-0313,hero-media,nexsas-1-to-37,production-candidate,True,
NSA-da6eb035-147883,/10-corporate-website-redesign-mistakes-that-increase-cost-risk-and-rework,INS-0314,hero-media,nexsas-1-to-37,production-candidate,True,
NSA-bc31485c-142558,/how-to-measure-the-roi-of-corporate-website-redesign,INS-0315,hero-media,nexsas-1-to-37,production-candidate,True,
NSA-7eb78726-151042,/corporate-website-redesign-in-house-team-vs-managed-service,INS-0316,hero-media,nexsas-1-to-37,production-candidate,True,
NSA-91e35608-131096,/corporate-website-redesign-roadmap-from-assessment-to-continuous-improvement,INS-0317,hero-media,nexsas-1-to-37,production-candidate,True,
NSA-d39036bb-22720,/corporate-website-redesign-use-cases-for-b2b-professional-services-and-international-businesses,INS-0318,hero-media,nexsas-1-to-37,production-candidate,True,
NSA-525380b3-59526,/where-ai-and-automation-fit-into-corporate-website-redesign,INS-0319,hero-media,nexsas-1-to-37,production-candidate,True,
NSA-b9729bf8-35504,/when-should-a-business-invest-in-corporate-website-redesign,INS-0320,hero-media,nexsas-1-to-37,production-candidate,True,
NSA-ab8b372a-337219,/headless-cms-development-a-practical-guide-for-b2b-teams,INS-0321,hero-media,nexsas-1-to-37,production-candidate,True,
NSA-6475c7d6-6595,/how-to-implement-headless-cms-development-without-disrupting-operations,INS-0322,hero-media,nexsas-1-to-37,production-candidate,True,
NSA-0ff47914-869424,/headless-cms-development-implementation-checklist-people-process-technology-and-controls,INS-0323,hero-media,nexsas-1-to-37,production-candidate,True,
NSA-b4e0bb46-57891,/10-headless-cms-development-mistakes-that-increase-cost-risk-and-rework,INS-0324,hero-media,nexsas-1-to-37,production-candidate,True,
NSA-66bc49bb-19613,/how-to-measure-the-roi-of-headless-cms-development,INS-0325,hero-media,nexsas-1-to-37,production-candidate,True,
NSA-34369343-912754,/headless-cms-development-in-house-team-vs-managed-service,INS-0326,hero-media,nexsas-1-to-37,production-candidate,True,
NSA-88b3b3d4-63655,/headless-cms-development-roadmap-from-assessment-to-continuous-improvement,INS-0327,hero-media,nexsas-1-to-37,production-candidate,True,
NSA-851ad137-214282,/headless-cms-development-use-cases-for-b2b-professional-services-and-international-businesses,INS-0328,hero-media,nexsas-1-to-37,production-candidate,True,
NSA-276247d5-38188,/where-ai-and-automation-fit-into-headless-cms-development,INS-0329,hero-media,nexsas-1-to-37,production-candidate,True,
NSA-ce36de6d-19415,/when-should-a-business-invest-in-headless-cms-development,INS-0330,icon-illustration,nexsas-1-to-37,production-candidate,True,
NSA-188f0b34-15716,/next-js-development-a-practical-guide-for-b2b-teams,INS-0331,icon-illustration,nexsas-1-to-37,production-candidate,True,
NSA-6b69dba1-13597,/how-to-implement-next-js-development-without-disrupting-operations,INS-0332,icon-illustration,nexsas-1-to-37,production-candidate,True,
NSA-aaf1ed9e-86226,/next-js-development-implementation-checklist-people-process-technology-and-controls,INS-0333,icon-illustration,nexsas-1-to-37,production-candidate,True,
NSA-ce54666f-27276,/10-next-js-development-mistakes-that-increase-cost-risk-and-rework,INS-0334,icon-illustration,nexsas-1-to-37,production-candidate,True,
NSA-e7af693b-21923,/how-to-measure-the-roi-of-next-js-development,INS-0335,icon-illustration,nexsas-1-to-37,production-candidate,True,
NSA-cde30b75-11678,/next-js-development-in-house-team-vs-managed-service,INS-0336,icon-illustration,nexsas-1-to-37,production-candidate,True,
NSA-2178230a-22267,/next-js-development-roadmap-from-assessment-to-continuous-improvement,INS-0337,icon-illustration,nexsas-1-to-37,production-candidate,True,
NSA-9be1713d-53929,/next-js-development-use-cases-for-b2b-professional-services-and-international-businesses,INS-0338,icon-illustration,nexsas-1-to-37,production-candidate,True,
NSA-2e4463a3-53929,/where-ai-and-automation-fit-into-next-js-development,INS-0339,icon-illustration,nexsas-1-to-37,production-candidate,True,
NSA-5f5da4e5-450874,/when-should-a-business-invest-in-next-js-development,INS-0340,hero-media,nexsas-1-to-37,production-candidate,True,
NSA-5157f03b-1312477,/website-performance-optimization-a-practical-guide-for-b2b-teams,INS-0341,hero-media,nexsas-1-to-37,production-candidate,True,
NSA-a136b461-525922,/how-to-implement-website-performance-optimization-without-disrupting-operations,INS-0342,hero-media,nexsas-1-to-37,production-candidate,True,
NSA-aa58b344-38627,/website-performance-optimization-implementation-checklist-people-process-technology-and-controls,INS-0343,hero-media,nexsas-1-to-37,production-candidate,True,
NSA-4cf79c24-17026,/10-website-performance-optimization-mistakes-that-increase-cost-risk-and-rework,INS-0344,hero-media,nexsas-1-to-37,production-candidate,True,
NSA-f77a897e-20079,/how-to-measure-the-roi-of-website-performance-optimization,INS-0345,hero-media,nexsas-1-to-37,production-candidate,True,
NSA-3845adfd-54545,/website-performance-optimization-in-house-team-vs-managed-service,INS-0346,hero-media,nexsas-1-to-37,production-candidate,True,
NSA-39ab6042-15508,/website-performance-optimization-roadmap-from-assessment-to-continuous-improvement,INS-0347,hero-media,nexsas-1-to-37,production-candidate,True,
NSA-2d7f311e-14377,/website-performance-optimization-use-cases-for-b2b-professional-services-and-international-businesses,INS-0348,hero-media,nexsas-1-to-37,production-candidate,True,
NSA-90f2ea27-29348,/where-ai-and-automation-fit-into-website-performance-optimization,INS-0349,hero-media,nexsas-1-to-37,production-candidate,True,
NSA-c1087ef1-31759,/when-should-a-business-invest-in-website-performance-optimization,INS-0350,hero-media,nexsas-1-to-37,production-candidate,True,
NSA-d07439ef-28654,/website-accessibility-a-practical-guide-for-b2b-teams,INS-0351,hero-media,nexsas-1-to-37,production-candidate,True,
NSA-f34f136a-184856,/how-to-implement-website-accessibility-without-disrupting-operations,INS-0352,hero-media,nexsas-1-to-37,production-candidate,True,
NSA-b627732e-30184,/website-accessibility-implementation-checklist-people-process-technology-and-controls,INS-0353,hero-media,nexsas-1-to-37,production-candidate,True,
NSA-1fe984b5-1526859,/10-website-accessibility-mistakes-that-increase-cost-risk-and-rework,INS-0354,hero-media,nexsas-1-to-37,production-candidate,True,
NSA-863e638a-882792,/how-to-measure-the-roi-of-website-accessibility,INS-0355,icon-illustration,nexsas-1-to-37,production-candidate,True,
NSA-5afef9ba-12056,/website-accessibility-in-house-team-vs-managed-service,INS-0356,hero-media,nexsas-1-to-37,production-candidate,True,
NSA-39045037-132500,/website-accessibility-roadmap-from-assessment-to-continuous-improvement,INS-0357,hero-media,nexsas-1-to-37,production-candidate,True,
NSA-c634bcd8-20576,/website-accessibility-use-cases-for-b2b-professional-services-and-international-businesses,INS-0358,hero-media,nexsas-1-to-37,production-candidate,True,
NSA-50d7cf98-36766,/where-ai-and-automation-fit-into-website-accessibility,INS-0359,hero-media,nexsas-1-to-37,production-candidate,True,
NSA-f6d545e0-18237,/when-should-a-business-invest-in-website-accessibility,INS-0360,hero-media,nexsas-1-to-37,production-candidate,True,
NSA-6f39edc9-211906,/conversion-focused-web-design-a-practical-guide-for-b2b-teams,INS-0361,icon-illustration,nexsas-1-to-37,production-candidate,True,
NSA-40814ffe-34558,/how-to-implement-conversion-focused-web-design-without-disrupting-operations,INS-0362,hero-media,nexsas-1-to-37,production-candidate,True,
NSA-0ffb100f-23931,/conversion-focused-web-design-implementation-checklist-people-process-technology-and-controls,INS-0363,hero-media,nexsas-1-to-37,production-candidate,True,
NSA-b31dd7d8-32923,/10-conversion-focused-web-design-mistakes-that-increase-cost-risk-and-rework,INS-0364,hero-media,nexsas-1-to-37,production-candidate,True,
NSA-bae07495-14715,/how-to-measure-the-roi-of-conversion-focused-web-design,INS-0365,hero-media,nexsas-1-to-37,production-candidate,True,
NSA-99d5e126-28304,/conversion-focused-web-design-in-house-team-vs-managed-service,INS-0366,hero-media,nexsas-1-to-37,production-candidate,True,
NSA-80444c56-1063590,/conversion-focused-web-design-roadmap-from-assessment-to-continuous-improvement,INS-0367,hero-media,nexsas-1-to-37,production-candidate,True,
NSA-3b1c4333-59057,/conversion-focused-web-design-use-cases-for-b2b-professional-services-and-international-businesses,INS-0368,hero-media,nexsas-1-to-37,production-candidate,True,
NSA-f8ff7bce-389677,/where-ai-and-automation-fit-into-conversion-focused-web-design,INS-0369,hero-media,nexsas-1-to-37,production-candidate,True,
NSA-a6c61e41-306530,/when-should-a-business-invest-in-conversion-focused-web-design,INS-0370,hero-media,nexsas-1-to-37,production-candidate,True,
NSA-ee2050ea-450862,/international-website-architecture-a-practical-guide-for-b2b-teams,INS-0371,hero-media,nexsas-1-to-37,production-candidate,True,
NSA-bceb81ce-15333,/how-to-implement-international-website-architecture-without-disrupting-operations,INS-0372,hero-media,nexsas-1-to-37,production-candidate,True,
NSA-922ecef6-24434,/international-website-architecture-implementation-checklist-people-process-technology-and-controls,INS-0373,hero-media,nexsas-1-to-37,production-candidate,True,
NSA-7f6a41e4-11420,/10-international-website-architecture-mistakes-that-increase-cost-risk-and-rework,INS-0374,hero-media,nexsas-1-to-37,production-candidate,True,
NSA-d6eba840-1855533,/how-to-measure-the-roi-of-international-website-architecture,INS-0375,icon-illustration,nexsas-1-to-37,production-candidate,True,
NSA-860c3562-6982,/international-website-architecture-in-house-team-vs-managed-service,INS-0376,hero-media,nexsas-1-to-37,production-candidate,True,
NSA-d8dd7cfb-8812,/international-website-architecture-roadmap-from-assessment-to-continuous-improvement,INS-0377,hero-media,nexsas-1-to-37,production-candidate,True,
NSA-77ab34df-7872,/international-website-architecture-use-cases-for-b2b-professional-services-and-international-businesses,INS-0378,template-logo-reference,nexsas-1-to-37,replace-before-launch,False,Must be replaced with verified real evidence before launch.
