assetId,canonicalPath,family,kind,extension,bytes,crc32,status,exclusionReason,sourceArchive,licenseStatus,duplicateCount
NSA-96cab8ce-18326,nexsas-images/ai-agency/images/badge/badge-1.svg,ai-agency,vector,svg,18326,96cab8ce,production-candidate,,nexsas-images-reconstructed.zip,User-supplied NextSaaS source; retain purchase/license documentation.,5
NSA-7e4d4715-27802,nexsas-images/ai-agency/images/badge/badge-2.svg,ai-agency,vector,svg,27802,7e4d4715,production-candidate,,nexsas-images-reconstructed.zip,User-supplied NextSaaS source; retain purchase/license documentation.,5
NSA-0ebe17ac-21257,nexsas-images/ai-agency/images/badge/badge-3.svg,ai-agency,vector,svg,21257,0ebe17ac,production-candidate,,nexsas-images-reconstructed.zip,User-supplied NextSaaS source; retain purchase/license documentation.,5
NSA-6c70fb64-13077,nexsas-images/ai-agency/images/badge/badge-4.svg,ai-agency,vector,svg,13077,6c70fb64,production-candidate,,nexsas-images-reconstructed.zip,User-supplied NextSaaS source; retain purchase/license documentation.,5
NSA-a0da7b08-22209,nexsas-images/ai-agency/images/badge/badge-5.svg,ai-agency,vector,svg,22209,a0da7b08,production-candidate,,nexsas-images-reconstructed.zip,User-supplied NextSaaS source; retain purchase/license documentation.,5
NSA-a05ee1db-859,nexsas-images/ai-agency/images/icons/apple.svg,ai-agency,icon,svg,859,a05ee1db,production-candidate,,nexsas-images-reconstructed.zip,User-supplied NextSaaS source; retain purchase/license documentation.,5
NSA-1e068b71-5886,nexsas-images/ai-agency/images/icons/asana-metal.svg,ai-agency,icon,svg,5886,1e068b71,production-candidate,,nexsas-images-reconstructed.zip,User-supplied NextSaaS source; retain purchase/license documentation.,5
NSA-f1e54cdb-5672,nexsas-images/ai-agency/images/icons/asana-v2.svg,ai-agency,icon,svg,5672,f1e54cdb,production-candidate,,nexsas-images-reconstructed.zip,User-supplied NextSaaS source; retain purchase/license documentation.,5
NSA-0f68fe51-1617,nexsas-images/ai-agency/images/icons/behance.svg,ai-agency,icon,svg,1617,0f68fe51,production-candidate,,nexsas-images-reconstructed.zip,User-supplied NextSaaS source; retain purchase/license documentation.,3
NSA-a4be5a03-535,nexsas-images/ai-agency/images/icons/checkmark-white.svg,ai-agency,icon,svg,535,a4be5a03,production-candidate,,nexsas-images-reconstructed.zip,User-supplied NextSaaS source; retain purchase/license documentation.,5
NSA-e0d06d0e-4647,nexsas-images/ai-agency/images/icons/client-logo-1.svg,ai-agency,client-logo,svg,4647,e0d06d0e,replace-before-launch,,nexsas-images-reconstructed.zip,User-supplied NextSaaS source; retain purchase/license documentation.,7
NSA-8a36fcdc-10375,nexsas-images/ai-agency/images/icons/client-logo-10-dark.svg,ai-agency,client-logo,svg,10375,8a36fcdc,replace-before-launch,,nexsas-images-reconstructed.zip,User-supplied NextSaaS source; retain purchase/license documentation.,4
NSA-edc13d5b-10375,nexsas-images/ai-agency/images/icons/client-logo-10.svg,ai-agency,client-logo,svg,10375,edc13d5b,replace-before-launch,,nexsas-images-reconstructed.zip,User-supplied NextSaaS source; retain purchase/license documentation.,5
NSA-e3b02060-4265,nexsas-images/ai-agency/images/icons/client-logo-2.svg,ai-agency,client-logo,svg,4265,e3b02060,replace-before-launch,,nexsas-images-reconstructed.zip,User-supplied NextSaaS source; retain purchase/license documentation.,7
NSA-ddf70c68-6242,nexsas-images/ai-agency/images/icons/client-logo-3.svg,ai-agency,client-logo,svg,6242,ddf70c68,replace-before-launch,,nexsas-images-reconstructed.zip,User-supplied NextSaaS source; retain purchase/license documentation.,7
NSA-e0ff56aa-3892,nexsas-images/ai-agency/images/icons/client-logo-4.svg,ai-agency,client-logo,svg,3892,e0ff56aa,replace-before-launch,,nexsas-images-reconstructed.zip,User-supplied NextSaaS source; retain purchase/license documentation.,7
NSA-199fde65-3772,nexsas-images/ai-agency/images/icons/client-logo-5.svg,ai-agency,client-logo,svg,3772,199fde65,replace-before-launch,,nexsas-images-reconstructed.zip,User-supplied NextSaaS source; retain purchase/license documentation.,7
NSA-2931cf9d-10871,nexsas-images/ai-agency/images/icons/client-logo-6-dark.svg,ai-agency,client-logo,svg,10871,2931cf9d,replace-before-launch,,nexsas-images-reconstructed.zip,User-supplied NextSaaS source; retain purchase/license documentation.,4
NSA-a7bed11d-10875,nexsas-images/ai-agency/images/icons/client-logo-6.svg,ai-agency,client-logo,svg,10875,a7bed11d,replace-before-launch,,nexsas-images-reconstructed.zip,User-supplied NextSaaS source; retain purchase/license documentation.,5
NSA-2dd0ba99-10433,nexsas-images/ai-agency/images/icons/client-logo-7-dark.svg,ai-agency,client-logo,svg,10433,2dd0ba99,replace-before-launch,,nexsas-images-reconstructed.zip,User-supplied NextSaaS source; retain purchase/license documentation.,4
NSA-b1b1b376-10437,nexsas-images/ai-agency/images/icons/client-logo-7.svg,ai-agency,client-logo,svg,10437,b1b1b376,replace-before-launch,,nexsas-images-reconstructed.zip,User-supplied NextSaaS source; retain purchase/license documentation.,5
NSA-7c6e65ed-10787,nexsas-images/ai-agency/images/icons/client-logo-8-dark.svg,ai-agency,client-logo,svg,10787,7c6e65ed,replace-before-launch,,nexsas-images-reconstructed.zip,User-supplied NextSaaS source; retain purchase/license documentation.,4
NSA-489cb73c-10791,nexsas-images/ai-agency/images/icons/client-logo-8.svg,ai-agency,client-logo,svg,10791,489cb73c,replace-before-launch,,nexsas-images-reconstructed.zip,User-supplied NextSaaS source; retain purchase/license documentation.,5
NSA-8fd8bfe3-9864,nexsas-images/ai-agency/images/icons/client-logo-9-dark.svg,ai-agency,client-logo,svg,9864,8fd8bfe3,replace-before-launch,,nexsas-images-reconstructed.zip,User-supplied NextSaaS source; retain purchase/license documentation.,4
NSA-67ba37e2-9864,nexsas-images/ai-agency/images/icons/client-logo-9.svg,ai-agency,client-logo,svg,9864,67ba37e2,replace-before-launch,,nexsas-images-reconstructed.zip,User-supplied NextSaaS source; retain purchase/license documentation.,5
NSA-23b85180-4651,nexsas-images/ai-agency/images/icons/client-logo-dark-1.svg,ai-agency,client-logo,svg,4651,23b85180,replace-before-launch,,nexsas-images-reconstructed.zip,User-supplied NextSaaS source; retain purchase/license documentation.,7
NSA-bbdb004d-4269,nexsas-images/ai-agency/images/icons/client-logo-dark-2.svg,ai-agency,client-logo,svg,4269,bbdb004d,replace-before-launch,,nexsas-images-reconstructed.zip,User-supplied NextSaaS source; retain purchase/license documentation.,7
NSA-6cb025a4-6246,nexsas-images/ai-agency/images/icons/client-logo-dark-3.svg,ai-agency,client-logo,svg,6246,6cb025a4,replace-before-launch,,nexsas-images-reconstructed.zip,User-supplied NextSaaS source; retain purchase/license documentation.,7
NSA-974ed793-3892,nexsas-images/ai-agency/images/icons/client-logo-dark-4.svg,ai-agency,client-logo,svg,3892,974ed793,replace-before-launch,,nexsas-images-reconstructed.zip,User-supplied NextSaaS source; retain purchase/license documentation.,7
NSA-02820bc9-3772,nexsas-images/ai-agency/images/icons/client-logo-dark-5.svg,ai-agency,client-logo,svg,3772,02820bc9,replace-before-launch,,nexsas-images-reconstructed.zip,User-supplied NextSaaS source; retain purchase/license documentation.,7
NSA-ffa828b5-1950,nexsas-images/ai-agency/images/icons/confluence.svg,ai-agency,icon,svg,1950,ffa828b5,production-candidate,,nexsas-images-reconstructed.zip,User-supplied NextSaaS source; retain purchase/license documentation.,5
NSA-b4ad473b-7244,nexsas-images/ai-agency/images/icons/discord-dark.svg,ai-agency,icon,svg,7244,b4ad473b,production-candidate,,nexsas-images-reconstructed.zip,User-supplied NextSaaS source; retain purchase/license documentation.,4
NSA-aa65c413-7433,nexsas-images/ai-agency/images/icons/discord-metal.svg,ai-agency,icon,svg,7433,aa65c413,production-candidate,,nexsas-images-reconstructed.zip,User-supplied NextSaaS source; retain purchase/license documentation.,5
NSA-aee2a89a-7257,nexsas-images/ai-agency/images/icons/discord.svg,ai-agency,icon,svg,7257,aee2a89a,production-candidate,,nexsas-images-reconstructed.zip,User-supplied NextSaaS source; retain purchase/license documentation.,5
NSA-6e8e8701-2369,nexsas-images/ai-agency/images/icons/dribbble.svg,ai-agency,icon,svg,2369,6e8e8701,production-candidate,,nexsas-images-reconstructed.zip,User-supplied NextSaaS source; retain purchase/license documentation.,3
NSA-56383c3e-3277,nexsas-images/ai-agency/images/icons/dropbox-metal.svg,ai-agency,icon,svg,3277,56383c3e,production-candidate,,nexsas-images-reconstructed.zip,User-supplied NextSaaS source; retain purchase/license documentation.,5
NSA-7030de82-3207,nexsas-images/ai-agency/images/icons/dropbox-v2-dark.svg,ai-agency,icon,svg,3207,7030de82,production-candidate,,nexsas-images-reconstructed.zip,User-supplied NextSaaS source; retain purchase/license documentation.,4
NSA-c271d8d7-3217,nexsas-images/ai-agency/images/icons/dropbox-v2.svg,ai-agency,icon,svg,3217,c271d8d7,production-candidate,,nexsas-images-reconstructed.zip,User-supplied NextSaaS source; retain purchase/license documentation.,5
NSA-43ab6ef8-6785,nexsas-images/ai-agency/images/icons/edge.svg,ai-agency,icon,svg,6785,43ab6ef8,production-candidate,,nexsas-images-reconstructed.zip,User-supplied NextSaaS source; retain purchase/license documentation.,5
NSA-f42d6e2d-528,nexsas-images/ai-agency/images/icons/facebook-v2.svg,ai-agency,icon,svg,528,f42d6e2d,production-candidate,,nexsas-images-reconstructed.zip,User-supplied NextSaaS source; retain purchase/license documentation.,5
NSA-1b1f98ee-1128,nexsas-images/ai-agency/images/icons/facebook.svg,ai-agency,icon,svg,1128,1b1f98ee,production-candidate,,nexsas-images-reconstructed.zip,User-supplied NextSaaS source; retain purchase/license documentation.,3
NSA-a95eb892-877,nexsas-images/ai-agency/images/icons/figma.svg,ai-agency,icon,svg,877,a95eb892,production-candidate,,nexsas-images-reconstructed.zip,User-supplied NextSaaS source; retain purchase/license documentation.,5
NSA-ebc11715-348,nexsas-images/ai-agency/images/icons/framer.svg,ai-agency,icon,svg,348,ebc11715,production-candidate,,nexsas-images-reconstructed.zip,User-supplied NextSaaS source; retain purchase/license documentation.,5
NSA-310fc642-1519,nexsas-images/ai-agency/images/icons/gmail.svg,ai-agency,icon,svg,1519,310fc642,production-candidate,,nexsas-images-reconstructed.zip,User-supplied NextSaaS source; retain purchase/license documentation.,5
NSA-494b00b9-1098,nexsas-images/ai-agency/images/icons/google-meet.svg,ai-agency,icon,svg,1098,494b00b9,production-candidate,,nexsas-images-reconstructed.zip,User-supplied NextSaaS source; retain purchase/license documentation.,5
NSA-80a23211-1204,nexsas-images/ai-agency/images/icons/google.svg,ai-agency,icon,svg,1204,80a23211,production-candidate,,nexsas-images-reconstructed.zip,User-supplied NextSaaS source; retain purchase/license documentation.,5
NSA-4af48e6e-1216,nexsas-images/ai-agency/images/icons/home.svg,ai-agency,icon,svg,1216,4af48e6e,production-candidate,,nexsas-images-reconstructed.zip,User-supplied NextSaaS source; retain purchase/license documentation.,5
NSA-e5798199-4860,nexsas-images/ai-agency/images/icons/hotjar-dark.svg,ai-agency,icon,svg,4860,e5798199,production-candidate,,nexsas-images-reconstructed.zip,User-supplied NextSaaS source; retain purchase/license documentation.,4
NSA-912b2f3b-5083,nexsas-images/ai-agency/images/icons/hotjar-metal.svg,ai-agency,icon,svg,5083,912b2f3b,production-candidate,,nexsas-images-reconstructed.zip,User-supplied NextSaaS source; retain purchase/license documentation.,5
NSA-ecb519c5-4862,nexsas-images/ai-agency/images/icons/hotjar.svg,ai-agency,icon,svg,4862,ecb519c5,production-candidate,,nexsas-images-reconstructed.zip,User-supplied NextSaaS source; retain purchase/license documentation.,5
NSA-6df78624-923,nexsas-images/ai-agency/images/icons/instagram.svg,ai-agency,icon,svg,923,6df78624,production-candidate,,nexsas-images-reconstructed.zip,User-supplied NextSaaS source; retain purchase/license documentation.,3
NSA-d5b4968b-3769,nexsas-images/ai-agency/images/icons/lattice-dark.svg,ai-agency,icon,svg,3769,d5b4968b,production-candidate,,nexsas-images-reconstructed.zip,User-supplied NextSaaS source; retain purchase/license documentation.,4
NSA-11184f85-3870,nexsas-images/ai-agency/images/icons/lattice-metal.svg,ai-agency,icon,svg,3870,11184f85,production-candidate,,nexsas-images-reconstructed.zip,User-supplied NextSaaS source; retain purchase/license documentation.,5
NSA-eb79eb2c-3770,nexsas-images/ai-agency/images/icons/lattice.svg,ai-agency,icon,svg,3770,eb79eb2c,production-candidate,,nexsas-images-reconstructed.zip,User-supplied NextSaaS source; retain purchase/license documentation.,5
NSA-c63d1ab2-1082,nexsas-images/ai-agency/images/icons/linkedin.svg,ai-agency,icon,svg,1082,c63d1ab2,production-candidate,,nexsas-images-reconstructed.zip,User-supplied NextSaaS source; retain purchase/license documentation.,3
NSA-48dd948a-1556,nexsas-images/ai-agency/images/icons/mail-open.svg,ai-agency,icon,svg,1556,48dd948a,production-candidate,,nexsas-images-reconstructed.zip,User-supplied NextSaaS source; retain purchase/license documentation.,5
NSA-1e7f35bb-930,nexsas-images/ai-agency/images/icons/marvel.svg,ai-agency,icon,svg,930,1e7f35bb,production-candidate,,nexsas-images-reconstructed.zip,User-supplied NextSaaS source; retain purchase/license documentation.,5
NSA-194215d5-361,nexsas-images/ai-agency/images/icons/microsoft.svg,ai-agency,icon,svg,361,194215d5,production-candidate,,nexsas-images-reconstructed.zip,User-supplied NextSaaS source; retain purchase/license documentation.,5
NSA-42673a06-2167,nexsas-images/ai-agency/images/icons/ms_yammer.svg,ai-agency,icon,svg,2167,42673a06,production-candidate,,nexsas-images-reconstructed.zip,User-supplied NextSaaS source; retain purchase/license documentation.,5
NSA-576ca9aa-3515,nexsas-images/ai-agency/images/icons/notion-metal.svg,ai-agency,icon,svg,3515,576ca9aa,production-candidate,,nexsas-images-reconstructed.zip,User-supplied NextSaaS source; retain purchase/license documentation.,5
NSA-87facf81-3453,nexsas-images/ai-agency/images/icons/notion-v2-dark.svg,ai-agency,icon,svg,3453,87facf81,production-candidate,,nexsas-images-reconstructed.zip,User-supplied NextSaaS source; retain purchase/license documentation.,4
NSA-383c8454-3455,nexsas-images/ai-agency/images/icons/notion-v2.svg,ai-agency,icon,svg,3455,383c8454,production-candidate,,nexsas-images-reconstructed.zip,User-supplied NextSaaS source; retain purchase/license documentation.,5
NSA-1f96c838-6380,nexsas-images/ai-agency/images/icons/outreach-metal.svg,ai-agency,icon,svg,6380,1f96c838,production-candidate,,nexsas-images-reconstructed.zip,User-supplied NextSaaS source; retain purchase/license documentation.,5
NSA-c3d02d9b-1346,nexsas-images/ai-agency/images/icons/phone-right.svg,ai-agency,icon,svg,1346,c3d02d9b,production-candidate,,nexsas-images-reconstructed.zip,User-supplied NextSaaS source; retain purchase/license documentation.,5
NSA-5ee29958-4693,nexsas-images/ai-agency/images/icons/scapic-dark.svg,ai-agency,icon,svg,4693,5ee29958,production-candidate,,nexsas-images-reconstructed.zip,User-supplied NextSaaS source; retain purchase/license documentation.,4
NSA-496266ec-4875,nexsas-images/ai-agency/images/icons/scapic-metal.svg,ai-agency,icon,svg,4875,496266ec,production-candidate,,nexsas-images-reconstructed.zip,User-supplied NextSaaS source; retain purchase/license documentation.,5
NSA-dc5b13b9-4706,nexsas-images/ai-agency/images/icons/scapic.svg,ai-agency,icon,svg,4706,dc5b13b9,production-candidate,,nexsas-images-reconstructed.zip,User-supplied NextSaaS source; retain purchase/license documentation.,5
NSA-163adc2b-1698,nexsas-images/ai-agency/images/icons/slack.svg,ai-agency,icon,svg,1698,163adc2b,production-candidate,,nexsas-images-reconstructed.zip,User-supplied NextSaaS source; retain purchase/license documentation.,5
NSA-d50bfe1b-11746,nexsas-images/ai-agency/images/icons/snapchat.svg,ai-agency,icon,svg,11746,d50bfe1b,production-candidate,,nexsas-images-reconstructed.zip,User-supplied NextSaaS source; retain purchase/license documentation.,5
NSA-e0f64780-6452,nexsas-images/ai-agency/images/icons/spotify-dark.svg,ai-agency,icon,svg,6452,e0f64780,production-candidate,,nexsas-images-reconstructed.zip,User-supplied NextSaaS source; retain purchase/license documentation.,4
NSA-4dab41f0-6508,nexsas-images/ai-agency/images/icons/spotify-metal.svg,ai-agency,icon,svg,6508,4dab41f0,production-candidate,,nexsas-images-reconstructed.zip,User-supplied NextSaaS source; retain purchase/license documentation.,5
NSA-952cff17-6472,nexsas-images/ai-agency/images/icons/spotify.svg,ai-agency,icon,svg,6472,952cff17,production-candidate,,nexsas-images-reconstructed.zip,User-supplied NextSaaS source; retain purchase/license documentation.,5
NSA-421c5ecd-11977,nexsas-images/ai-agency/images/icons/squarespace-dark.svg,ai-agency,icon,svg,11977,421c5ecd,production-candidate,,nexsas-images-reconstructed.zip,User-supplied NextSaaS source; retain purchase/license documentation.,4
NSA-a50002a7-12075,nexsas-images/ai-agency/images/icons/squarespace-metal.svg,ai-agency,icon,svg,12075,a50002a7,production-candidate,,nexsas-images-reconstructed.zip,User-supplied NextSaaS source; retain purchase/license documentation.,5
NSA-f6a6c2d6-11981,nexsas-images/ai-agency/images/icons/squarespace.svg,ai-agency,icon,svg,11981,f6a6c2d6,production-candidate,,nexsas-images-reconstructed.zip,User-supplied NextSaaS source; retain purchase/license documentation.,5
NSA-c2fceb5d-3403,nexsas-images/ai-agency/images/icons/stripe-dark.svg,ai-agency,icon,svg,3403,c2fceb5d,production-candidate,,nexsas-images-reconstructed.zip,User-supplied NextSaaS source; retain purchase/license documentation.,4
NSA-353e3c3d-3681,nexsas-images/ai-agency/images/icons/stripe-metal.svg,ai-agency,icon,svg,3681,353e3c3d,production-candidate,,nexsas-images-reconstructed.zip,User-supplied NextSaaS source; retain purchase/license documentation.,5
NSA-f612863d-3419,nexsas-images/ai-agency/images/icons/stripe.svg,ai-agency,icon,svg,3419,f612863d,production-candidate,,nexsas-images-reconstructed.zip,User-supplied NextSaaS source; retain purchase/license documentation.,5
NSA-8eb9b977-2540,nexsas-images/ai-agency/images/icons/vl-white.svg,ai-agency,icon,svg,2540,8eb9b977,production-candidate,,nexsas-images-reconstructed.zip,User-supplied NextSaaS source; retain purchase/license documentation.,4
NSA-bd29c12c-2538,nexsas-images/ai-agency/images/icons/vl.svg,ai-agency,icon,svg,2538,bd29c12c,production-candidate,,nexsas-images-reconstructed.zip,User-supplied NextSaaS source; retain purchase/license documentation.,5
NSA-c9648a55-820,nexsas-images/ai-agency/images/icons/youtube.svg,ai-agency,icon,svg,820,c9648a55,production-candidate,,nexsas-images-reconstructed.zip,User-supplied NextSaaS source; retain purchase/license documentation.,3
NSA-f61c5576-4892,nexsas-images/ai-agency/images/ns-author-avatar-bg.png,ai-agency,avatar,png,4892,f61c5576,editorial-placeholder-only,,nexsas-images-reconstructed.zip,User-supplied NextSaaS source; retain purchase/license documentation.,5
NSA-2a665110-368531,nexsas-images/ai-agency/images/ns-avatar-1.png,ai-agency,avatar,png,368531,2a665110,editorial-placeholder-only,,nexsas-images-reconstructed.zip,User-supplied NextSaaS source; retain purchase/license documentation.,5
NSA-fa84313b-284524,nexsas-images/ai-agency/images/ns-avatar-10.png,ai-agency,avatar,png,284524,fa84313b,editorial-placeholder-only,,nexsas-images-reconstructed.zip,User-supplied NextSaaS source; retain purchase/license documentation.,5
NSA-3e17a994-297962,nexsas-images/ai-agency/images/ns-avatar-11.png,ai-agency,avatar,png,297962,3e17a994,editorial-placeholder-only,,nexsas-images-reconstructed.zip,User-supplied NextSaaS source; retain purchase/license documentation.,5
NSA-59e9820a-287348,nexsas-images/ai-agency/images/ns-avatar-12.png,ai-agency,avatar,png,287348,59e9820a,editorial-placeholder-only,,nexsas-images-reconstructed.zip,User-supplied NextSaaS source; retain purchase/license documentation.,4
NSA-daf1ff95-312901,nexsas-images/ai-agency/images/ns-avatar-13.png,ai-agency,avatar,png,312901,daf1ff95,editorial-placeholder-only,,nexsas-images-reconstructed.zip,User-supplied NextSaaS source; retain purchase/license documentation.,4
NSA-6540bbc1-291876,nexsas-images/ai-agency/images/ns-avatar-14.png,ai-agency,avatar,png,291876,6540bbc1,editorial-placeholder-only,,nexsas-images-reconstructed.zip,User-supplied NextSaaS source; retain purchase/license documentation.,4
NSA-5dabefab-24992,nexsas-images/ai-agency/images/ns-avatar-15.png,ai-agency,avatar,png,24992,5dabefab,editorial-placeholder-only,,nexsas-images-reconstructed.zip,User-supplied NextSaaS source; retain purchase/license documentation.,5
NSA-47a60f43-25723,nexsas-images/ai-agency/images/ns-avatar-16.png,ai-agency,avatar,png,25723,47a60f43,editorial-placeholder-only,,nexsas-images-reconstructed.zip,User-supplied NextSaaS source; retain purchase/license documentation.,5
NSA-6971f295-22474,nexsas-images/ai-agency/images/ns-avatar-17.png,ai-agency,avatar,png,22474,6971f295,editorial-placeholder-only,,nexsas-images-reconstructed.zip,User-supplied NextSaaS source; retain purchase/license documentation.,5
NSA-292d968a-17073,nexsas-images/ai-agency/images/ns-avatar-18.png,ai-agency,avatar,png,17073,292d968a,editorial-placeholder-only,,nexsas-images-reconstructed.zip,User-supplied NextSaaS source; retain purchase/license documentation.,6
NSA-edda4320-300172,nexsas-images/ai-agency/images/ns-avatar-2.png,ai-agency,avatar,png,300172,edda4320,editorial-placeholder-only,,nexsas-images-reconstructed.zip,User-supplied NextSaaS source; retain purchase/license documentation.,5
NSA-b06c05c5-947006,nexsas-images/ai-agency/images/ns-avatar-20.png,ai-agency,avatar,png,947006,b06c05c5,editorial-placeholder-only,,nexsas-images-reconstructed.zip,User-supplied NextSaaS source; retain purchase/license documentation.,5
NSA-cd76695e-2034537,nexsas-images/ai-agency/images/ns-avatar-21.png,ai-agency,avatar,png,2034537,cd76695e,editorial-placeholder-only,,nexsas-images-reconstructed.zip,User-supplied NextSaaS source; retain purchase/license documentation.,5
NSA-272909a8-2101747,nexsas-images/ai-agency/images/ns-avatar-22.png,ai-agency,avatar,png,2101747,272909a8,editorial-placeholder-only,,nexsas-images-reconstructed.zip,User-supplied NextSaaS source; retain purchase/license documentation.,5
NSA-1c4b8e19-1397103,nexsas-images/ai-agency/images/ns-avatar-23.png,ai-agency,avatar,png,1397103,1c4b8e19,editorial-placeholder-only,,nexsas-images-reconstructed.zip,User-supplied NextSaaS source; retain purchase/license documentation.,5
NSA-1a327ec1-280022,nexsas-images/ai-agency/images/ns-avatar-3.png,ai-agency,avatar,png,280022,1a327ec1,editorial-placeholder-only,,nexsas-images-reconstructed.zip,User-supplied NextSaaS source; retain purchase/license documentation.,5
NSA-7498a9ca-345560,nexsas-images/ai-agency/images/ns-avatar-4.png,ai-agency,avatar,png,345560,7498a9ca,editorial-placeholder-only,,nexsas-images-reconstructed.zip,User-supplied NextSaaS source; retain purchase/license documentation.,5
NSA-37fb830e-317544,nexsas-images/ai-agency/images/ns-avatar-5.png,ai-agency,avatar,png,317544,37fb830e,editorial-placeholder-only,,nexsas-images-reconstructed.zip,User-supplied NextSaaS source; retain purchase/license documentation.,5
NSA-ffc60d59-273171,nexsas-images/ai-agency/images/ns-avatar-6.png,ai-agency,avatar,png,273171,ffc60d59,editorial-placeholder-only,,nexsas-images-reconstructed.zip,User-supplied NextSaaS source; retain purchase/license documentation.,5
NSA-192688ea-184339,nexsas-images/ai-agency/images/ns-avatar-7.png,ai-agency,avatar,png,184339,192688ea,editorial-placeholder-only,,nexsas-images-reconstructed.zip,User-supplied NextSaaS source; retain purchase/license documentation.,5
NSA-58e06f13-271269,nexsas-images/ai-agency/images/ns-avatar-8.png,ai-agency,avatar,png,271269,58e06f13,editorial-placeholder-only,,nexsas-images-reconstructed.zip,User-supplied NextSaaS source; retain purchase/license documentation.,5
NSA-595e54c2-218227,nexsas-images/ai-agency/images/ns-avatar-9.png,ai-agency,avatar,png,218227,595e54c2,editorial-placeholder-only,,nexsas-images-reconstructed.zip,User-supplied NextSaaS source; retain purchase/license documentation.,5
NSA-63c8b991-12070,nexsas-images/ai-agency/images/ns-img-100.png,ai-agency,image,png,12070,63c8b991,production-candidate,,nexsas-images-reconstructed.zip,User-supplied NextSaaS source; retain purchase/license documentation.,1
NSA-7a568d48-130382,nexsas-images/ai-agency/images/ns-img-101.png,ai-agency,image,png,130382,7a568d48,production-candidate,,nexsas-images-reconstructed.zip,User-supplied NextSaaS source; retain purchase/license documentation.,1
NSA-2a446a4c-24089,nexsas-images/ai-agency/images/ns-img-102.png,ai-agency,image,png,24089,2a446a4c,production-candidate,,nexsas-images-reconstructed.zip,User-supplied NextSaaS source; retain purchase/license documentation.,1
NSA-8695f699-11294,nexsas-images/ai-agency/images/ns-img-103.png,ai-agency,image,png,11294,8695f699,production-candidate,,nexsas-images-reconstructed.zip,User-supplied NextSaaS source; retain purchase/license documentation.,1
NSA-1ab651e4-197191,nexsas-images/ai-agency/images/ns-img-104.png,ai-agency,image,png,197191,1ab651e4,production-candidate,,nexsas-images-reconstructed.zip,User-supplied NextSaaS source; retain purchase/license documentation.,1
NSA-db783e21-73505,nexsas-images/ai-agency/images/ns-img-105.png,ai-agency,image,png,73505,db783e21,production-candidate,,nexsas-images-reconstructed.zip,User-supplied NextSaaS source; retain purchase/license documentation.,1
NSA-00c56e96-152469,nexsas-images/ai-agency/images/ns-img-124.png,ai-agency,image,png,152469,00c56e96,production-candidate,,nexsas-images-reconstructed.zip,User-supplied NextSaaS source; retain purchase/license documentation.,3
NSA-d903b386-166734,nexsas-images/ai-agency/images/ns-img-14.png,ai-agency,image,png,166734,d903b386,production-candidate,,nexsas-images-reconstructed.zip,User-supplied NextSaaS source; retain purchase/license documentation.,5
NSA-999efef4-3433879,nexsas-images/ai-agency/images/ns-img-169.png,ai-agency,image,png,3433879,999efef4,production-candidate,,nexsas-images-reconstructed.zip,User-supplied NextSaaS source; retain purchase/license documentation.,0
NSA-ba649586-605154,nexsas-images/ai-agency/images/ns-img-171.png,ai-agency,image,png,605154,ba649586,production-candidate,,nexsas-images-reconstructed.zip,User-supplied NextSaaS source; retain purchase/license documentation.,1
NSA-fbd9d33b-6677,nexsas-images/ai-agency/images/ns-img-172.svg,ai-agency,vector,svg,6677,fbd9d33b,production-candidate,,nexsas-images-reconstructed.zip,User-supplied NextSaaS source; retain purchase/license documentation.,0
NSA-292d27ec-30718,nexsas-images/ai-agency/images/ns-img-173.png,ai-agency,image,png,30718,292d27ec,production-candidate,,nexsas-images-reconstructed.zip,User-supplied NextSaaS source; retain purchase/license documentation.,0
NSA-44ebb89a-5650,nexsas-images/ai-agency/images/ns-img-174.png,ai-agency,image,png,5650,44ebb89a,excluded,dimension-placeholder-image,nexsas-images-reconstructed.zip,User-supplied NextSaaS source; retain purchase/license documentation.,0
NSA-0c4e470c-83096,nexsas-images/ai-agency/images/ns-img-175.png,ai-agency,image,png,83096,0c4e470c,production-candidate,,nexsas-images-reconstructed.zip,User-supplied NextSaaS source; retain purchase/license documentation.,0
NSA-82889ab8-32903,nexsas-images/ai-agency/images/ns-img-176.png,ai-agency,image,png,32903,82889ab8,production-candidate,,nexsas-images-reconstructed.zip,User-supplied NextSaaS source; retain purchase/license documentation.,0
NSA-d84caf18-11206,nexsas-images/ai-agency/images/ns-img-177.png,ai-agency,image,png,11206,d84caf18,production-candidate,,nexsas-images-reconstructed.zip,User-supplied NextSaaS source; retain purchase/license documentation.,0
NSA-fe3f4eed-10139,nexsas-images/ai-agency/images/ns-img-178.png,ai-agency,image,png,10139,fe3f4eed,production-candidate,,nexsas-images-reconstructed.zip,User-supplied NextSaaS source; retain purchase/license documentation.,0
NSA-73490f81-242071,nexsas-images/ai-agency/images/ns-img-179.png,ai-agency,image,png,242071,73490f81,production-candidate,,nexsas-images-reconstructed.zip,User-supplied NextSaaS source; retain purchase/license documentation.,0
NSA-a11c703b-27404,nexsas-images/ai-agency/images/ns-img-180.png,ai-agency,image,png,27404,a11c703b,production-candidate,,nexsas-images-reconstructed.zip,User-supplied NextSaaS source; retain purchase/license documentation.,0
NSA-15ed14e8-40384,nexsas-images/ai-agency/images/ns-img-181.png,ai-agency,image,png,40384,15ed14e8,production-candidate,,nexsas-images-reconstructed.zip,User-supplied NextSaaS source; retain purchase/license documentation.,0
NSA-af8ba57d-37344,nexsas-images/ai-agency/images/ns-img-182.png,ai-agency,image,png,37344,af8ba57d,production-candidate,,nexsas-images-reconstructed.zip,User-supplied NextSaaS source; retain purchase/license documentation.,0
NSA-7d9890a5-779929,nexsas-images/ai-agency/images/ns-img-183.png,ai-agency,image,png,779929,7d9890a5,production-candidate,,nexsas-images-reconstructed.zip,User-supplied NextSaaS source; retain purchase/license documentation.,0
NSA-52508793-603276,nexsas-images/ai-agency/images/ns-img-184.png,ai-agency,image,png,603276,52508793,production-candidate,,nexsas-images-reconstructed.zip,User-supplied NextSaaS source; retain purchase/license documentation.,0
NSA-4cd87063-309236,nexsas-images/ai-agency/images/ns-img-185.png,ai-agency,image,png,309236,4cd87063,production-candidate,,nexsas-images-reconstructed.zip,User-supplied NextSaaS source; retain purchase/license documentation.,0
NSA-239c69c9-336241,nexsas-images/ai-agency/images/ns-img-186.jpg,ai-agency,image,jpg,336241,239c69c9,production-candidate,,nexsas-images-reconstructed.zip,User-supplied NextSaaS source; retain purchase/license documentation.,0
NSA-ca081088-580035,nexsas-images/ai-agency/images/ns-img-208.png,ai-agency,image,png,580035,ca081088,production-candidate,,nexsas-images-reconstructed.zip,User-supplied NextSaaS source; retain purchase/license documentation.,4
NSA-3d12bc9d-1355,nexsas-images/ai-agency/images/ns-img-336.svg,ai-agency,vector,svg,1355,3d12bc9d,production-candidate,,nexsas-images-reconstructed.zip,User-supplied NextSaaS source; retain purchase/license documentation.,4
NSA-3f1bdb5c-1347,nexsas-images/ai-agency/images/ns-img-337.svg,ai-agency,vector,svg,1347,3f1bdb5c,production-candidate,,nexsas-images-reconstructed.zip,User-supplied NextSaaS source; retain purchase/license documentation.,4
NSA-eca9b50f-779470,nexsas-images/ai-agency/images/ns-img-353.png,ai-agency,image,png,779470,eca9b50f,production-candidate,,nexsas-images-reconstructed.zip,User-supplied NextSaaS source; retain purchase/license documentation.,4
NSA-2fa165d4-5879,nexsas-images/ai-agency/images/ns-img-356.png,ai-agency,image,png,5879,2fa165d4,production-candidate,,nexsas-images-reconstructed.zip,User-supplied NextSaaS source; retain purchase/license documentation.,5
NSA-fd924707-152176,nexsas-images/ai-agency/images/ns-img-359.png,ai-agency,image,png,152176,fd924707,production-candidate,,nexsas-images-reconstructed.zip,User-supplied NextSaaS source; retain purchase/license documentation.,3
NSA-410e7ffd-116927,nexsas-images/ai-agency/images/ns-img-360.png,ai-agency,image,png,116927,410e7ffd,production-candidate,,nexsas-images-reconstructed.zip,User-supplied NextSaaS source; retain purchase/license documentation.,3
NSA-63089d44-36137,nexsas-images/ai-agency/images/ns-img-361.png,ai-agency,image,png,36137,63089d44,production-candidate,,nexsas-images-reconstructed.zip,User-supplied NextSaaS source; retain purchase/license documentation.,3
NSA-4343af4f-28745,nexsas-images/ai-agency/images/ns-img-362.svg,ai-agency,vector,svg,28745,4343af4f,production-candidate,,nexsas-images-reconstructed.zip,User-supplied NextSaaS source; retain purchase/license documentation.,3
NSA-b23a68f8-19486,nexsas-images/ai-agency/images/ns-img-363.png,ai-agency,image,png,19486,b23a68f8,production-candidate,,nexsas-images-reconstructed.zip,User-supplied NextSaaS source; retain purchase/license documentation.,3
NSA-cf9016ed-17938,nexsas-images/ai-agency/images/ns-img-364.png,ai-agency,image,png,17938,cf9016ed,production-candidate,,nexsas-images-reconstructed.zip,User-supplied NextSaaS source; retain purchase/license documentation.,3
NSA-c9df99d9-677588,nexsas-images/ai-agency/images/ns-img-365.png,ai-agency,image,png,677588,c9df99d9,production-candidate,,nexsas-images-reconstructed.zip,User-supplied NextSaaS source; retain purchase/license documentation.,3
NSA-1a6f6a64-6466,nexsas-images/ai-agency/images/ns-img-366.png,ai-agency,image,png,6466,1a6f6a64,production-candidate,,nexsas-images-reconstructed.zip,User-supplied NextSaaS source; retain purchase/license documentation.,3
NSA-5eded199-268258,nexsas-images/ai-agency/images/ns-img-367.png,ai-agency,image,png,268258,5eded199,production-candidate,,nexsas-images-reconstructed.zip,User-supplied NextSaaS source; retain purchase/license documentation.,4
NSA-48b4e364-708926,nexsas-images/ai-agency/images/ns-img-368.png,ai-agency,image,png,708926,48b4e364,production-candidate,,nexsas-images-reconstructed.zip,User-supplied NextSaaS source; retain purchase/license documentation.,5
NSA-af4b6ce0-128487,nexsas-images/ai-agency/images/ns-img-369.png,ai-agency,image,png,128487,af4b6ce0,production-candidate,,nexsas-images-reconstructed.zip,User-supplied NextSaaS source; retain purchase/license documentation.,5
NSA-62fff367-2445931,nexsas-images/ai-agency/images/ns-img-370.png,ai-agency,image,png,2445931,62fff367,production-candidate,,nexsas-images-reconstructed.zip,User-supplied NextSaaS source; retain purchase/license documentation.,4
NSA-ff94fe94-2461640,nexsas-images/ai-agency/images/ns-img-371.png,ai-agency,image,png,2461640,ff94fe94,production-candidate,,nexsas-images-reconstructed.zip,User-supplied NextSaaS source; retain purchase/license documentation.,5
NSA-609b067a-1424000,nexsas-images/ai-agency/images/ns-img-375.jpg,ai-agency,image,jpg,1424000,609b067a,production-candidate,,nexsas-images-reconstructed.zip,User-supplied NextSaaS source; retain purchase/license documentation.,3
NSA-2eb2c374-5696,nexsas-images/ai-agency/images/ns-img-376.svg,ai-agency,vector,svg,5696,2eb2c374,production-candidate,,nexsas-images-reconstructed.zip,User-supplied NextSaaS source; retain purchase/license documentation.,4
NSA-f4622fda-13529,nexsas-images/ai-agency/images/ns-img-377.svg,ai-agency,vector,svg,13529,f4622fda,production-candidate,,nexsas-images-reconstructed.zip,User-supplied NextSaaS source; retain purchase/license documentation.,4
NSA-485b18fd-11339,nexsas-images/ai-agency/images/ns-img-378.svg,ai-agency,vector,svg,11339,485b18fd,production-candidate,,nexsas-images-reconstructed.zip,User-supplied NextSaaS source; retain purchase/license documentation.,4
NSA-95193a23-1381263,nexsas-images/ai-agency/images/ns-img-379.png,ai-agency,image,png,1381263,95193a23,production-candidate,,nexsas-images-reconstructed.zip,User-supplied NextSaaS source; retain purchase/license documentation.,5
NSA-8a6d78ae-855112,nexsas-images/ai-agency/images/ns-img-380.png,ai-agency,image,png,855112,8a6d78ae,production-candidate,,nexsas-images-reconstructed.zip,User-supplied NextSaaS source; retain purchase/license documentation.,4
NSA-a986a7ab-1322425,nexsas-images/ai-agency/images/ns-img-381.jpg,ai-agency,image,jpg,1322425,a986a7ab,production-candidate,,nexsas-images-reconstructed.zip,User-supplied NextSaaS source; retain purchase/license documentation.,5
NSA-a757cdf2-1101619,nexsas-images/ai-agency/images/ns-img-382.jpg,ai-agency,image,jpg,1101619,a757cdf2,production-candidate,,nexsas-images-reconstructed.zip,User-supplied NextSaaS source; retain purchase/license documentation.,5
NSA-78df0623-1109290,nexsas-images/ai-agency/images/ns-img-383.jpg,ai-agency,image,jpg,1109290,78df0623,production-candidate,,nexsas-images-reconstructed.zip,User-supplied NextSaaS source; retain purchase/license documentation.,5
NSA-9562c9b6-8643,nexsas-images/ai-agency/images/ns-img-384.png,ai-agency,image,png,8643,9562c9b6,production-candidate,,nexsas-images-reconstructed.zip,User-supplied NextSaaS source; retain purchase/license documentation.,5
NSA-8ceda293-1012770,nexsas-images/ai-agency/images/ns-img-385.png,ai-agency,image,png,1012770,8ceda293,production-candidate,,nexsas-images-reconstructed.zip,User-supplied NextSaaS source; retain purchase/license documentation.,4
NSA-dcb72864-1012391,nexsas-images/ai-agency/images/ns-img-386.png,ai-agency,image,png,1012391,dcb72864,production-candidate,,nexsas-images-reconstructed.zip,User-supplied NextSaaS source; retain purchase/license documentation.,5
NSA-784b4b30-864641,nexsas-images/ai-agency/images/ns-img-387.png,ai-agency,image,png,864641,784b4b30,production-candidate,,nexsas-images-reconstructed.zip,User-supplied NextSaaS source; retain purchase/license documentation.,5
NSA-90b60e23-667190,nexsas-images/ai-agency/images/ns-img-388.png,ai-agency,image,png,667190,90b60e23,production-candidate,,nexsas-images-reconstructed.zip,User-supplied NextSaaS source; retain purchase/license documentation.,5
NSA-d0ea090f-284342,nexsas-images/ai-agency/images/ns-img-389.png,ai-agency,image,png,284342,d0ea090f,production-candidate,,nexsas-images-reconstructed.zip,User-supplied NextSaaS source; retain purchase/license documentation.,3
NSA-e35dc7f6-2125020,nexsas-images/ai-agency/images/ns-img-390.jpg,ai-agency,image,jpg,2125020,e35dc7f6,production-candidate,,nexsas-images-reconstructed.zip,User-supplied NextSaaS source; retain purchase/license documentation.,5
NSA-3faf4777-363877,nexsas-images/ai-agency/images/ns-img-391.png,ai-agency,image,png,363877,3faf4777,production-candidate,,nexsas-images-reconstructed.zip,User-supplied NextSaaS source; retain purchase/license documentation.,5
NSA-5474e035-27548,nexsas-images/ai-agency/images/ns-img-393.svg,ai-agency,vector,svg,27548,5474e035,production-candidate,,nexsas-images-reconstructed.zip,User-supplied NextSaaS source; retain purchase/license documentation.,1
NSA-40a55d33-18698,nexsas-images/ai-agency/images/ns-img-395.svg,ai-agency,vector,svg,18698,40a55d33,production-candidate,,nexsas-images-reconstructed.zip,User-supplied NextSaaS source; retain purchase/license documentation.,1
NSA-f046b35e-1379606,nexsas-images/ai-agency/images/ns-img-397.png,ai-agency,image,png,1379606,f046b35e,production-candidate,,nexsas-images-reconstructed.zip,User-supplied NextSaaS source; retain purchase/license documentation.,5
NSA-780ce22b-1626975,nexsas-images/ai-agency/images/ns-img-398.png,ai-agency,image,png,1626975,780ce22b,production-candidate,,nexsas-images-reconstructed.zip,User-supplied NextSaaS source; retain purchase/license documentation.,5
NSA-a7394e38-172724,nexsas-images/ai-agency/images/ns-img-399.jpg,ai-agency,image,jpg,172724,a7394e38,production-candidate,,nexsas-images-reconstructed.zip,User-supplied NextSaaS source; retain purchase/license documentation.,3
NSA-0761c81b-524704,nexsas-images/ai-agency/images/ns-img-401.jpg,ai-agency,image,jpg,524704,0761c81b,production-candidate,,nexsas-images-reconstructed.zip,User-supplied NextSaaS source; retain purchase/license documentation.,5
NSA-2d1c07d0-599027,nexsas-images/ai-agency/images/ns-img-402.jpg,ai-agency,image,jpg,599027,2d1c07d0,production-candidate,,nexsas-images-reconstructed.zip,User-supplied NextSaaS source; retain purchase/license documentation.,5
NSA-b5462ef0-1303494,nexsas-images/ai-agency/images/ns-img-404.jpg,ai-agency,image,jpg,1303494,b5462ef0,production-candidate,,nexsas-images-reconstructed.zip,User-supplied NextSaaS source; retain purchase/license documentation.,5
NSA-65626e63-713059,nexsas-images/ai-agency/images/ns-img-405.jpg,ai-agency,image,jpg,713059,65626e63,production-candidate,,nexsas-images-reconstructed.zip,User-supplied NextSaaS source; retain purchase/license documentation.,5
NSA-3a39e6b5-357088,nexsas-images/ai-agency/images/ns-img-406.jpg,ai-agency,image,jpg,357088,3a39e6b5,production-candidate,,nexsas-images-reconstructed.zip,User-supplied NextSaaS source; retain purchase/license documentation.,5
NSA-06f1a91d-178804,nexsas-images/ai-agency/images/ns-img-407.jpg,ai-agency,image,jpg,178804,06f1a91d,production-candidate,,nexsas-images-reconstructed.zip,User-supplied NextSaaS source; retain purchase/license documentation.,5
NSA-b3ff541d-210318,nexsas-images/ai-agency/images/ns-img-408.jpg,ai-agency,image,jpg,210318,b3ff541d,production-candidate,,nexsas-images-reconstructed.zip,User-supplied NextSaaS source; retain purchase/license documentation.,5
NSA-5852151b-240078,nexsas-images/ai-agency/images/ns-img-409.jpg,ai-agency,image,jpg,240078,5852151b,production-candidate,,nexsas-images-reconstructed.zip,User-supplied NextSaaS source; retain purchase/license documentation.,5
NSA-094cc2f2-67665,nexsas-images/ai-agency/images/ns-img-410.jpg,ai-agency,image,jpg,67665,094cc2f2,production-candidate,,nexsas-images-reconstructed.zip,User-supplied NextSaaS source; retain purchase/license documentation.,5
NSA-3ec47d78-306406,nexsas-images/ai-agency/images/ns-img-411.jpg,ai-agency,image,jpg,306406,3ec47d78,production-candidate,,nexsas-images-reconstructed.zip,User-supplied NextSaaS source; retain purchase/license documentation.,5
NSA-d63c7f69-138490,nexsas-images/ai-agency/images/ns-img-412.jpg,ai-agency,image,jpg,138490,d63c7f69,production-candidate,,nexsas-images-reconstructed.zip,User-supplied NextSaaS source; retain purchase/license documentation.,5
NSA-7e381a73-367498,nexsas-images/ai-agency/images/ns-img-413.jpg,ai-agency,image,jpg,367498,7e381a73,production-candidate,,nexsas-images-reconstructed.zip,User-supplied NextSaaS source; retain purchase/license documentation.,5
NSA-dbce3321-229815,nexsas-images/ai-agency/images/ns-img-414.jpg,ai-agency,image,jpg,229815,dbce3321,production-candidate,,nexsas-images-reconstructed.zip,User-supplied NextSaaS source; retain purchase/license documentation.,5
NSA-ec251084-504499,nexsas-images/ai-agency/images/ns-img-415.jpg,ai-agency,image,jpg,504499,ec251084,production-candidate,,nexsas-images-reconstructed.zip,User-supplied NextSaaS source; retain purchase/license documentation.,5
NSA-d63a1f6c-244391,nexsas-images/ai-agency/images/ns-img-416.jpg,ai-agency,image,jpg,244391,d63a1f6c,production-candidate,,nexsas-images-reconstructed.zip,User-supplied NextSaaS source; retain purchase/license documentation.,5
NSA-17c7c47c-224409,nexsas-images/ai-agency/images/ns-img-417.jpg,ai-agency,image,jpg,224409,17c7c47c,production-candidate,,nexsas-images-reconstructed.zip,User-supplied NextSaaS source; retain purchase/license documentation.,5
NSA-388b045a-2025118,nexsas-images/ai-agency/images/ns-img-418.jpg,ai-agency,image,jpg,2025118,388b045a,production-candidate,,nexsas-images-reconstructed.zip,User-supplied NextSaaS source; retain purchase/license documentation.,5
NSA-7633e8bd-205653,nexsas-images/ai-agency/images/ns-img-419.jpg,ai-agency,image,jpg,205653,7633e8bd,production-candidate,,nexsas-images-reconstructed.zip,User-supplied NextSaaS source; retain purchase/license documentation.,10
NSA-0adf7cbe-751692,nexsas-images/ai-agency/images/ns-img-428.png,ai-agency,image,png,751692,0adf7cbe,production-candidate,,nexsas-images-reconstructed.zip,User-supplied NextSaaS source; retain purchase/license documentation.,5
NSA-7430a34f-704949,nexsas-images/ai-agency/images/ns-img-430.png,ai-agency,image,png,704949,7430a34f,production-candidate,,nexsas-images-reconstructed.zip,User-supplied NextSaaS source; retain purchase/license documentation.,2
NSA-ca22f1ff-312664,nexsas-images/ai-agency/images/ns-img-431.png,ai-agency,image,png,312664,ca22f1ff,production-candidate,,nexsas-images-reconstructed.zip,User-supplied NextSaaS source; retain purchase/license documentation.,2
NSA-e1b35623-467027,nexsas-images/ai-agency/images/ns-img-432.png,ai-agency,image,png,467027,e1b35623,production-candidate,,nexsas-images-reconstructed.zip,User-supplied NextSaaS source; retain purchase/license documentation.,2
NSA-3e2fcf44-457642,nexsas-images/ai-agency/images/ns-img-434.png,ai-agency,image,png,457642,3e2fcf44,production-candidate,,nexsas-images-reconstructed.zip,User-supplied NextSaaS source; retain purchase/license documentation.,3
NSA-08408ce2-474013,nexsas-images/ai-agency/images/ns-img-435.png,ai-agency,image,png,474013,08408ce2,production-candidate,,nexsas-images-reconstructed.zip,User-supplied NextSaaS source; retain purchase/license documentation.,5
NSA-5e083da9-421626,nexsas-images/ai-agency/images/ns-img-436.png,ai-agency,image,png,421626,5e083da9,production-candidate,,nexsas-images-reconstructed.zip,User-supplied NextSaaS source; retain purchase/license documentation.,4
NSA-fa982ce8-657821,nexsas-images/ai-agency/images/ns-img-443.png,ai-agency,image,png,657821,fa982ce8,production-candidate,,nexsas-images-reconstructed.zip,User-supplied NextSaaS source; retain purchase/license documentation.,2
NSA-0a47b2f7-1225903,nexsas-images/ai-agency/images/ns-img-444.png,ai-agency,image,png,1225903,0a47b2f7,production-candidate,,nexsas-images-reconstructed.zip,User-supplied NextSaaS source; retain purchase/license documentation.,2
NSA-0966a027-1045924,nexsas-images/ai-agency/images/ns-img-445.png,ai-agency,image,png,1045924,0966a027,production-candidate,,nexsas-images-reconstructed.zip,User-supplied NextSaaS source; retain purchase/license documentation.,2
NSA-757ef783-1102464,nexsas-images/ai-agency/images/ns-img-446.png,ai-agency,image,png,1102464,757ef783,production-candidate,,nexsas-images-reconstructed.zip,User-supplied NextSaaS source; retain purchase/license documentation.,2
NSA-26969965-622245,nexsas-images/ai-agency/images/ns-img-447.png,ai-agency,image,png,622245,26969965,production-candidate,,nexsas-images-reconstructed.zip,User-supplied NextSaaS source; retain purchase/license documentation.,2
NSA-7c3fc6f4-580564,nexsas-images/ai-agency/images/ns-img-448.png,ai-agency,image,png,580564,7c3fc6f4,production-candidate,,nexsas-images-reconstructed.zip,User-supplied NextSaaS source; retain purchase/license documentation.,2
NSA-59fbfde3-772121,nexsas-images/ai-agency/images/ns-img-449.png,ai-agency,image,png,772121,59fbfde3,production-candidate,,nexsas-images-reconstructed.zip,User-supplied NextSaaS source; retain purchase/license documentation.,2
NSA-634eb56f-700425,nexsas-images/ai-agency/images/ns-img-450.png,ai-agency,image,png,700425,634eb56f,production-candidate,,nexsas-images-reconstructed.zip,User-supplied NextSaaS source; retain purchase/license documentation.,2
NSA-509af31b-644696,nexsas-images/ai-agency/images/ns-img-451.png,ai-agency,image,png,644696,509af31b,production-candidate,,nexsas-images-reconstructed.zip,User-supplied NextSaaS source; retain purchase/license documentation.,2
NSA-e6a4eea7-1106154,nexsas-images/ai-agency/images/ns-img-452.png,ai-agency,image,png,1106154,e6a4eea7,production-candidate,,nexsas-images-reconstructed.zip,User-supplied NextSaaS source; retain purchase/license documentation.,2
NSA-46b689f1-420471,nexsas-images/ai-agency/images/ns-img-459.png,ai-agency,image,png,420471,46b689f1,production-candidate,,nexsas-images-reconstructed.zip,User-supplied NextSaaS source; retain purchase/license documentation.,5
NSA-a97ec8ce-445620,nexsas-images/ai-agency/images/ns-img-460.png,ai-agency,image,png,445620,a97ec8ce,production-candidate,,nexsas-images-reconstructed.zip,User-supplied NextSaaS source; retain purchase/license documentation.,5
NSA-1fc78842-341179,nexsas-images/ai-agency/images/ns-img-461.png,ai-agency,image,png,341179,1fc78842,production-candidate,,nexsas-images-reconstructed.zip,User-supplied NextSaaS source; retain purchase/license documentation.,5
NSA-86e90611-336252,nexsas-images/ai-agency/images/ns-img-462.png,ai-agency,image,png,336252,86e90611,production-candidate,,nexsas-images-reconstructed.zip,User-supplied NextSaaS source; retain purchase/license documentation.,5
NSA-046d2791-504620,nexsas-images/ai-agency/images/ns-img-463.png,ai-agency,image,png,504620,046d2791,production-candidate,,nexsas-images-reconstructed.zip,User-supplied NextSaaS source; retain purchase/license documentation.,5
NSA-4f914b69-1556068,nexsas-images/ai-agency/images/ns-img-464.png,ai-agency,image,png,1556068,4f914b69,production-candidate,,nexsas-images-reconstructed.zip,User-supplied NextSaaS source; retain purchase/license documentation.,5
NSA-c9dc2707-1136100,nexsas-images/ai-agency/images/ns-img-492.png,ai-agency,image,png,1136100,c9dc2707,production-candidate,,nexsas-images-reconstructed.zip,User-supplied NextSaaS source; retain purchase/license documentation.,3
NSA-5605f71e-1401645,nexsas-images/ai-agency/images/ns-img-495.png,ai-agency,image,png,1401645,5605f71e,production-candidate,,nexsas-images-reconstructed.zip,User-supplied NextSaaS source; retain purchase/license documentation.,3
NSA-6e4796c0-1167717,nexsas-images/ai-agency/images/ns-img-496.png,ai-agency,image,png,1167717,6e4796c0,production-candidate,,nexsas-images-reconstructed.zip,User-supplied NextSaaS source; retain purchase/license documentation.,4
NSA-9e25ccbc-1024963,nexsas-images/ai-agency/images/ns-img-498.png,ai-agency,image,png,1024963,9e25ccbc,production-candidate,,nexsas-images-reconstructed.zip,User-supplied NextSaaS source; retain purchase/license documentation.,5
NSA-18a6d36c-1500476,nexsas-images/ai-agency/images/ns-img-499.png,ai-agency,image,png,1500476,18a6d36c,production-candidate,,nexsas-images-reconstructed.zip,User-supplied NextSaaS source; retain purchase/license documentation.,4
NSA-acc94847-1101474,nexsas-images/ai-agency/images/ns-img-501.png,ai-agency,image,png,1101474,acc94847,production-candidate,,nexsas-images-reconstructed.zip,User-supplied NextSaaS source; retain purchase/license documentation.,3
NSA-61db46b0-1051163,nexsas-images/ai-agency/images/ns-img-504.png,ai-agency,image,png,1051163,61db46b0,production-candidate,,nexsas-images-reconstructed.zip,User-supplied NextSaaS source; retain purchase/license documentation.,1
NSA-b62fc47f-885558,nexsas-images/ai-agency/images/ns-img-508.png,ai-agency,image,png,885558,b62fc47f,production-candidate,,nexsas-images-reconstructed.zip,User-supplied NextSaaS source; retain purchase/license documentation.,4
NSA-ba27f1c2-875451,nexsas-images/ai-agency/images/ns-img-509.png,ai-agency,image,png,875451,ba27f1c2,production-candidate,,nexsas-images-reconstructed.zip,User-supplied NextSaaS source; retain purchase/license documentation.,5
NSA-7a13aa9d-1046314,nexsas-images/ai-agency/images/ns-img-510.png,ai-agency,image,png,1046314,7a13aa9d,production-candidate,,nexsas-images-reconstructed.zip,User-supplied NextSaaS source; retain purchase/license documentation.,5
NSA-f77094dc-1301400,nexsas-images/ai-agency/images/ns-img-515.png,ai-agency,image,png,1301400,f77094dc,production-candidate,,nexsas-images-reconstructed.zip,User-supplied NextSaaS source; retain purchase/license documentation.,3
NSA-ce0f0d57-246691,nexsas-images/ai-agency/images/ns-img-516.png,ai-agency,image,png,246691,ce0f0d57,production-candidate,,nexsas-images-reconstructed.zip,User-supplied NextSaaS source; retain purchase/license documentation.,5
NSA-6cb12ae7-1195900,nexsas-images/ai-agency/images/ns-img-52.png,ai-agency,image,png,1195900,6cb12ae7,production-candidate,,nexsas-images-reconstructed.zip,User-supplied NextSaaS source; retain purchase/license documentation.,4
NSA-67f56fa6-631555,nexsas-images/ai-agency/images/ns-img-520.png,ai-agency,image,png,631555,67f56fa6,production-candidate,,nexsas-images-reconstructed.zip,User-supplied NextSaaS source; retain purchase/license documentation.,1
NSA-c05e0b17-625261,nexsas-images/ai-agency/images/ns-img-521.png,ai-agency,image,png,625261,c05e0b17,production-candidate,,nexsas-images-reconstructed.zip,User-supplied NextSaaS source; retain purchase/license documentation.,1
NSA-615071f9-454806,nexsas-images/ai-agency/images/ns-img-522.png,ai-agency,image,png,454806,615071f9,production-candidate,,nexsas-images-reconstructed.zip,User-supplied NextSaaS source; retain purchase/license documentation.,1
NSA-195090a2-720208,nexsas-images/ai-agency/images/ns-img-523.png,ai-agency,image,png,720208,195090a2,production-candidate,,nexsas-images-reconstructed.zip,User-supplied NextSaaS source; retain purchase/license documentation.,4
NSA-303940ce-1968794,nexsas-images/ai-agency/images/ns-img-532.png,ai-agency,image,png,1968794,303940ce,production-candidate,,nexsas-images-reconstructed.zip,User-supplied NextSaaS source; retain purchase/license documentation.,1
NSA-12ac19b1-701057,nexsas-images/ai-agency/images/ns-img-533.png,ai-agency,image,png,701057,12ac19b1,production-candidate,,nexsas-images-reconstructed.zip,User-supplied NextSaaS source; retain purchase/license documentation.,4
NSA-e08a314e-749878,nexsas-images/ai-agency/images/ns-img-539.png,ai-agency,image,png,749878,e08a314e,production-candidate,,nexsas-images-reconstructed.zip,User-supplied NextSaaS source; retain purchase/license documentation.,0
NSA-ce875e04-53883,nexsas-images/ai-agency/images/ns-img-57.png,ai-agency,image,png,53883,ce875e04,production-candidate,,nexsas-images-reconstructed.zip,User-supplied NextSaaS source; retain purchase/license documentation.,3
NSA-07cad81f-37094,nexsas-images/ai-agency/images/ns-img-58.svg,ai-agency,vector,svg,37094,07cad81f,production-candidate,,nexsas-images-reconstructed.zip,User-supplied NextSaaS source; retain purchase/license documentation.,3
NSA-b2e864e5-24241,nexsas-images/ai-agency/images/ns-img-59.svg,ai-agency,vector,svg,24241,b2e864e5,production-candidate,,nexsas-images-reconstructed.zip,User-supplied NextSaaS source; retain purchase/license documentation.,3
NSA-8a1a9ab4-7994,nexsas-images/ai-agency/images/ns-img-66.svg,ai-agency,vector,svg,7994,8a1a9ab4,production-candidate,,nexsas-images-reconstructed.zip,User-supplied NextSaaS source; retain purchase/license documentation.,3
NSA-1b5bb968-38370,nexsas-images/ai-agency/images/ns-img-67.png,ai-agency,image,png,38370,1b5bb968,production-candidate,,nexsas-images-reconstructed.zip,User-supplied NextSaaS source; retain purchase/license documentation.,4
NSA-fa72eb55-20639,nexsas-images/ai-agency/images/ns-img-68.png,ai-agency,image,png,20639,fa72eb55,production-candidate,,nexsas-images-reconstructed.zip,User-supplied NextSaaS source; retain purchase/license documentation.,4
NSA-ec959a06-31290,nexsas-images/ai-agency/images/ns-img-69.png,ai-agency,image,png,31290,ec959a06,production-candidate,,nexsas-images-reconstructed.zip,User-supplied NextSaaS source; retain purchase/license documentation.,4
NSA-d1c885fc-13527,nexsas-images/ai-agency/images/ns-img-70.png,ai-agency,image,png,13527,d1c885fc,production-candidate,,nexsas-images-reconstructed.zip,User-supplied NextSaaS source; retain purchase/license documentation.,4
NSA-2db9af36-26418,nexsas-images/ai-agency/images/ns-img-71.png,ai-agency,image,png,26418,2db9af36,production-candidate,,nexsas-images-reconstructed.zip,User-supplied NextSaaS source; retain purchase/license documentation.,4
NSA-55fe5ad1-14954,nexsas-images/ai-agency/images/ns-img-72.png,ai-agency,image,png,14954,55fe5ad1,production-candidate,,nexsas-images-reconstructed.zip,User-supplied NextSaaS source; retain purchase/license documentation.,4
NSA-c453fd50-1451381,nexsas-images/ai-agency/images/ns-img-73.png,ai-agency,image,png,1451381,c453fd50,production-candidate,,nexsas-images-reconstructed.zip,User-supplied NextSaaS source; retain purchase/license documentation.,4
NSA-24bff4da-24496,nexsas-images/ai-agency/images/ns-img-77.png,ai-agency,image,png,24496,24bff4da,production-candidate,,nexsas-images-reconstructed.zip,User-supplied NextSaaS source; retain purchase/license documentation.,4
NSA-d401e760-1188985,nexsas-images/ai-agency/images/ns-img-78.png,ai-agency,image,png,1188985,d401e760,production-candidate,,nexsas-images-reconstructed.zip,User-supplied NextSaaS source; retain purchase/license documentation.,4
NSA-f74a0255-34969,nexsas-images/ai-agency/images/ns-img-79.png,ai-agency,image,png,34969,f74a0255,production-candidate,,nexsas-images-reconstructed.zip,User-supplied NextSaaS source; retain purchase/license documentation.,4
NSA-a05307c2-493609,nexsas-images/ai-agency/images/ns-img-81.png,ai-agency,image,png,493609,a05307c2,production-candidate,,nexsas-images-reconstructed.zip,User-supplied NextSaaS source; retain purchase/license documentation.,1
NSA-753cfa5d-39947,nexsas-images/ai-agency/images/ns-img-96.png,ai-agency,image,png,39947,753cfa5d,production-candidate,,nexsas-images-reconstructed.zip,User-supplied NextSaaS source; retain purchase/license documentation.,1
NSA-c32994d8-27853,nexsas-images/ai-agency/images/ns-img-97.png,ai-agency,image,png,27853,c32994d8,production-candidate,,nexsas-images-reconstructed.zip,User-supplied NextSaaS source; retain purchase/license documentation.,1
NSA-05b0ba33-23989,nexsas-images/ai-agency/images/ns-img-dark-116.svg,ai-agency,vector,svg,23989,05b0ba33,production-candidate,,nexsas-images-reconstructed.zip,User-supplied NextSaaS source; retain purchase/license documentation.,0
NSA-f4fa2b07-32215,nexsas-images/ai-agency/images/ns-img-dark-117.png,ai-agency,image,png,32215,f4fa2b07,production-candidate,,nexsas-images-reconstructed.zip,User-supplied NextSaaS source; retain purchase/license documentation.,0
NSA-c026f982-7769,nexsas-images/ai-agency/images/ns-img-dark-118.png,ai-agency,image,png,7769,c026f982,production-candidate,,nexsas-images-reconstructed.zip,User-supplied NextSaaS source; retain purchase/license documentation.,0
NSA-4d85bc19-95442,nexsas-images/ai-agency/images/ns-img-dark-119.png,ai-agency,image,png,95442,4d85bc19,production-candidate,,nexsas-images-reconstructed.zip,User-supplied NextSaaS source; retain purchase/license documentation.,0
NSA-5289766e-25498,nexsas-images/ai-agency/images/ns-img-dark-120.png,ai-agency,image,png,25498,5289766e,production-candidate,,nexsas-images-reconstructed.zip,User-supplied NextSaaS source; retain purchase/license documentation.,0
NSA-74ef039a-11647,nexsas-images/ai-agency/images/ns-img-dark-121.png,ai-agency,image,png,11647,74ef039a,production-candidate,,nexsas-images-reconstructed.zip,User-supplied NextSaaS source; retain purchase/license documentation.,0
NSA-e28c8d52-9776,nexsas-images/ai-agency/images/ns-img-dark-122.png,ai-agency,image,png,9776,e28c8d52,production-candidate,,nexsas-images-reconstructed.zip,User-supplied NextSaaS source; retain purchase/license documentation.,0
NSA-43b4f98e-29755,nexsas-images/ai-agency/images/ns-img-dark-123.png,ai-agency,image,png,29755,43b4f98e,production-candidate,,nexsas-images-reconstructed.zip,User-supplied NextSaaS source; retain purchase/license documentation.,0
NSA-d8e79a08-62486,nexsas-images/ai-agency/images/ns-img-dark-124.png,ai-agency,image,png,62486,d8e79a08,production-candidate,,nexsas-images-reconstructed.zip,User-supplied NextSaaS source; retain purchase/license documentation.,0
NSA-625060f6-36429,nexsas-images/ai-agency/images/ns-img-dark-125.png,ai-agency,image,png,36429,625060f6,production-candidate,,nexsas-images-reconstructed.zip,User-supplied NextSaaS source; retain purchase/license documentation.,0
NSA-dfcaa47e-591135,nexsas-images/ai-agency/images/ns-img-dark-141.png,ai-agency,image,png,591135,dfcaa47e,production-candidate,,nexsas-images-reconstructed.zip,User-supplied NextSaaS source; retain purchase/license documentation.,4
NSA-9bb0fb22-28725,nexsas-images/ai-agency/images/ns-img-dark-209.svg,ai-agency,vector,svg,28725,9bb0fb22,production-candidate,,nexsas-images-reconstructed.zip,User-supplied NextSaaS source; retain purchase/license documentation.,3
NSA-f5a4beb5-6520,nexsas-images/ai-agency/images/ns-img-dark-210.png,ai-agency,image,png,6520,f5a4beb5,production-candidate,,nexsas-images-reconstructed.zip,User-supplied NextSaaS source; retain purchase/license documentation.,3
NSA-738b0045-47901,nexsas-images/ai-agency/images/ns-img-dark-212.svg,ai-agency,vector,svg,47901,738b0045,production-candidate,,nexsas-images-reconstructed.zip,User-supplied NextSaaS source; retain purchase/license documentation.,1
NSA-ca044ef4-20556,nexsas-images/ai-agency/images/ns-img-dark-214.svg,ai-agency,vector,svg,20556,ca044ef4,production-candidate,,nexsas-images-reconstructed.zip,User-supplied NextSaaS source; retain purchase/license documentation.,1
NSA-ae989b62-32190,nexsas-images/ai-agency/images/ns-img-dark-216.jpg,ai-agency,image,jpg,32190,ae989b62,production-candidate,,nexsas-images-reconstructed.zip,User-supplied NextSaaS source; retain purchase/license documentation.,3
NSA-45ad16b7-1201352,nexsas-images/ai-agency/images/ns-img-dark-31.png,ai-agency,image,png,1201352,45ad16b7,production-candidate,,nexsas-images-reconstructed.zip,User-supplied NextSaaS source; retain purchase/license documentation.,3
NSA-b4b6d214-23233,nexsas-images/ai-agency/images/ns-img-dark-35.png,ai-agency,image,png,23233,b4b6d214,production-candidate,,nexsas-images-reconstructed.zip,User-supplied NextSaaS source; retain purchase/license documentation.,3
NSA-c65a010d-50063,nexsas-images/ai-agency/images/ns-img-dark-36.svg,ai-agency,vector,svg,50063,c65a010d,production-candidate,,nexsas-images-reconstructed.zip,User-supplied NextSaaS source; retain purchase/license documentation.,3
NSA-20ed3495-24238,nexsas-images/ai-agency/images/ns-img-dark-37.svg,ai-agency,vector,svg,24238,20ed3495,production-candidate,,nexsas-images-reconstructed.zip,User-supplied NextSaaS source; retain purchase/license documentation.,3
NSA-e784c1ec-30128,nexsas-images/ai-agency/images/ns-img-dark-43.svg,ai-agency,vector,svg,30128,e784c1ec,production-candidate,,nexsas-images-reconstructed.zip,User-supplied NextSaaS source; retain purchase/license documentation.,1
NSA-207a28d7-39779,nexsas-images/ai-agency/images/ns-img-dark-44.png,ai-agency,image,png,39779,207a28d7,production-candidate,,nexsas-images-reconstructed.zip,User-supplied NextSaaS source; retain purchase/license documentation.,4
NSA-d1b37284-22742,nexsas-images/ai-agency/images/ns-img-dark-45.png,ai-agency,image,png,22742,d1b37284,production-candidate,,nexsas-images-reconstructed.zip,User-supplied NextSaaS source; retain purchase/license documentation.,4
NSA-a01d9e07-30357,nexsas-images/ai-agency/images/ns-img-dark-46.png,ai-agency,image,png,30357,a01d9e07,production-candidate,,nexsas-images-reconstructed.zip,User-supplied NextSaaS source; retain purchase/license documentation.,4
NSA-651c78ec-13696,nexsas-images/ai-agency/images/ns-img-dark-47.png,ai-agency,image,png,13696,651c78ec,production-candidate,,nexsas-images-reconstructed.zip,User-supplied NextSaaS source; retain purchase/license documentation.,4
NSA-66f5a69a-27030,nexsas-images/ai-agency/images/ns-img-dark-48.png,ai-agency,image,png,27030,66f5a69a,production-candidate,,nexsas-images-reconstructed.zip,User-supplied NextSaaS source; retain purchase/license documentation.,4
NSA-412008cf-15379,nexsas-images/ai-agency/images/ns-img-dark-49.png,ai-agency,image,png,15379,412008cf,production-candidate,,nexsas-images-reconstructed.zip,User-supplied NextSaaS source; retain purchase/license documentation.,4
NSA-94dccb73-26643,nexsas-images/ai-agency/images/ns-img-dark-52.png,ai-agency,image,png,26643,94dccb73,production-candidate,,nexsas-images-reconstructed.zip,User-supplied NextSaaS source; retain purchase/license documentation.,4
NSA-cfd9d9bc-36994,nexsas-images/ai-agency/images/ns-img-dark-53.png,ai-agency,image,png,36994,cfd9d9bc,production-candidate,,nexsas-images-reconstructed.zip,User-supplied NextSaaS source; retain purchase/license documentation.,4
NSA-03f8f2c1-491220,nexsas-images/ai-agency/images/ns-img-dark-55.png,ai-agency,image,png,491220,03f8f2c1,production-candidate,,nexsas-images-reconstructed.zip,User-supplied NextSaaS source; retain purchase/license documentation.,1
NSA-6ee59d35-43120,nexsas-images/ai-agency/images/ns-img-dark-69.png,ai-agency,image,png,43120,6ee59d35,production-candidate,,nexsas-images-reconstructed.zip,User-supplied NextSaaS source; retain purchase/license documentation.,1
NSA-31d6ce28-28538,nexsas-images/ai-agency/images/ns-img-dark-70.png,ai-agency,image,png,28538,31d6ce28,production-candidate,,nexsas-images-reconstructed.zip,User-supplied NextSaaS source; retain purchase/license documentation.,1
NSA-455e8e92-22776,nexsas-images/ai-agency/images/ns-img-dark-74.png,ai-agency,image,png,22776,455e8e92,production-candidate,,nexsas-images-reconstructed.zip,User-supplied NextSaaS source; retain purchase/license documentation.,1
NSA-1bbcf504-5923,nexsas-images/ai-agency/images/ns-img-dark-75.png,ai-agency,image,png,5923,1bbcf504,production-candidate,,nexsas-images-reconstructed.zip,User-supplied NextSaaS source; retain purchase/license documentation.,1
NSA-514a1584-75695,nexsas-images/ai-agency/images/ns-img-dark-76.png,ai-agency,image,png,75695,514a1584,production-candidate,,nexsas-images-reconstructed.zip,User-supplied NextSaaS source; retain purchase/license documentation.,1
NSA-62cfc8c4-21526,nexsas-images/ai-agency/images/ns-img-dark-77.png,ai-agency,image,png,21526,62cfc8c4,production-candidate,,nexsas-images-reconstructed.zip,User-supplied NextSaaS source; retain purchase/license documentation.,1
NSA-cd896fc2-161648,nexsas-images/ai-agency/images/ns-img-dark-93.png,ai-agency,image,png,161648,cd896fc2,production-candidate,,nexsas-images-reconstructed.zip,User-supplied NextSaaS source; retain purchase/license documentation.,3
NSA-e56b304b-7870,nexsas-images/ai-agency/images/shared/dark-logo.svg,ai-agency,logo,svg,7870,e56b304b,replace-before-launch,,nexsas-images-reconstructed.zip,User-supplied NextSaaS source; retain purchase/license documentation.,4
NSA-e884dc08-1105,nexsas-images/ai-agency/images/shared/logo-dark.svg,ai-agency,logo,svg,1105,e884dc08,replace-before-launch,,nexsas-images-reconstructed.zip,User-supplied NextSaaS source; retain purchase/license documentation.,8
NSA-2553d3c5-1093,nexsas-images/ai-agency/images/shared/logo.svg,ai-agency,logo,svg,1093,2553d3c5,replace-before-launch,,nexsas-images-reconstructed.zip,User-supplied NextSaaS source; retain purchase/license documentation.,3
NSA-8c4bd928-7854,nexsas-images/ai-agency/images/shared/main-logo-dark.svg,ai-agency,logo,svg,7854,8c4bd928,replace-before-launch,,nexsas-images-reconstructed.zip,User-supplied NextSaaS source; retain purchase/license documentation.,5
NSA-572f95f1-7866,nexsas-images/ai-agency/images/shared/main-logo-light.svg,ai-agency,logo,svg,7866,572f95f1,replace-before-launch,,nexsas-images-reconstructed.zip,User-supplied NextSaaS source; retain purchase/license documentation.,4
NSA-9f90f134-7884,nexsas-images/ai-agency/images/shared/main-logo.svg,ai-agency,logo,svg,7884,9f90f134,replace-before-launch,,nexsas-images-reconstructed.zip,User-supplied NextSaaS source; retain purchase/license documentation.,5
NSA-7fe1b08a-326,nexsas-images/ai-application/images/icons/new-arrow-white.svg,ai-application,icon,svg,326,7fe1b08a,production-candidate,,nexsas-images-reconstructed.zip,User-supplied NextSaaS source; retain purchase/license documentation.,6
NSA-d0071499-336,nexsas-images/ai-application/images/icons/new-arrow.svg,ai-application,icon,svg,336,d0071499,production-candidate,,nexsas-images-reconstructed.zip,User-supplied NextSaaS source; retain purchase/license documentation.,3
NSA-09f89785-18175,nexsas-images/ai-application/images/ns-avatar-19.png,ai-application,avatar,png,18175,09f89785,editorial-placeholder-only,,nexsas-images-reconstructed.zip,User-supplied NextSaaS source; retain purchase/license documentation.,2
NSA-9497fad8-1169413,nexsas-images/ai-application/images/ns-img-310.png,ai-application,image,png,1169413,9497fad8,production-candidate,,nexsas-images-reconstructed.zip,User-supplied NextSaaS source; retain purchase/license documentation.,0
NSA-2361bf99-11809,nexsas-images/ai-application/images/ns-img-311.png,ai-application,image,png,11809,2361bf99,production-candidate,,nexsas-images-reconstructed.zip,User-supplied NextSaaS source; retain purchase/license documentation.,0
NSA-4d4ddb7e-12234,nexsas-images/ai-application/images/ns-img-312.png,ai-application,image,png,12234,4d4ddb7e,production-candidate,,nexsas-images-reconstructed.zip,User-supplied NextSaaS source; retain purchase/license documentation.,0
NSA-fb3c0421-11827,nexsas-images/ai-application/images/ns-img-313.png,ai-application,image,png,11827,fb3c0421,production-candidate,,nexsas-images-reconstructed.zip,User-supplied NextSaaS source; retain purchase/license documentation.,0
NSA-c8f16606-762250,nexsas-images/ai-application/images/ns-img-314.jpg,ai-application,image,jpg,762250,c8f16606,production-candidate,,nexsas-images-reconstructed.zip,User-supplied NextSaaS source; retain purchase/license documentation.,1
NSA-f763f9af-45323,nexsas-images/ai-application/images/ns-img-315.png,ai-application,image,png,45323,f763f9af,production-candidate,,nexsas-images-reconstructed.zip,User-supplied NextSaaS source; retain purchase/license documentation.,1
NSA-7dac4fb5-608828,nexsas-images/ai-application/images/ns-img-316.png,ai-application,image,png,608828,7dac4fb5,production-candidate,,nexsas-images-reconstructed.zip,User-supplied NextSaaS source; retain purchase/license documentation.,0
NSA-df5f0482-1047210,nexsas-images/ai-application/images/ns-img-317.png,ai-application,image,png,1047210,df5f0482,production-candidate,,nexsas-images-reconstructed.zip,User-supplied NextSaaS source; retain purchase/license documentation.,0
NSA-71913fd1-178551,nexsas-images/ai-application/images/ns-img-318.png,ai-application,image,png,178551,71913fd1,production-candidate,,nexsas-images-reconstructed.zip,User-supplied NextSaaS source; retain purchase/license documentation.,1
NSA-25d33ae6-41118,nexsas-images/ai-application/images/ns-img-319.png,ai-application,image,png,41118,25d33ae6,production-candidate,,nexsas-images-reconstructed.zip,User-supplied NextSaaS source; retain purchase/license documentation.,2
NSA-0b7d8ffc-103136,nexsas-images/ai-application/images/ns-img-320.png,ai-application,image,png,103136,0b7d8ffc,production-candidate,,nexsas-images-reconstructed.zip,User-supplied NextSaaS source; retain purchase/license documentation.,1
NSA-38f06dae-264632,nexsas-images/ai-application/images/ns-img-321.png,ai-application,image,png,264632,38f06dae,production-candidate,,nexsas-images-reconstructed.zip,User-supplied NextSaaS source; retain purchase/license documentation.,1
NSA-ef3e4095-58943,nexsas-images/ai-application/images/ns-img-322.png,ai-application,image,png,58943,ef3e4095,production-candidate,,nexsas-images-reconstructed.zip,User-supplied NextSaaS source; retain purchase/license documentation.,1
NSA-c5574076-1163573,nexsas-images/ai-application/images/ns-img-323.png,ai-application,image,png,1163573,c5574076,production-candidate,,nexsas-images-reconstructed.zip,User-supplied NextSaaS source; retain purchase/license documentation.,0
NSA-713c71b4-2369172,nexsas-images/ai-application/images/ns-img-324.png,ai-application,image,png,2369172,713c71b4,production-candidate,,nexsas-images-reconstructed.zip,User-supplied NextSaaS source; retain purchase/license documentation.,0
NSA-ac3390be-1635146,nexsas-images/ai-application/images/ns-img-325.png,ai-application,image,png,1635146,ac3390be,production-candidate,,nexsas-images-reconstructed.zip,User-supplied NextSaaS source; retain purchase/license documentation.,0
NSA-0a891259-1561965,nexsas-images/ai-application/images/ns-img-326.png,ai-application,image,png,1561965,0a891259,production-candidate,,nexsas-images-reconstructed.zip,User-supplied NextSaaS source; retain purchase/license documentation.,0
NSA-85a507f9-173452,nexsas-images/ai-application/images/ns-img-327.png,ai-application,image,png,173452,85a507f9,production-candidate,,nexsas-images-reconstructed.zip,User-supplied NextSaaS source; retain purchase/license documentation.,0
NSA-ac228253-85353,nexsas-images/ai-application/images/ns-img-422.jpg,ai-application,image,jpg,85353,ac228253,production-candidate,,nexsas-images-reconstructed.zip,User-supplied NextSaaS source; retain purchase/license documentation.,6
NSA-16339986-169754,nexsas-images/ai-application/images/ns-img-424.jpg,ai-application,image,jpg,169754,16339986,production-candidate,,nexsas-images-reconstructed.zip,User-supplied NextSaaS source; retain purchase/license documentation.,6
NSA-1b341419-98964,nexsas-images/ai-application/images/ns-img-425.jpg,ai-application,image,jpg,98964,1b341419,production-candidate,,nexsas-images-reconstructed.zip,User-supplied NextSaaS source; retain purchase/license documentation.,6
NSA-9ef0a477-629116,nexsas-images/ai-application/images/ns-img-453.png,ai-application,image,png,629116,9ef0a477,production-candidate,,nexsas-images-reconstructed.zip,User-supplied NextSaaS source; retain purchase/license documentation.,1
NSA-9e7319a6-614152,nexsas-images/ai-application/images/ns-img-454.png,ai-application,image,png,614152,9e7319a6,production-candidate,,nexsas-images-reconstructed.zip,User-supplied NextSaaS source; retain purchase/license documentation.,1
NSA-16bb5e10-534140,nexsas-images/ai-application/images/ns-img-455.png,ai-application,image,png,534140,16bb5e10,production-candidate,,nexsas-images-reconstructed.zip,User-supplied NextSaaS source; retain purchase/license documentation.,1
NSA-69c66af5-400647,nexsas-images/ai-application/images/ns-img-456.png,ai-application,image,png,400647,69c66af5,production-candidate,,nexsas-images-reconstructed.zip,User-supplied NextSaaS source; retain purchase/license documentation.,1
NSA-caa0bb57-661210,nexsas-images/ai-application/images/ns-img-457.png,ai-application,image,png,661210,caa0bb57,production-candidate,,nexsas-images-reconstructed.zip,User-supplied NextSaaS source; retain purchase/license documentation.,1
NSA-42d5ab64-854725,nexsas-images/ai-application/images/ns-img-458.png,ai-application,image,png,854725,42d5ab64,production-candidate,,nexsas-images-reconstructed.zip,User-supplied NextSaaS source; retain purchase/license documentation.,1
NSA-8e1776e4-751699,nexsas-images/ai-application/images/ns-img-524.png,ai-application,image,png,751699,8e1776e4,production-candidate,,nexsas-images-reconstructed.zip,User-supplied NextSaaS source; retain purchase/license documentation.,1
NSA-1dbaf792-4534526,nexsas-images/ai-keyword-generator/images/gradient/opai-22.png,ai-keyword-generator,gradient,png,4534526,1dbaf792,production-candidate,,nexsas-images-reconstructed.zip,User-supplied NextSaaS source; retain purchase/license documentation.,0
NSA-0020ca40-3545625,nexsas-images/ai-keyword-generator/images/gradient/opai-4.png,ai-keyword-generator,gradient,png,3545625,0020ca40,production-candidate,,nexsas-images-reconstructed.zip,User-supplied NextSaaS source; retain purchase/license documentation.,0
NSA-bc0aeefd-5806,nexsas-images/ai-keyword-generator/images/icons/asana-with-gray-text.svg,ai-keyword-generator,icon,svg,5806,bc0aeefd,excluded,placeholder-filename,nexsas-images-reconstructed.zip,User-supplied NextSaaS source; retain purchase/license documentation.,0
NSA-67675d43-5690,nexsas-images/ai-keyword-generator/images/icons/asana-with-white-text.svg,ai-keyword-generator,icon,svg,5690,67675d43,production-candidate,,nexsas-images-reconstructed.zip,User-supplied NextSaaS source; retain purchase/license documentation.,0
NSA-54dad518-7405,nexsas-images/ai-keyword-generator/images/icons/discord-with-gray-text.svg,ai-keyword-generator,icon,svg,7405,54dad518,excluded,placeholder-filename,nexsas-images-reconstructed.zip,User-supplied NextSaaS source; retain purchase/license documentation.,0
NSA-e0116408-7236,nexsas-images/ai-keyword-generator/images/icons/discord-with-white-text.svg,ai-keyword-generator,icon,svg,7236,e0116408,production-candidate,,nexsas-images-reconstructed.zip,User-supplied NextSaaS source; retain purchase/license documentation.,0
NSA-27f3b132-3057,nexsas-images/ai-keyword-generator/images/icons/dropbox-with-gray-text.svg,ai-keyword-generator,icon,svg,3057,27f3b132,excluded,placeholder-filename,nexsas-images-reconstructed.zip,User-supplied NextSaaS source; retain purchase/license documentation.,0
NSA-be2e046d-3187,nexsas-images/ai-keyword-generator/images/icons/dropbox-with-white-text.svg,ai-keyword-generator,icon,svg,3187,be2e046d,production-candidate,,nexsas-images-reconstructed.zip,User-supplied NextSaaS source; retain purchase/license documentation.,0
NSA-9e804c59-5018,nexsas-images/ai-keyword-generator/images/icons/hotjar-with-gray-text.svg,ai-keyword-generator,icon,svg,5018,9e804c59,excluded,placeholder-filename,nexsas-images-reconstructed.zip,User-supplied NextSaaS source; retain purchase/license documentation.,0
NSA-ad17eb96-4868,nexsas-images/ai-keyword-generator/images/icons/hotjar-with-white-text.svg,ai-keyword-generator,icon,svg,4868,ad17eb96,production-candidate,,nexsas-images-reconstructed.zip,User-supplied NextSaaS source; retain purchase/license documentation.,0
NSA-f9743c75-3864,nexsas-images/ai-keyword-generator/images/icons/lattice-with-gray-text.svg,ai-keyword-generator,icon,svg,3864,f9743c75,excluded,placeholder-filename,nexsas-images-reconstructed.zip,User-supplied NextSaaS source; retain purchase/license documentation.,0
NSA-caf17209-3777,nexsas-images/ai-keyword-generator/images/icons/lattice-with-white-text.svg,ai-keyword-generator,icon,svg,3777,caf17209,production-candidate,,nexsas-images-reconstructed.zip,User-supplied NextSaaS source; retain purchase/license documentation.,0
NSA-9811d886-3488,nexsas-images/ai-keyword-generator/images/icons/notion-with-gray-text.svg,ai-keyword-generator,icon,svg,3488,9811d886,excluded,placeholder-filename,nexsas-images-reconstructed.zip,User-supplied NextSaaS source; retain purchase/license documentation.,0
NSA-3eb82fa6-3450,nexsas-images/ai-keyword-generator/images/icons/notion-with-white-text.svg,ai-keyword-generator,icon,svg,3450,3eb82fa6,production-candidate,,nexsas-images-reconstructed.zip,User-supplied NextSaaS source; retain purchase/license documentation.,0
NSA-7fb35c19-6326,nexsas-images/ai-keyword-generator/images/icons/outreach-with-gray-text.svg,ai-keyword-generator,icon,svg,6326,7fb35c19,excluded,placeholder-filename,nexsas-images-reconstructed.zip,User-supplied NextSaaS source; retain purchase/license documentation.,0
NSA-7396d066-6288,nexsas-images/ai-keyword-generator/images/icons/outreach-with-white-text.svg,ai-keyword-generator,icon,svg,6288,7396d066,production-candidate,,nexsas-images-reconstructed.zip,User-supplied NextSaaS source; retain purchase/license documentation.,0
NSA-af48211d-4840,nexsas-images/ai-keyword-generator/images/icons/scapic-with-gray-text.svg,ai-keyword-generator,icon,svg,4840,af48211d,excluded,placeholder-filename,nexsas-images-reconstructed.zip,User-supplied NextSaaS source; retain purchase/license documentation.,0
NSA-5b9b3424-4690,nexsas-images/ai-keyword-generator/images/icons/scapic-with-white-text.svg,ai-keyword-generator,icon,svg,4690,5b9b3424,production-candidate,,nexsas-images-reconstructed.zip,User-supplied NextSaaS source; retain purchase/license documentation.,0
NSA-20be799a-6482,nexsas-images/ai-keyword-generator/images/icons/spotify-with-gray-text.svg,ai-keyword-generator,icon,svg,6482,20be799a,excluded,placeholder-filename,nexsas-images-reconstructed.zip,User-supplied NextSaaS source; retain purchase/license documentation.,0
NSA-afad9d42-6446,nexsas-images/ai-keyword-generator/images/icons/spotify-with-white-text.svg,ai-keyword-generator,icon,svg,6446,afad9d42,production-candidate,,nexsas-images-reconstructed.zip,User-supplied NextSaaS source; retain purchase/license documentation.,0
NSA-316d928f-12034,nexsas-images/ai-keyword-generator/images/icons/squarespace-with-gray-text.svg,ai-keyword-generator,icon,svg,12034,316d928f,excluded,placeholder-filename,nexsas-images-reconstructed.zip,User-supplied NextSaaS source; retain purchase/license documentation.,0
NSA-d9d64586-11994,nexsas-images/ai-keyword-generator/images/icons/squarespace-with-white-text.svg,ai-keyword-generator,icon,svg,11994,d9d64586,production-candidate,,nexsas-images-reconstructed.zip,User-supplied NextSaaS source; retain purchase/license documentation.,0
NSA-ce093106-1105,nexsas-images/ai-keyword-generator/images/logo.svg,ai-keyword-generator,logo,svg,1105,ce093106,replace-before-launch,,nexsas-images-reconstructed.zip,User-supplied NextSaaS source; retain purchase/license documentation.,8
NSA-9edb7e57-7863,nexsas-images/ai-keyword-generator/images/logo/logo-white.svg,ai-keyword-generator,logo,svg,7863,9edb7e57,replace-before-launch,,nexsas-images-reconstructed.zip,User-supplied NextSaaS source; retain purchase/license documentation.,4
NSA-886c5bb7-4989,nexsas-images/ai-keyword-generator/images/main-logo.svg,ai-keyword-generator,logo,svg,4989,886c5bb7,replace-before-launch,,nexsas-images-reconstructed.zip,User-supplied NextSaaS source; retain purchase/license documentation.,3
NSA-f997ea69-13434,nexsas-images/ai-keyword-generator/images/opai-avatar-img-01.png,ai-keyword-generator,avatar,png,13434,f997ea69,editorial-placeholder-only,,nexsas-images-reconstructed.zip,User-supplied NextSaaS source; retain purchase/license documentation.,5
NSA-c9b2cc37-9053,nexsas-images/ai-keyword-generator/images/opai-avatar-img-02.png,ai-keyword-generator,avatar,png,9053,c9b2cc37,editorial-placeholder-only,,nexsas-images-reconstructed.zip,User-supplied NextSaaS source; retain purchase/license documentation.,4
NSA-949d40bb-8404,nexsas-images/ai-keyword-generator/images/opai-avatar-img-03.png,ai-keyword-generator,avatar,png,8404,949d40bb,editorial-placeholder-only,,nexsas-images-reconstructed.zip,User-supplied NextSaaS source; retain purchase/license documentation.,4
NSA-f4f06687-637378,nexsas-images/ai-keyword-generator/images/opai-avatar-img-110.png,ai-keyword-generator,avatar,png,637378,f4f06687,editorial-placeholder-only,,nexsas-images-reconstructed.zip,User-supplied NextSaaS source; retain purchase/license documentation.,1
NSA-07779446-802373,nexsas-images/ai-keyword-generator/images/opai-avatar-img-111.png,ai-keyword-generator,avatar,png,802373,07779446,editorial-placeholder-only,,nexsas-images-reconstructed.zip,User-supplied NextSaaS source; retain purchase/license documentation.,1
NSA-b125fe5b-930912,nexsas-images/ai-keyword-generator/images/opai-avatar-img-15.png,ai-keyword-generator,avatar,png,930912,b125fe5b,editorial-placeholder-only,,nexsas-images-reconstructed.zip,User-supplied NextSaaS source; retain purchase/license documentation.,0
NSA-17e8a689-563458,nexsas-images/ai-keyword-generator/images/opai-avatar-img-155.png,ai-keyword-generator,avatar,png,563458,17e8a689,editorial-placeholder-only,,nexsas-images-reconstructed.zip,User-supplied NextSaaS source; retain purchase/license documentation.,0
NSA-6f7b86c8-983856,nexsas-images/ai-keyword-generator/images/opai-avatar-img-16.png,ai-keyword-generator,avatar,png,983856,6f7b86c8,editorial-placeholder-only,,nexsas-images-reconstructed.zip,User-supplied NextSaaS source; retain purchase/license documentation.,0
NSA-a562336f-767458,nexsas-images/ai-keyword-generator/images/opai-avatar-img-17.png,ai-keyword-generator,avatar,png,767458,a562336f,editorial-placeholder-only,,nexsas-images-reconstructed.zip,User-supplied NextSaaS source; retain purchase/license documentation.,0
NSA-2d99a2fc-1160863,nexsas-images/ai-keyword-generator/images/opai-avatar-img-232.jpg,ai-keyword-generator,avatar,jpg,1160863,2d99a2fc,editorial-placeholder-only,,nexsas-images-reconstructed.zip,User-supplied NextSaaS source; retain purchase/license documentation.,0
NSA-54c12e85-96014,nexsas-images/ai-keyword-generator/images/opai-avatar-img-70.png,ai-keyword-generator,avatar,png,96014,54c12e85,editorial-placeholder-only,,nexsas-images-reconstructed.zip,User-supplied NextSaaS source; retain purchase/license documentation.,0
NSA-e3e83eb2-42061,nexsas-images/ai-keyword-generator/images/opai-avatar-img-74.png,ai-keyword-generator,avatar,png,42061,e3e83eb2,editorial-placeholder-only,,nexsas-images-reconstructed.zip,User-supplied NextSaaS source; retain purchase/license documentation.,0
NSA-455dff5d-96929,nexsas-images/ai-keyword-generator/images/opai-avatar-img-75.png,ai-keyword-generator,avatar,png,96929,455dff5d,editorial-placeholder-only,,nexsas-images-reconstructed.zip,User-supplied NextSaaS source; retain purchase/license documentation.,0
NSA-2886a3d8-90790,nexsas-images/ai-keyword-generator/images/opai-avatar-img-76.png,ai-keyword-generator,avatar,png,90790,2886a3d8,editorial-placeholder-only,,nexsas-images-reconstructed.zip,User-supplied NextSaaS source; retain purchase/license documentation.,0
NSA-924d10da-1030370,nexsas-images/ai-keyword-generator/images/opai-avatar-img-88.png,ai-keyword-generator,avatar,png,1030370,924d10da,editorial-placeholder-only,,nexsas-images-reconstructed.zip,User-supplied NextSaaS source; retain purchase/license documentation.,1
NSA-8a5bc248-674180,nexsas-images/ai-keyword-generator/images/opai-img-16.jpg,ai-keyword-generator,image,jpg,674180,8a5bc248,production-candidate,,nexsas-images-reconstructed.zip,User-supplied NextSaaS source; retain purchase/license documentation.,0
NSA-7ea72e3c-52318,nexsas-images/ai-keyword-generator/images/opai-img-235.jpg,ai-keyword-generator,image,jpg,52318,7ea72e3c,production-candidate,,nexsas-images-reconstructed.zip,User-supplied NextSaaS source; retain purchase/license documentation.,0
NSA-5dbaab58-1199386,nexsas-images/ai-keyword-generator/images/opai-img-289.jpg,ai-keyword-generator,image,jpg,1199386,5dbaab58,production-candidate,,nexsas-images-reconstructed.zip,User-supplied NextSaaS source; retain purchase/license documentation.,0
NSA-b0dac431-2283543,nexsas-images/ai-keyword-generator/images/opai-img-290.jpg,ai-keyword-generator,image,jpg,2283543,b0dac431,production-candidate,,nexsas-images-reconstructed.zip,User-supplied NextSaaS source; retain purchase/license documentation.,0
NSA-a259a929-1056218,nexsas-images/ai-keyword-generator/images/opai-img-291.jpg,ai-keyword-generator,image,jpg,1056218,a259a929,production-candidate,,nexsas-images-reconstructed.zip,User-supplied NextSaaS source; retain purchase/license documentation.,0
NSA-b1b89f94-78728,nexsas-images/ai-keyword-generator/images/opai-img-316.svg,ai-keyword-generator,vector,svg,78728,b1b89f94,production-candidate,,nexsas-images-reconstructed.zip,User-supplied NextSaaS source; retain purchase/license documentation.,0
NSA-4437e999-168697,nexsas-images/ai-keyword-generator/images/opai-img-317.png,ai-keyword-generator,image,png,168697,4437e999,production-candidate,,nexsas-images-reconstructed.zip,User-supplied NextSaaS source; retain purchase/license documentation.,0
NSA-678bf454-110526,nexsas-images/ai-keyword-generator/images/opai-img-318.png,ai-keyword-generator,image,png,110526,678bf454,production-candidate,,nexsas-images-reconstructed.zip,User-supplied NextSaaS source; retain purchase/license documentation.,0
NSA-193535df-68984,nexsas-images/ai-keyword-generator/images/opai-img-319.png,ai-keyword-generator,image,png,68984,193535df,production-candidate,,nexsas-images-reconstructed.zip,User-supplied NextSaaS source; retain purchase/license documentation.,0
NSA-e9d10f9a-147829,nexsas-images/ai-keyword-generator/images/opai-img-320.png,ai-keyword-generator,image,png,147829,e9d10f9a,production-candidate,,nexsas-images-reconstructed.zip,User-supplied NextSaaS source; retain purchase/license documentation.,0
NSA-e7b878ce-111279,nexsas-images/ai-keyword-generator/images/opai-img-321.png,ai-keyword-generator,image,png,111279,e7b878ce,production-candidate,,nexsas-images-reconstructed.zip,User-supplied NextSaaS source; retain purchase/license documentation.,0
NSA-0d480827-379333,nexsas-images/ai-keyword-generator/images/opai-img-322.svg,ai-keyword-generator,vector,svg,379333,0d480827,production-candidate,,nexsas-images-reconstructed.zip,User-supplied NextSaaS source; retain purchase/license documentation.,0
NSA-98dacb3c-903,nexsas-images/ai-keyword-generator/images/opai-img-323.svg,ai-keyword-generator,vector,svg,903,98dacb3c,production-candidate,,nexsas-images-reconstructed.zip,User-supplied NextSaaS source; retain purchase/license documentation.,0
NSA-b0426185-1173,nexsas-images/ai-keyword-generator/images/opai-img-324.svg,ai-keyword-generator,vector,svg,1173,b0426185,production-candidate,,nexsas-images-reconstructed.zip,User-supplied NextSaaS source; retain purchase/license documentation.,0
NSA-926e01de-1192894,nexsas-images/ai-keyword-generator/images/opai-img-422.jpg,ai-keyword-generator,image,jpg,1192894,926e01de,production-candidate,,nexsas-images-reconstructed.zip,User-supplied NextSaaS source; retain purchase/license documentation.,0
NSA-4830f346-369730,nexsas-images/ai-keyword-generator/images/opai-img-423.jpg,ai-keyword-generator,image,jpg,369730,4830f346,production-candidate,,nexsas-images-reconstructed.zip,User-supplied NextSaaS source; retain purchase/license documentation.,0
NSA-1db10631-212412,nexsas-images/ai-keyword-generator/images/opai-img-424.jpg,ai-keyword-generator,image,jpg,212412,1db10631,production-candidate,,nexsas-images-reconstructed.zip,User-supplied NextSaaS source; retain purchase/license documentation.,0
NSA-a47f99a9-1096294,nexsas-images/ai-keyword-generator/images/opai-img-425.jpg,ai-keyword-generator,image,jpg,1096294,a47f99a9,production-candidate,,nexsas-images-reconstructed.zip,User-supplied NextSaaS source; retain purchase/license documentation.,0
NSA-a793bac1-717725,nexsas-images/ai-keyword-generator/images/opai-img-426.jpg,ai-keyword-generator,image,jpg,717725,a793bac1,production-candidate,,nexsas-images-reconstructed.zip,User-supplied NextSaaS source; retain purchase/license documentation.,0
NSA-36283445-695851,nexsas-images/ai-keyword-generator/images/opai-img-427.jpg,ai-keyword-generator,image,jpg,695851,36283445,production-candidate,,nexsas-images-reconstructed.zip,User-supplied NextSaaS source; retain purchase/license documentation.,0
NSA-5f7e4cca-609683,nexsas-images/ai-keyword-generator/images/opai-img-428.jpg,ai-keyword-generator,image,jpg,609683,5f7e4cca,production-candidate,,nexsas-images-reconstructed.zip,User-supplied NextSaaS source; retain purchase/license documentation.,0
NSA-a5359985-778679,nexsas-images/ai-keyword-generator/images/opai-img-429.jpg,ai-keyword-generator,image,jpg,778679,a5359985,production-candidate,,nexsas-images-reconstructed.zip,User-supplied NextSaaS source; retain purchase/license documentation.,0
NSA-a32e93ea-4742683,nexsas-images/ai-keyword-generator/images/opai-img-43.png,ai-keyword-generator,image,png,4742683,a32e93ea,production-candidate,,nexsas-images-reconstructed.zip,User-supplied NextSaaS source; retain purchase/license documentation.,1
NSA-14d17486-700461,nexsas-images/ai-keyword-generator/images/opai-img-492.jpg,ai-keyword-generator,image,jpg,700461,14d17486,production-candidate,,nexsas-images-reconstructed.zip,User-supplied NextSaaS source; retain purchase/license documentation.,1
NSA-dcd7b59d-445804,nexsas-images/ai-keyword-generator/images/opai-img-493.jpg,ai-keyword-generator,image,jpg,445804,dcd7b59d,production-candidate,,nexsas-images-reconstructed.zip,User-supplied NextSaaS source; retain purchase/license documentation.,1
NSA-31e424b4-726452,nexsas-images/ai-keyword-generator/images/opai-img-494.jpg,ai-keyword-generator,image,jpg,726452,31e424b4,production-candidate,,nexsas-images-reconstructed.zip,User-supplied NextSaaS source; retain purchase/license documentation.,1
NSA-fb8114e4-381746,nexsas-images/ai-keyword-generator/images/opai-img-495.jpg,ai-keyword-generator,image,jpg,381746,fb8114e4,production-candidate,,nexsas-images-reconstructed.zip,User-supplied NextSaaS source; retain purchase/license documentation.,1
NSA-a934c9c4-707265,nexsas-images/ai-keyword-generator/images/opai-img-496.jpg,ai-keyword-generator,image,jpg,707265,a934c9c4,production-candidate,,nexsas-images-reconstructed.zip,User-supplied NextSaaS source; retain purchase/license documentation.,1
NSA-00417691-513699,nexsas-images/ai-keyword-generator/images/opai-img-497.jpg,ai-keyword-generator,image,jpg,513699,00417691,production-candidate,,nexsas-images-reconstructed.zip,User-supplied NextSaaS source; retain purchase/license documentation.,1
NSA-2e19904e-340235,nexsas-images/ai-keyword-generator/images/opai-img-498.jpg,ai-keyword-generator,image,jpg,340235,2e19904e,production-candidate,,nexsas-images-reconstructed.zip,User-supplied NextSaaS source; retain purchase/license documentation.,1
NSA-8e943627-646610,nexsas-images/ai-keyword-generator/images/opai-img-499.jpg,ai-keyword-generator,image,jpg,646610,8e943627,production-candidate,,nexsas-images-reconstructed.zip,User-supplied NextSaaS source; retain purchase/license documentation.,1
NSA-1cb11718-735651,nexsas-images/ai-keyword-generator/images/opai-img-500.jpg,ai-keyword-generator,image,jpg,735651,1cb11718,production-candidate,,nexsas-images-reconstructed.zip,User-supplied NextSaaS source; retain purchase/license documentation.,1
NSA-375778bb-374962,nexsas-images/ai-keyword-generator/images/opai-img-501.jpg,ai-keyword-generator,image,jpg,374962,375778bb,production-candidate,,nexsas-images-reconstructed.zip,User-supplied NextSaaS source; retain purchase/license documentation.,1
NSA-acac6742-703687,nexsas-images/ai-keyword-generator/images/opai-img-502.jpg,ai-keyword-generator,image,jpg,703687,acac6742,production-candidate,,nexsas-images-reconstructed.zip,User-supplied NextSaaS source; retain purchase/license documentation.,1
NSA-969d33ab-796805,nexsas-images/ai-keyword-generator/images/opai-img-503.jpg,ai-keyword-generator,image,jpg,796805,969d33ab,production-candidate,,nexsas-images-reconstructed.zip,User-supplied NextSaaS source; retain purchase/license documentation.,1
NSA-6b90abc5-574538,nexsas-images/ai-keyword-generator/images/opai-img-504.jpg,ai-keyword-generator,image,jpg,574538,6b90abc5,production-candidate,,nexsas-images-reconstructed.zip,User-supplied NextSaaS source; retain purchase/license documentation.,1
NSA-b2a27b5d-897506,nexsas-images/ai-keyword-generator/images/opai-img-505.jpg,ai-keyword-generator,image,jpg,897506,b2a27b5d,production-candidate,,nexsas-images-reconstructed.zip,User-supplied NextSaaS source; retain purchase/license documentation.,1
NSA-e5023889-815101,nexsas-images/ai-keyword-generator/images/opai-img-506.jpg,ai-keyword-generator,image,jpg,815101,e5023889,production-candidate,,nexsas-images-reconstructed.zip,User-supplied NextSaaS source; retain purchase/license documentation.,1
NSA-9d0ae86f-76632,nexsas-images/ai-keyword-generator/images/opai-img-507.png,ai-keyword-generator,image,png,76632,9d0ae86f,production-candidate,,nexsas-images-reconstructed.zip,User-supplied NextSaaS source; retain purchase/license documentation.,0
NSA-2cbedb9c-282890,nexsas-images/ai-keyword-generator/images/opai-img-508.png,ai-keyword-generator,image,png,282890,2cbedb9c,production-candidate,,nexsas-images-reconstructed.zip,User-supplied NextSaaS source; retain purchase/license documentation.,0
NSA-d3e9a095-315568,nexsas-images/ai-keyword-generator/images/opai-img-509.png,ai-keyword-generator,image,png,315568,d3e9a095,production-candidate,,nexsas-images-reconstructed.zip,User-supplied NextSaaS source; retain purchase/license documentation.,0
NSA-59d3adcb-223191,nexsas-images/ai-keyword-generator/images/opai-img-60.png,ai-keyword-generator,image,png,223191,59d3adcb,production-candidate,,nexsas-images-reconstructed.zip,User-supplied NextSaaS source; retain purchase/license documentation.,0
NSA-752ca7c0-2316548,nexsas-images/ai-keyword-generator/images/opai-img-67.png,ai-keyword-generator,image,png,2316548,752ca7c0,production-candidate,,nexsas-images-reconstructed.zip,User-supplied NextSaaS source; retain purchase/license documentation.,0
NSA-11821574-1273,nexsas-images/ai-keyword-generator/images/themeforest-logo.svg,ai-keyword-generator,logo,svg,1273,11821574,replace-before-launch,,nexsas-images-reconstructed.zip,User-supplied NextSaaS source; retain purchase/license documentation.,2
NSA-359a7ca9-427958,nexsas-images/ai-marketing/images/blend.png,ai-marketing,image,png,427958,359a7ca9,production-candidate,,nexsas-images-reconstructed.zip,User-supplied NextSaaS source; retain purchase/license documentation.,1
NSA-6e521529-889927,nexsas-images/ai-marketing/images/gradient/opai-1.png,ai-marketing,gradient,png,889927,6e521529,production-candidate,,nexsas-images-reconstructed.zip,User-supplied NextSaaS source; retain purchase/license documentation.,0
NSA-3ed9d460-4884584,nexsas-images/ai-marketing/images/gradient/opai-2.png,ai-marketing,gradient,png,4884584,3ed9d460,production-candidate,,nexsas-images-reconstructed.zip,User-supplied NextSaaS source; retain purchase/license documentation.,0
NSA-a7554b08-7885946,nexsas-images/ai-marketing/images/gradient/opai-3.png,ai-marketing,gradient,png,7885946,a7554b08,production-candidate,,nexsas-images-reconstructed.zip,User-supplied NextSaaS source; retain purchase/license documentation.,0
NSA-3868d059-4879936,nexsas-images/ai-marketing/images/gradient/opai-4.png,ai-marketing,gradient,png,4879936,3868d059,production-candidate,,nexsas-images-reconstructed.zip,User-supplied NextSaaS source; retain purchase/license documentation.,0
NSA-eed1d923-5700,nexsas-images/ai-marketing/images/icons/asana-with-black-text.svg,ai-marketing,icon,svg,5700,eed1d923,production-candidate,,nexsas-images-reconstructed.zip,User-supplied NextSaaS source; retain purchase/license documentation.,2
NSA-ccaffbd6-2787,nexsas-images/ai-marketing/images/icons/claude-ai.svg,ai-marketing,icon,svg,2787,ccaffbd6,production-candidate,,nexsas-images-reconstructed.zip,User-supplied NextSaaS source; retain purchase/license documentation.,1
NSA-012f351c-4278,nexsas-images/ai-marketing/images/icons/deepseek.svg,ai-marketing,icon,svg,4278,012f351c,production-candidate,,nexsas-images-reconstructed.zip,User-supplied NextSaaS source; retain purchase/license documentation.,0
NSA-8eaa5da5-7252,nexsas-images/ai-marketing/images/icons/discord-with-black-text.svg,ai-marketing,icon,svg,7252,8eaa5da5,production-candidate,,nexsas-images-reconstructed.zip,User-supplied NextSaaS source; retain purchase/license documentation.,2
NSA-757fb024-821,nexsas-images/ai-marketing/images/icons/gemini.svg,ai-marketing,icon,svg,821,757fb024,production-candidate,,nexsas-images-reconstructed.zip,User-supplied NextSaaS source; retain purchase/license documentation.,0
NSA-e151770b-1508,nexsas-images/ai-marketing/images/icons/github.svg,ai-marketing,icon,svg,1508,e151770b,production-candidate,,nexsas-images-reconstructed.zip,User-supplied NextSaaS source; retain purchase/license documentation.,1
NSA-3b1fd809-1605,nexsas-images/ai-marketing/images/icons/google-ads-certified.png,ai-marketing,icon,png,1605,3b1fd809,production-candidate,,nexsas-images-reconstructed.zip,User-supplied NextSaaS source; retain purchase/license documentation.,0
NSA-c5943a0e-1183,nexsas-images/ai-marketing/images/icons/grok-ai.svg,ai-marketing,icon,svg,1183,c5943a0e,production-candidate,,nexsas-images-reconstructed.zip,User-supplied NextSaaS source; retain purchase/license documentation.,0
NSA-62b92385-4880,nexsas-images/ai-marketing/images/icons/hotjar-with-black-text.svg,ai-marketing,icon,svg,4880,62b92385,production-candidate,,nexsas-images-reconstructed.zip,User-supplied NextSaaS source; retain purchase/license documentation.,2
NSA-669eae8f-1012,nexsas-images/ai-marketing/images/icons/klaviyo.png,ai-marketing,icon,png,1012,669eae8f,production-candidate,,nexsas-images-reconstructed.zip,User-supplied NextSaaS source; retain purchase/license documentation.,0
NSA-d911e719-3779,nexsas-images/ai-marketing/images/icons/lattice-with-black-text.svg,ai-marketing,icon,svg,3779,d911e719,production-candidate,,nexsas-images-reconstructed.zip,User-supplied NextSaaS source; retain purchase/license documentation.,2
NSA-afd30220-3632,nexsas-images/ai-marketing/images/icons/lovable.svg,ai-marketing,icon,svg,3632,afd30220,production-candidate,,nexsas-images-reconstructed.zip,User-supplied NextSaaS source; retain purchase/license documentation.,0
NSA-d54f1b09-2901,nexsas-images/ai-marketing/images/icons/meta.png,ai-marketing,icon,png,2901,d54f1b09,production-candidate,,nexsas-images-reconstructed.zip,User-supplied NextSaaS source; retain purchase/license documentation.,0
NSA-36e8f1d1-1961,nexsas-images/ai-marketing/images/icons/mistral-ai.svg,ai-marketing,icon,svg,1961,36e8f1d1,production-candidate,,nexsas-images-reconstructed.zip,User-supplied NextSaaS source; retain purchase/license documentation.,0
NSA-4809a72a-3450,nexsas-images/ai-marketing/images/icons/notion-with-black-text.svg,ai-marketing,icon,svg,3450,4809a72a,production-candidate,,nexsas-images-reconstructed.zip,User-supplied NextSaaS source; retain purchase/license documentation.,2
NSA-60169c71-3818,nexsas-images/ai-marketing/images/icons/open-ai.svg,ai-marketing,icon,svg,3818,60169c71,production-candidate,,nexsas-images-reconstructed.zip,User-supplied NextSaaS source; retain purchase/license documentation.,0
NSA-2e41b80e-6290,nexsas-images/ai-marketing/images/icons/outreach-with-black-text.svg,ai-marketing,icon,svg,6290,2e41b80e,production-candidate,,nexsas-images-reconstructed.zip,User-supplied NextSaaS source; retain purchase/license documentation.,2
NSA-33132d0d-1549,nexsas-images/ai-marketing/images/icons/perplexity-ai.svg,ai-marketing,icon,svg,1549,33132d0d,production-candidate,,nexsas-images-reconstructed.zip,User-supplied NextSaaS source; retain purchase/license documentation.,0
NSA-76e86b8d-4093,nexsas-images/ai-marketing/images/icons/qwen.svg,ai-marketing,icon,svg,4093,76e86b8d,production-candidate,,nexsas-images-reconstructed.zip,User-supplied NextSaaS source; retain purchase/license documentation.,0
NSA-b56d1a79-1991,nexsas-images/ai-marketing/images/icons/react.svg,ai-marketing,icon,svg,1991,b56d1a79,production-candidate,,nexsas-images-reconstructed.zip,User-supplied NextSaaS source; retain purchase/license documentation.,0
NSA-db9ddd68-1053,nexsas-images/ai-marketing/images/icons/runway.svg,ai-marketing,icon,svg,1053,db9ddd68,production-candidate,,nexsas-images-reconstructed.zip,User-supplied NextSaaS source; retain purchase/license documentation.,0
NSA-8420777a-4702,nexsas-images/ai-marketing/images/icons/scapic-with-black-text.svg,ai-marketing,icon,svg,4702,8420777a,production-candidate,,nexsas-images-reconstructed.zip,User-supplied NextSaaS source; retain purchase/license documentation.,2
NSA-469b8edf-6448,nexsas-images/ai-marketing/images/icons/spotify-with-black-text.svg,ai-marketing,icon,svg,6448,469b8edf,production-candidate,,nexsas-images-reconstructed.zip,User-supplied NextSaaS source; retain purchase/license documentation.,2
NSA-ce6c3efe-11996,nexsas-images/ai-marketing/images/icons/squarespace-with-black-text.svg,ai-marketing,icon,svg,11996,ce6c3efe,production-candidate,,nexsas-images-reconstructed.zip,User-supplied NextSaaS source; retain purchase/license documentation.,2
NSA-d27c7fab-3425,nexsas-images/ai-marketing/images/icons/stripe-with-black-text.svg,ai-marketing,icon,svg,3425,d27c7fab,production-candidate,,nexsas-images-reconstructed.zip,User-supplied NextSaaS source; retain purchase/license documentation.,2
NSA-bfd59a29-1103,nexsas-images/ai-marketing/images/logo/logo/logo-white-small.svg,ai-marketing,logo,svg,1103,bfd59a29,replace-before-launch,,nexsas-images-reconstructed.zip,User-supplied NextSaaS source; retain purchase/license documentation.,3
NSA-42b25f6c-305246,nexsas-images/ai-marketing/images/ns-img-420.jpg,ai-marketing,image,jpg,305246,42b25f6c,production-candidate,,nexsas-images-reconstructed.zip,User-supplied NextSaaS source; retain purchase/license documentation.,3
NSA-ec4fd15e-56077,nexsas-images/ai-marketing/images/ns-img-423.jpg,ai-marketing,image,jpg,56077,ec4fd15e,production-candidate,,nexsas-images-reconstructed.zip,User-supplied NextSaaS source; retain purchase/license documentation.,4
NSA-3cb8e86b-187053,nexsas-images/ai-marketing/images/ns-img-427.jpg,ai-marketing,image,jpg,187053,3cb8e86b,production-candidate,,nexsas-images-reconstructed.zip,User-supplied NextSaaS source; retain purchase/license documentation.,3
NSA-2c3fd5c0-9697,nexsas-images/ai-marketing/images/opai-avatar-img-04.png,ai-marketing,avatar,png,9697,2c3fd5c0,editorial-placeholder-only,,nexsas-images-reconstructed.zip,User-supplied NextSaaS source; retain purchase/license documentation.,2
NSA-dd63ed78-28887,nexsas-images/ai-marketing/images/opai-avatar-img-05.png,ai-marketing,avatar,png,28887,dd63ed78,editorial-placeholder-only,,nexsas-images-reconstructed.zip,User-supplied NextSaaS source; retain purchase/license documentation.,2
NSA-6b187830-22603,nexsas-images/ai-marketing/images/opai-avatar-img-06.png,ai-marketing,avatar,png,22603,6b187830,editorial-placeholder-only,,nexsas-images-reconstructed.zip,User-supplied NextSaaS source; retain purchase/license documentation.,1
NSA-2e12f4c4-24732,nexsas-images/ai-marketing/images/opai-avatar-img-07.png,ai-marketing,avatar,png,24732,2e12f4c4,editorial-placeholder-only,,nexsas-images-reconstructed.zip,User-supplied NextSaaS source; retain purchase/license documentation.,1
NSA-b1869e44-28759,nexsas-images/ai-marketing/images/opai-avatar-img-08.png,ai-marketing,avatar,png,28759,b1869e44,editorial-placeholder-only,,nexsas-images-reconstructed.zip,User-supplied NextSaaS source; retain purchase/license documentation.,1
NSA-146351b8-835849,nexsas-images/ai-marketing/images/opai-avatar-img-09.png,ai-marketing,avatar,png,835849,146351b8,editorial-placeholder-only,,nexsas-images-reconstructed.zip,User-supplied NextSaaS source; retain purchase/license documentation.,1
NSA-60eeda20-705506,nexsas-images/ai-marketing/images/opai-avatar-img-112.png,ai-marketing,avatar,png,705506,60eeda20,editorial-placeholder-only,,nexsas-images-reconstructed.zip,User-supplied NextSaaS source; retain purchase/license documentation.,0
NSA-6e12a03c-666509,nexsas-images/ai-marketing/images/opai-avatar-img-113.png,ai-marketing,avatar,png,666509,6e12a03c,editorial-placeholder-only,,nexsas-images-reconstructed.zip,User-supplied NextSaaS source; retain purchase/license documentation.,0
NSA-0c11b376-692620,nexsas-images/ai-marketing/images/opai-avatar-img-114.png,ai-marketing,avatar,png,692620,0c11b376,editorial-placeholder-only,,nexsas-images-reconstructed.zip,User-supplied NextSaaS source; retain purchase/license documentation.,0
NSA-1a0b06d0-361477,nexsas-images/ai-marketing/images/opai-avatar-img-170.jpg,ai-marketing,avatar,jpg,361477,1a0b06d0,editorial-placeholder-only,,nexsas-images-reconstructed.zip,User-supplied NextSaaS source; retain purchase/license documentation.,0
NSA-fd687b86-386283,nexsas-images/ai-marketing/images/opai-avatar-img-171.jpg,ai-marketing,avatar,jpg,386283,fd687b86,editorial-placeholder-only,,nexsas-images-reconstructed.zip,User-supplied NextSaaS source; retain purchase/license documentation.,0
NSA-d82a8dcb-12285,nexsas-images/ai-marketing/images/opai-avatar-img-25.png,ai-marketing,avatar,png,12285,d82a8dcb,editorial-placeholder-only,,nexsas-images-reconstructed.zip,User-supplied NextSaaS source; retain purchase/license documentation.,1
NSA-b506f394-761682,nexsas-images/ai-marketing/images/opai-img-1.png,ai-marketing,image,png,761682,b506f394,production-candidate,,nexsas-images-reconstructed.zip,User-supplied NextSaaS source; retain purchase/license documentation.,0
NSA-8af50537-3148095,nexsas-images/ai-marketing/images/opai-img-10.png,ai-marketing,image,png,3148095,8af50537,production-candidate,,nexsas-images-reconstructed.zip,User-supplied NextSaaS source; retain purchase/license documentation.,0
NSA-b0c499ba-1341167,nexsas-images/ai-marketing/images/opai-img-109.png,ai-marketing,image,png,1341167,b0c499ba,production-candidate,,nexsas-images-reconstructed.zip,User-supplied NextSaaS source; retain purchase/license documentation.,0
NSA-fc87c254-1902293,nexsas-images/ai-marketing/images/opai-img-11.png,ai-marketing,image,png,1902293,fc87c254,production-candidate,,nexsas-images-reconstructed.zip,User-supplied NextSaaS source; retain purchase/license documentation.,0
NSA-0279530a-1087067,nexsas-images/ai-marketing/images/opai-img-12.png,ai-marketing,image,png,1087067,0279530a,production-candidate,,nexsas-images-reconstructed.zip,User-supplied NextSaaS source; retain purchase/license documentation.,0
NSA-f9b57e3f-1067633,nexsas-images/ai-marketing/images/opai-img-13.png,ai-marketing,image,png,1067633,f9b57e3f,production-candidate,,nexsas-images-reconstructed.zip,User-supplied NextSaaS source; retain purchase/license documentation.,0
NSA-e64c1a24-974358,nexsas-images/ai-marketing/images/opai-img-14.png,ai-marketing,image,png,974358,e64c1a24,production-candidate,,nexsas-images-reconstructed.zip,User-supplied NextSaaS source; retain purchase/license documentation.,0
NSA-60c174b4-955729,nexsas-images/ai-marketing/images/opai-img-15.png,ai-marketing,image,png,955729,60c174b4,production-candidate,,nexsas-images-reconstructed.zip,User-supplied NextSaaS source; retain purchase/license documentation.,0
NSA-b4a9f5a9-79179,nexsas-images/ai-marketing/images/opai-img-155.png,ai-marketing,image,png,79179,b4a9f5a9,production-candidate,,nexsas-images-reconstructed.zip,User-supplied NextSaaS source; retain purchase/license documentation.,0
NSA-30069082-167112,nexsas-images/ai-marketing/images/opai-img-156.png,ai-marketing,image,png,167112,30069082,production-candidate,,nexsas-images-reconstructed.zip,User-supplied NextSaaS source; retain purchase/license documentation.,0
NSA-77e9f650-103034,nexsas-images/ai-marketing/images/opai-img-157.png,ai-marketing,image,png,103034,77e9f650,production-candidate,,nexsas-images-reconstructed.zip,User-supplied NextSaaS source; retain purchase/license documentation.,0
NSA-68bbb434-1218779,nexsas-images/ai-marketing/images/opai-img-158.jpg,ai-marketing,image,jpg,1218779,68bbb434,production-candidate,,nexsas-images-reconstructed.zip,User-supplied NextSaaS source; retain purchase/license documentation.,0
NSA-5e27a60e-2254790,nexsas-images/ai-marketing/images/opai-img-159.jpg,ai-marketing,image,jpg,2254790,5e27a60e,production-candidate,,nexsas-images-reconstructed.zip,User-supplied NextSaaS source; retain purchase/license documentation.,0
NSA-0bc4f0b0-992298,nexsas-images/ai-marketing/images/opai-img-16.png,ai-marketing,image,png,992298,0bc4f0b0,production-candidate,,nexsas-images-reconstructed.zip,User-supplied NextSaaS source; retain purchase/license documentation.,0
NSA-523c6659-933912,nexsas-images/ai-marketing/images/opai-img-160.jpg,ai-marketing,image,jpg,933912,523c6659,production-candidate,,nexsas-images-reconstructed.zip,User-supplied NextSaaS source; retain purchase/license documentation.,0
NSA-9ae25b09-1615075,nexsas-images/ai-marketing/images/opai-img-161.jpg,ai-marketing,image,jpg,1615075,9ae25b09,production-candidate,,nexsas-images-reconstructed.zip,User-supplied NextSaaS source; retain purchase/license documentation.,0
NSA-b39591be-847161,nexsas-images/ai-marketing/images/opai-img-162.jpg,ai-marketing,image,jpg,847161,b39591be,production-candidate,,nexsas-images-reconstructed.zip,User-supplied NextSaaS source; retain purchase/license documentation.,0
NSA-b618a39a-1045644,nexsas-images/ai-marketing/images/opai-img-163.jpg,ai-marketing,image,jpg,1045644,b618a39a,production-candidate,,nexsas-images-reconstructed.zip,User-supplied NextSaaS source; retain purchase/license documentation.,0
NSA-520a3840-841427,nexsas-images/ai-marketing/images/opai-img-164.jpg,ai-marketing,image,jpg,841427,520a3840,production-candidate,,nexsas-images-reconstructed.zip,User-supplied NextSaaS source; retain purchase/license documentation.,0
NSA-e5da11ef-1069024,nexsas-images/ai-marketing/images/opai-img-165.jpg,ai-marketing,image,jpg,1069024,e5da11ef,production-candidate,,nexsas-images-reconstructed.zip,User-supplied NextSaaS source; retain purchase/license documentation.,0
NSA-ef7552ae-1075294,nexsas-images/ai-marketing/images/opai-img-166.jpg,ai-marketing,image,jpg,1075294,ef7552ae,production-candidate,,nexsas-images-reconstructed.zip,User-supplied NextSaaS source; retain purchase/license documentation.,0
NSA-5c121108-1106731,nexsas-images/ai-marketing/images/opai-img-167.jpg,ai-marketing,image,jpg,1106731,5c121108,production-candidate,,nexsas-images-reconstructed.zip,User-supplied NextSaaS source; retain purchase/license documentation.,0
NSA-210f621d-941703,nexsas-images/ai-marketing/images/opai-img-168.jpg,ai-marketing,image,jpg,941703,210f621d,production-candidate,,nexsas-images-reconstructed.zip,User-supplied NextSaaS source; retain purchase/license documentation.,0
NSA-3c9aa6fb-809620,nexsas-images/ai-marketing/images/opai-img-17.png,ai-marketing,image,png,809620,3c9aa6fb,production-candidate,,nexsas-images-reconstructed.zip,User-supplied NextSaaS source; retain purchase/license documentation.,0
NSA-6141c9dd-1028702,nexsas-images/ai-marketing/images/opai-img-18.png,ai-marketing,image,png,1028702,6141c9dd,production-candidate,,nexsas-images-reconstructed.zip,User-supplied NextSaaS source; retain purchase/license documentation.,0
NSA-ce811441-326680,nexsas-images/ai-marketing/images/opai-img-19.png,ai-marketing,image,png,326680,ce811441,production-candidate,,nexsas-images-reconstructed.zip,User-supplied NextSaaS source; retain purchase/license documentation.,0
NSA-04a5be69-988553,nexsas-images/ai-marketing/images/opai-img-2.png,ai-marketing,image,png,988553,04a5be69,production-candidate,,nexsas-images-reconstructed.zip,User-supplied NextSaaS source; retain purchase/license documentation.,0
NSA-717ffd19-925794,nexsas-images/ai-marketing/images/opai-img-21.png,ai-marketing,image,png,925794,717ffd19,production-candidate,,nexsas-images-reconstructed.zip,User-supplied NextSaaS source; retain purchase/license documentation.,0
NSA-e1a5ca6c-889287,nexsas-images/ai-marketing/images/opai-img-23.png,ai-marketing,image,png,889287,e1a5ca6c,production-candidate,,nexsas-images-reconstructed.zip,User-supplied NextSaaS source; retain purchase/license documentation.,0
NSA-23166b67-24649,nexsas-images/ai-marketing/images/opai-img-24.png,ai-marketing,image,png,24649,23166b67,production-candidate,,nexsas-images-reconstructed.zip,User-supplied NextSaaS source; retain purchase/license documentation.,0
NSA-e5b67df5-745543,nexsas-images/ai-marketing/images/opai-img-25.png,ai-marketing,image,png,745543,e5b67df5,production-candidate,,nexsas-images-reconstructed.zip,User-supplied NextSaaS source; retain purchase/license documentation.,0
NSA-85748255-109993,nexsas-images/ai-marketing/images/opai-img-254.jpg,ai-marketing,image,jpg,109993,85748255,production-candidate,,nexsas-images-reconstructed.zip,User-supplied NextSaaS source; retain purchase/license documentation.,3
NSA-2355a5aa-75595,nexsas-images/ai-marketing/images/opai-img-255.jpg,ai-marketing,image,jpg,75595,2355a5aa,production-candidate,,nexsas-images-reconstructed.zip,User-supplied NextSaaS source; retain purchase/license documentation.,3
NSA-224a3b3f-313895,nexsas-images/ai-marketing/images/opai-img-256.jpg,ai-marketing,image,jpg,313895,224a3b3f,production-candidate,,nexsas-images-reconstructed.zip,User-supplied NextSaaS source; retain purchase/license documentation.,3
NSA-c18ead82-198089,nexsas-images/ai-marketing/images/opai-img-257.jpg,ai-marketing,image,jpg,198089,c18ead82,production-candidate,,nexsas-images-reconstructed.zip,User-supplied NextSaaS source; retain purchase/license documentation.,3
NSA-aee46e0e-215526,nexsas-images/ai-marketing/images/opai-img-258.jpg,ai-marketing,image,jpg,215526,aee46e0e,production-candidate,,nexsas-images-reconstructed.zip,User-supplied NextSaaS source; retain purchase/license documentation.,3
NSA-1c9a2646-15960,nexsas-images/ai-marketing/images/opai-img-259.jpg,ai-marketing,image,jpg,15960,1c9a2646,production-candidate,,nexsas-images-reconstructed.zip,User-supplied NextSaaS source; retain purchase/license documentation.,3
NSA-121a4015-1079689,nexsas-images/ai-marketing/images/opai-img-26.png,ai-marketing,image,png,1079689,121a4015,production-candidate,,nexsas-images-reconstructed.zip,User-supplied NextSaaS source; retain purchase/license documentation.,0
NSA-5d5a96e5-118632,nexsas-images/ai-marketing/images/opai-img-260.jpg,ai-marketing,image,jpg,118632,5d5a96e5,production-candidate,,nexsas-images-reconstructed.zip,User-supplied NextSaaS source; retain purchase/license documentation.,3
NSA-05c60d22-2860615,nexsas-images/ai-marketing/images/opai-img-261.png,ai-marketing,image,png,2860615,05c60d22,production-candidate,,nexsas-images-reconstructed.zip,User-supplied NextSaaS source; retain purchase/license documentation.,0
NSA-643f2cd4-4878594,nexsas-images/ai-marketing/images/opai-img-262.png,ai-marketing,image,png,4878594,643f2cd4,production-candidate,,nexsas-images-reconstructed.zip,User-supplied NextSaaS source; retain purchase/license documentation.,0
NSA-77350f33-2792123,nexsas-images/ai-marketing/images/opai-img-263.png,ai-marketing,image,png,2792123,77350f33,production-candidate,,nexsas-images-reconstructed.zip,User-supplied NextSaaS source; retain purchase/license documentation.,0
NSA-e4b223bc-1472359,nexsas-images/ai-marketing/images/opai-img-264.png,ai-marketing,image,png,1472359,e4b223bc,production-candidate,,nexsas-images-reconstructed.zip,User-supplied NextSaaS source; retain purchase/license documentation.,0
NSA-e11ec500-2022752,nexsas-images/ai-marketing/images/opai-img-265.png,ai-marketing,image,png,2022752,e11ec500,production-candidate,,nexsas-images-reconstructed.zip,User-supplied NextSaaS source; retain purchase/license documentation.,0
NSA-0b1bfe86-2403554,nexsas-images/ai-marketing/images/opai-img-266.png,ai-marketing,image,png,2403554,0b1bfe86,production-candidate,,nexsas-images-reconstructed.zip,User-supplied NextSaaS source; retain purchase/license documentation.,0
NSA-64f9a488-2584853,nexsas-images/ai-marketing/images/opai-img-267.png,ai-marketing,image,png,2584853,64f9a488,production-candidate,,nexsas-images-reconstructed.zip,User-supplied NextSaaS source; retain purchase/license documentation.,0
NSA-42d95e14-1021625,nexsas-images/ai-marketing/images/opai-img-268.png,ai-marketing,image,png,1021625,42d95e14,production-candidate,,nexsas-images-reconstructed.zip,User-supplied NextSaaS source; retain purchase/license documentation.,0
NSA-1bf27e77-2422105,nexsas-images/ai-marketing/images/opai-img-269.png,ai-marketing,image,png,2422105,1bf27e77,production-candidate,,nexsas-images-reconstructed.zip,User-supplied NextSaaS source; retain purchase/license documentation.,0
NSA-457452d1-556096,nexsas-images/ai-marketing/images/opai-img-27.png,ai-marketing,image,png,556096,457452d1,production-candidate,,nexsas-images-reconstructed.zip,User-supplied NextSaaS source; retain purchase/license documentation.,0
NSA-597ccfbc-1315157,nexsas-images/ai-marketing/images/opai-img-270.png,ai-marketing,image,png,1315157,597ccfbc,production-candidate,,nexsas-images-reconstructed.zip,User-supplied NextSaaS source; retain purchase/license documentation.,0
NSA-a0d3b5d9-1008696,nexsas-images/ai-marketing/images/opai-img-271.png,ai-marketing,image,png,1008696,a0d3b5d9,production-candidate,,nexsas-images-reconstructed.zip,User-supplied NextSaaS source; retain purchase/license documentation.,0
NSA-7f943f37-1146612,nexsas-images/ai-marketing/images/opai-img-272.png,ai-marketing,image,png,1146612,7f943f37,production-candidate,,nexsas-images-reconstructed.zip,User-supplied NextSaaS source; retain purchase/license documentation.,0
NSA-19bfade7-1592787,nexsas-images/ai-marketing/images/opai-img-273.png,ai-marketing,image,png,1592787,19bfade7,production-candidate,,nexsas-images-reconstructed.zip,User-supplied NextSaaS source; retain purchase/license documentation.,0
NSA-0af3e225-1320572,nexsas-images/ai-marketing/images/opai-img-274.png,ai-marketing,image,png,1320572,0af3e225,production-candidate,,nexsas-images-reconstructed.zip,User-supplied NextSaaS source; retain purchase/license documentation.,0
NSA-f7e3fde1-1380812,nexsas-images/ai-marketing/images/opai-img-275.png,ai-marketing,image,png,1380812,f7e3fde1,production-candidate,,nexsas-images-reconstructed.zip,User-supplied NextSaaS source; retain purchase/license documentation.,0
NSA-455447b1-1371559,nexsas-images/ai-marketing/images/opai-img-276.png,ai-marketing,image,png,1371559,455447b1,production-candidate,,nexsas-images-reconstructed.zip,User-supplied NextSaaS source; retain purchase/license documentation.,0
NSA-b019b599-1354409,nexsas-images/ai-marketing/images/opai-img-28.png,ai-marketing,image,png,1354409,b019b599,production-candidate,,nexsas-images-reconstructed.zip,User-supplied NextSaaS source; retain purchase/license documentation.,0
NSA-e2e22c75-1621581,nexsas-images/ai-marketing/images/opai-img-29.png,ai-marketing,image,png,1621581,e2e22c75,production-candidate,,nexsas-images-reconstructed.zip,User-supplied NextSaaS source; retain purchase/license documentation.,0
NSA-e284f846-1139059,nexsas-images/ai-marketing/images/opai-img-3.png,ai-marketing,image,png,1139059,e284f846,production-candidate,,nexsas-images-reconstructed.zip,User-supplied NextSaaS source; retain purchase/license documentation.,0
NSA-91977edd-4361001,nexsas-images/ai-marketing/images/opai-img-30.png,ai-marketing,image,png,4361001,91977edd,production-candidate,,nexsas-images-reconstructed.zip,User-supplied NextSaaS source; retain purchase/license documentation.,0
NSA-2af52bc5-4165378,nexsas-images/ai-marketing/images/opai-img-4.png,ai-marketing,image,png,4165378,2af52bc5,production-candidate,,nexsas-images-reconstructed.zip,User-supplied NextSaaS source; retain purchase/license documentation.,0
NSA-77261fb9-1007685,nexsas-images/ai-marketing/images/opai-img-44.png,ai-marketing,image,png,1007685,77261fb9,production-candidate,,nexsas-images-reconstructed.zip,User-supplied NextSaaS source; retain purchase/license documentation.,0
NSA-2762e89f-2183643,nexsas-images/ai-marketing/images/opai-img-45.png,ai-marketing,image,png,2183643,2762e89f,production-candidate,,nexsas-images-reconstructed.zip,User-supplied NextSaaS source; retain purchase/license documentation.,0
NSA-7220295e-2880958,nexsas-images/ai-marketing/images/opai-img-46.png,ai-marketing,image,png,2880958,7220295e,production-candidate,,nexsas-images-reconstructed.zip,User-supplied NextSaaS source; retain purchase/license documentation.,0
NSA-a6599da6-1359,nexsas-images/ai-marketing/images/opai-img-47.svg,ai-marketing,vector,svg,1359,a6599da6,production-candidate,,nexsas-images-reconstructed.zip,User-supplied NextSaaS source; retain purchase/license documentation.,0
NSA-87fa8dff-1212760,nexsas-images/ai-marketing/images/opai-img-48.png,ai-marketing,image,png,1212760,87fa8dff,production-candidate,,nexsas-images-reconstructed.zip,User-supplied NextSaaS source; retain purchase/license documentation.,0
NSA-a1267ceb-96232,nexsas-images/ai-marketing/images/opai-img-49.png,ai-marketing,image,png,96232,a1267ceb,production-candidate,,nexsas-images-reconstructed.zip,User-supplied NextSaaS source; retain purchase/license documentation.,0
NSA-8c00cfbe-405456,nexsas-images/ai-marketing/images/opai-img-5.png,ai-marketing,image,png,405456,8c00cfbe,production-candidate,,nexsas-images-reconstructed.zip,User-supplied NextSaaS source; retain purchase/license documentation.,0
NSA-27a7cdf1-519364,nexsas-images/ai-marketing/images/opai-img-50.png,ai-marketing,image,png,519364,27a7cdf1,production-candidate,,nexsas-images-reconstructed.zip,User-supplied NextSaaS source; retain purchase/license documentation.,0
NSA-b8152986-1770760,nexsas-images/ai-marketing/images/opai-img-50.svg,ai-marketing,vector,svg,1770760,b8152986,production-candidate,,nexsas-images-reconstructed.zip,User-supplied NextSaaS source; retain purchase/license documentation.,0
NSA-c76e7603-1092962,nexsas-images/ai-marketing/images/opai-img-51.png,ai-marketing,image,png,1092962,c76e7603,production-candidate,,nexsas-images-reconstructed.zip,User-supplied NextSaaS source; retain purchase/license documentation.,0
NSA-84bb5333-751869,nexsas-images/ai-marketing/images/opai-img-52.png,ai-marketing,image,png,751869,84bb5333,production-candidate,,nexsas-images-reconstructed.zip,User-supplied NextSaaS source; retain purchase/license documentation.,0
NSA-ce049d6f-493953,nexsas-images/ai-marketing/images/opai-img-53.png,ai-marketing,image,png,493953,ce049d6f,production-candidate,,nexsas-images-reconstructed.zip,User-supplied NextSaaS source; retain purchase/license documentation.,0
NSA-2efd56cd-677590,nexsas-images/ai-marketing/images/opai-img-54.png,ai-marketing,image,png,677590,2efd56cd,production-candidate,,nexsas-images-reconstructed.zip,User-supplied NextSaaS source; retain purchase/license documentation.,0
NSA-57b2ac79-631115,nexsas-images/ai-marketing/images/opai-img-55.png,ai-marketing,image,png,631115,57b2ac79,production-candidate,,nexsas-images-reconstructed.zip,User-supplied NextSaaS source; retain purchase/license documentation.,0
NSA-d58fff7b-552684,nexsas-images/ai-marketing/images/opai-img-56.png,ai-marketing,image,png,552684,d58fff7b,production-candidate,,nexsas-images-reconstructed.zip,User-supplied NextSaaS source; retain purchase/license documentation.,0
NSA-577311a0-425214,nexsas-images/ai-marketing/images/opai-img-57.png,ai-marketing,image,png,425214,577311a0,production-candidate,,nexsas-images-reconstructed.zip,User-supplied NextSaaS source; retain purchase/license documentation.,0
NSA-0a154a86-592490,nexsas-images/ai-marketing/images/opai-img-58.png,ai-marketing,image,png,592490,0a154a86,production-candidate,,nexsas-images-reconstructed.zip,User-supplied NextSaaS source; retain purchase/license documentation.,0
NSA-c241226f-3026447,nexsas-images/ai-marketing/images/opai-img-6.png,ai-marketing,image,png,3026447,c241226f,production-candidate,,nexsas-images-reconstructed.zip,User-supplied NextSaaS source; retain purchase/license documentation.,0
NSA-79a6bb47-435846,nexsas-images/ai-marketing/images/opai-img-61.png,ai-marketing,image,png,435846,79a6bb47,production-candidate,,nexsas-images-reconstructed.zip,User-supplied NextSaaS source; retain purchase/license documentation.,1
NSA-533c3532-3449538,nexsas-images/ai-marketing/images/opai-img-8.png,ai-marketing,image,png,3449538,533c3532,production-candidate,,nexsas-images-reconstructed.zip,User-supplied NextSaaS source; retain purchase/license documentation.,0
NSA-9e1c983e-4625885,nexsas-images/ai-marketing/images/opai-img-9.png,ai-marketing,image,png,4625885,9e1c983e,production-candidate,,nexsas-images-reconstructed.zip,User-supplied NextSaaS source; retain purchase/license documentation.,0
NSA-6bfa94ff-30302,nexsas-images/ai-marketing/images/vector-01.svg,ai-marketing,vector,svg,30302,6bfa94ff,production-candidate,,nexsas-images-reconstructed.zip,User-supplied NextSaaS source; retain purchase/license documentation.,0
NSA-95f6bb24-855,nexsas-images/ai-resume-builder/images/icons/apple-dark.svg,ai-resume-builder,icon,svg,855,95f6bb24,production-candidate,,nexsas-images-reconstructed.zip,User-supplied NextSaaS source; retain purchase/license documentation.,2
NSA-e2df2824-5675,nexsas-images/ai-resume-builder/images/icons/asana-v2-dark.svg,ai-resume-builder,icon,svg,5675,e2df2824,production-candidate,,nexsas-images-reconstructed.zip,User-supplied NextSaaS source; retain purchase/license documentation.,1
NSA-eea99b27-774,nexsas-images/ai-resume-builder/images/icons/check-circle.svg,ai-resume-builder,icon,svg,774,eea99b27,production-candidate,,nexsas-images-reconstructed.zip,User-supplied NextSaaS source; retain purchase/license documentation.,2
NSA-7203492a-932,nexsas-images/ai-resume-builder/images/icons/marvel-dark.svg,ai-resume-builder,icon,svg,932,7203492a,production-candidate,,nexsas-images-reconstructed.zip,User-supplied NextSaaS source; retain purchase/license documentation.,2
NSA-c037ee26-2172,nexsas-images/ai-resume-builder/images/icons/ms_yammer-dark.svg,ai-resume-builder,icon,svg,2172,c037ee26,production-candidate,,nexsas-images-reconstructed.zip,User-supplied NextSaaS source; retain purchase/license documentation.,2
NSA-9413f6a1-6275,nexsas-images/ai-resume-builder/images/icons/outreach-white.svg,ai-resume-builder,icon,svg,6275,9413f6a1,production-candidate,,nexsas-images-reconstructed.zip,User-supplied NextSaaS source; retain purchase/license documentation.,1
NSA-ec563620-6277,nexsas-images/ai-resume-builder/images/icons/outreach.svg,ai-resume-builder,icon,svg,6277,ec563620,production-candidate,,nexsas-images-reconstructed.zip,User-supplied NextSaaS source; retain purchase/license documentation.,1
NSA-241706db-30960,nexsas-images/ai-resume-builder/images/icons/shopify.svg,ai-resume-builder,icon,svg,30960,241706db,production-candidate,,nexsas-images-reconstructed.zip,User-supplied NextSaaS source; retain purchase/license documentation.,1
NSA-23568331-784,nexsas-images/ai-resume-builder/images/icons/thumbs-up.svg,ai-resume-builder,icon,svg,784,23568331,production-candidate,,nexsas-images-reconstructed.zip,User-supplied NextSaaS source; retain purchase/license documentation.,2
NSA-8f763463-4799,nexsas-images/ai-resume-builder/images/icons/tiktok.svg,ai-resume-builder,icon,svg,4799,8f763463,production-candidate,,nexsas-images-reconstructed.zip,User-supplied NextSaaS source; retain purchase/license documentation.,1
NSA-d3736351-10668,nexsas-images/ai-resume-builder/images/icons/trustpilot-logo.svg,ai-resume-builder,icon,svg,10668,d3736351,production-candidate,,nexsas-images-reconstructed.zip,User-supplied NextSaaS source; retain purchase/license documentation.,2
NSA-19e365bb-1142,nexsas-images/ai-resume-builder/images/icons/users.svg,ai-resume-builder,icon,svg,1142,19e365bb,production-candidate,,nexsas-images-reconstructed.zip,User-supplied NextSaaS source; retain purchase/license documentation.,2
NSA-33481df5-971,nexsas-images/ai-resume-builder/images/icons/zapier.svg,ai-resume-builder,icon,svg,971,33481df5,production-candidate,,nexsas-images-reconstructed.zip,User-supplied NextSaaS source; retain purchase/license documentation.,1
NSA-7412c4e2-1533679,nexsas-images/ai-resume-builder/images/ns-avatar-24.png,ai-resume-builder,avatar,png,1533679,7412c4e2,editorial-placeholder-only,,nexsas-images-reconstructed.zip,User-supplied NextSaaS source; retain purchase/license documentation.,1
NSA-c13b365a-901552,nexsas-images/ai-resume-builder/images/ns-avatar-25.png,ai-resume-builder,avatar,png,901552,c13b365a,editorial-placeholder-only,,nexsas-images-reconstructed.zip,User-supplied NextSaaS source; retain purchase/license documentation.,1
NSA-4e0d77b9-2220691,nexsas-images/ai-resume-builder/images/ns-avatar-26.png,ai-resume-builder,avatar,png,2220691,4e0d77b9,editorial-placeholder-only,,nexsas-images-reconstructed.zip,User-supplied NextSaaS source; retain purchase/license documentation.,1
NSA-df5d47e9-1646387,nexsas-images/ai-resume-builder/images/ns-avatar-27.png,ai-resume-builder,avatar,png,1646387,df5d47e9,editorial-placeholder-only,,nexsas-images-reconstructed.zip,User-supplied NextSaaS source; retain purchase/license documentation.,1
NSA-02794486-55392,nexsas-images/ai-resume-builder/images/ns-img-10.svg,ai-resume-builder,vector,svg,55392,02794486,production-candidate,,nexsas-images-reconstructed.zip,User-supplied NextSaaS source; retain purchase/license documentation.,1
NSA-c469596e-36820,nexsas-images/ai-resume-builder/images/ns-img-11.svg,ai-resume-builder,vector,svg,36820,c469596e,production-candidate,,nexsas-images-reconstructed.zip,User-supplied NextSaaS source; retain purchase/license documentation.,1
NSA-4f8bf541-7218,nexsas-images/ai-resume-builder/images/ns-img-12.svg,ai-resume-builder,vector,svg,7218,4f8bf541,production-candidate,,nexsas-images-reconstructed.zip,User-supplied NextSaaS source; retain purchase/license documentation.,2
NSA-b99fe97a-17133,nexsas-images/ai-resume-builder/images/ns-img-13.svg,ai-resume-builder,vector,svg,17133,b99fe97a,production-candidate,,nexsas-images-reconstructed.zip,User-supplied NextSaaS source; retain purchase/license documentation.,1
NSA-064d6d0f-491271,nexsas-images/ai-resume-builder/images/ns-img-24.png,ai-resume-builder,image,png,491271,064d6d0f,production-candidate,,nexsas-images-reconstructed.zip,User-supplied NextSaaS source; retain purchase/license documentation.,1
NSA-63134689-39822,nexsas-images/ai-resume-builder/images/ns-img-240.png,ai-resume-builder,image,png,39822,63134689,production-candidate,,nexsas-images-reconstructed.zip,User-supplied NextSaaS source; retain purchase/license documentation.,1
NSA-a05c4029-744790,nexsas-images/ai-resume-builder/images/ns-img-25.png,ai-resume-builder,image,png,744790,a05c4029,production-candidate,,nexsas-images-reconstructed.zip,User-supplied NextSaaS source; retain purchase/license documentation.,2
NSA-70eb3cff-963368,nexsas-images/ai-resume-builder/images/ns-img-294.png,ai-resume-builder,image,png,963368,70eb3cff,production-candidate,,nexsas-images-reconstructed.zip,User-supplied NextSaaS source; retain purchase/license documentation.,1
NSA-d4a66ca3-528884,nexsas-images/ai-resume-builder/images/ns-img-30.png,ai-resume-builder,image,png,528884,d4a66ca3,production-candidate,,nexsas-images-reconstructed.zip,User-supplied NextSaaS source; retain purchase/license documentation.,1
NSA-c05c2971-617243,nexsas-images/ai-resume-builder/images/ns-img-339.png,ai-resume-builder,image,png,617243,c05c2971,production-candidate,,nexsas-images-reconstructed.zip,User-supplied NextSaaS source; retain purchase/license documentation.,1
NSA-cbc552a4-988668,nexsas-images/ai-resume-builder/images/ns-img-340.png,ai-resume-builder,image,png,988668,cbc552a4,production-candidate,,nexsas-images-reconstructed.zip,User-supplied NextSaaS source; retain purchase/license documentation.,1
NSA-49361295-1837,nexsas-images/ai-resume-builder/images/ns-img-341.svg,ai-resume-builder,vector,svg,1837,49361295,production-candidate,,nexsas-images-reconstructed.zip,User-supplied NextSaaS source; retain purchase/license documentation.,1
NSA-0b1b4361-68984,nexsas-images/ai-resume-builder/images/ns-img-342.svg,ai-resume-builder,vector,svg,68984,0b1b4361,production-candidate,,nexsas-images-reconstructed.zip,User-supplied NextSaaS source; retain purchase/license documentation.,1
NSA-655241f5-9257,nexsas-images/ai-resume-builder/images/ns-img-343.svg,ai-resume-builder,vector,svg,9257,655241f5,production-candidate,,nexsas-images-reconstructed.zip,User-supplied NextSaaS source; retain purchase/license documentation.,1
NSA-1ad34dee-5300,nexsas-images/ai-resume-builder/images/ns-img-344.svg,ai-resume-builder,vector,svg,5300,1ad34dee,production-candidate,,nexsas-images-reconstructed.zip,User-supplied NextSaaS source; retain purchase/license documentation.,1
NSA-63c2f817-129339,nexsas-images/ai-resume-builder/images/ns-img-345.svg,ai-resume-builder,vector,svg,129339,63c2f817,production-candidate,,nexsas-images-reconstructed.zip,User-supplied NextSaaS source; retain purchase/license documentation.,1
NSA-900aa255-13259,nexsas-images/ai-resume-builder/images/ns-img-346.svg,ai-resume-builder,vector,svg,13259,900aa255,production-candidate,,nexsas-images-reconstructed.zip,User-supplied NextSaaS source; retain purchase/license documentation.,1
NSA-992266e6-5074,nexsas-images/ai-resume-builder/images/ns-img-347.svg,ai-resume-builder,vector,svg,5074,992266e6,production-candidate,,nexsas-images-reconstructed.zip,User-supplied NextSaaS source; retain purchase/license documentation.,1
NSA-252615ae-13059,nexsas-images/ai-resume-builder/images/ns-img-348.svg,ai-resume-builder,vector,svg,13059,252615ae,production-candidate,,nexsas-images-reconstructed.zip,User-supplied NextSaaS source; retain purchase/license documentation.,1
NSA-fcde711b-78216,nexsas-images/ai-resume-builder/images/ns-img-349.svg,ai-resume-builder,vector,svg,78216,fcde711b,production-candidate,,nexsas-images-reconstructed.zip,User-supplied NextSaaS source; retain purchase/license documentation.,1
NSA-ffb04291-27195,nexsas-images/ai-resume-builder/images/ns-img-350.png,ai-resume-builder,image,png,27195,ffb04291,production-candidate,,nexsas-images-reconstructed.zip,User-supplied NextSaaS source; retain purchase/license documentation.,1
NSA-7382baa8-33000,nexsas-images/ai-resume-builder/images/ns-img-351.svg,ai-resume-builder,vector,svg,33000,7382baa8,production-candidate,,nexsas-images-reconstructed.zip,User-supplied NextSaaS source; retain purchase/license documentation.,1
NSA-062b4127-575743,nexsas-images/ai-resume-builder/images/ns-img-352.png,ai-resume-builder,image,png,575743,062b4127,production-candidate,,nexsas-images-reconstructed.zip,User-supplied NextSaaS source; retain purchase/license documentation.,1
NSA-516f7290-1010365,nexsas-images/ai-resume-builder/images/ns-img-354.png,ai-resume-builder,image,png,1010365,516f7290,production-candidate,,nexsas-images-reconstructed.zip,User-supplied NextSaaS source; retain purchase/license documentation.,1
NSA-82cc8753-1000318,nexsas-images/ai-resume-builder/images/ns-img-355.png,ai-resume-builder,image,png,1000318,82cc8753,production-candidate,,nexsas-images-reconstructed.zip,User-supplied NextSaaS source; retain purchase/license documentation.,1
NSA-d26e5057-12087,nexsas-images/ai-resume-builder/images/ns-img-36.png,ai-resume-builder,image,png,12087,d26e5057,production-candidate,,nexsas-images-reconstructed.zip,User-supplied NextSaaS source; retain purchase/license documentation.,1
NSA-141e525e-16469,nexsas-images/ai-resume-builder/images/ns-img-37.png,ai-resume-builder,image,png,16469,141e525e,production-candidate,,nexsas-images-reconstructed.zip,User-supplied NextSaaS source; retain purchase/license documentation.,1
NSA-12cd109c-10046,nexsas-images/ai-resume-builder/images/ns-img-38.png,ai-resume-builder,image,png,10046,12cd109c,production-candidate,,nexsas-images-reconstructed.zip,User-supplied NextSaaS source; retain purchase/license documentation.,1
NSA-2f410837-11254,nexsas-images/ai-resume-builder/images/ns-img-39.png,ai-resume-builder,image,png,11254,2f410837,production-candidate,,nexsas-images-reconstructed.zip,User-supplied NextSaaS source; retain purchase/license documentation.,1
NSA-0c04c76a-27286,nexsas-images/ai-resume-builder/images/ns-img-392.svg,ai-resume-builder,vector,svg,27286,0c04c76a,production-candidate,,nexsas-images-reconstructed.zip,User-supplied NextSaaS source; retain purchase/license documentation.,1
NSA-0746356d-22216,nexsas-images/ai-resume-builder/images/ns-img-394.svg,ai-resume-builder,vector,svg,22216,0746356d,production-candidate,,nexsas-images-reconstructed.zip,User-supplied NextSaaS source; retain purchase/license documentation.,1
NSA-dbcb616c-21861,nexsas-images/ai-resume-builder/images/ns-img-396.svg,ai-resume-builder,vector,svg,21861,dbcb616c,production-candidate,,nexsas-images-reconstructed.zip,User-supplied NextSaaS source; retain purchase/license documentation.,1
NSA-9c26cc2a-9765,nexsas-images/ai-resume-builder/images/ns-img-40.png,ai-resume-builder,image,png,9765,9c26cc2a,production-candidate,,nexsas-images-reconstructed.zip,User-supplied NextSaaS source; retain purchase/license documentation.,1
NSA-7f3b9319-9378,nexsas-images/ai-resume-builder/images/ns-img-41.png,ai-resume-builder,image,png,9378,7f3b9319,production-candidate,,nexsas-images-reconstructed.zip,User-supplied NextSaaS source; retain purchase/license documentation.,1
NSA-ff49e2a0-234869,nexsas-images/ai-resume-builder/images/ns-img-421.jpg,ai-resume-builder,image,jpg,234869,ff49e2a0,production-candidate,,nexsas-images-reconstructed.zip,User-supplied NextSaaS source; retain purchase/license documentation.,1
NSA-3daef5b9-64626,nexsas-images/ai-resume-builder/images/ns-img-426.jpg,ai-resume-builder,image,jpg,64626,3daef5b9,production-candidate,,nexsas-images-reconstructed.zip,User-supplied NextSaaS source; retain purchase/license documentation.,1
NSA-78c51dee-491895,nexsas-images/ai-resume-builder/images/ns-img-440.png,ai-resume-builder,image,png,491895,78c51dee,production-candidate,,nexsas-images-reconstructed.zip,User-supplied NextSaaS source; retain purchase/license documentation.,1
NSA-10139277-393444,nexsas-images/ai-resume-builder/images/ns-img-441.png,ai-resume-builder,image,png,393444,10139277,production-candidate,,nexsas-images-reconstructed.zip,User-supplied NextSaaS source; retain purchase/license documentation.,1
NSA-fecd3f50-553166,nexsas-images/ai-resume-builder/images/ns-img-467.png,ai-resume-builder,image,png,553166,fecd3f50,production-candidate,,nexsas-images-reconstructed.zip,User-supplied NextSaaS source; retain purchase/license documentation.,1
NSA-2cd79b4c-883200,nexsas-images/ai-resume-builder/images/ns-img-493.png,ai-resume-builder,image,png,883200,2cd79b4c,production-candidate,,nexsas-images-reconstructed.zip,User-supplied NextSaaS source; retain purchase/license documentation.,1
NSA-594aacfa-791197,nexsas-images/ai-resume-builder/images/ns-img-494.png,ai-resume-builder,image,png,791197,594aacfa,production-candidate,,nexsas-images-reconstructed.zip,User-supplied NextSaaS source; retain purchase/license documentation.,1
NSA-973c2277-1274948,nexsas-images/ai-resume-builder/images/ns-img-497.png,ai-resume-builder,image,png,1274948,973c2277,production-candidate,,nexsas-images-reconstructed.zip,User-supplied NextSaaS source; retain purchase/license documentation.,1
NSA-7f724581-23864,nexsas-images/ai-resume-builder/images/ns-img-7.svg,ai-resume-builder,vector,svg,23864,7f724581,production-candidate,,nexsas-images-reconstructed.zip,User-supplied NextSaaS source; retain purchase/license documentation.,1
NSA-171184d5-530409,nexsas-images/ai-resume-builder/images/ns-img-dark-11.png,ai-resume-builder,image,png,530409,171184d5,production-candidate,,nexsas-images-reconstructed.zip,User-supplied NextSaaS source; retain purchase/license documentation.,1
NSA-9bb56684-43986,nexsas-images/ai-resume-builder/images/ns-img-dark-161.png,ai-resume-builder,image,png,43986,9bb56684,production-candidate,,nexsas-images-reconstructed.zip,User-supplied NextSaaS source; retain purchase/license documentation.,1
NSA-c272b38c-12695,nexsas-images/ai-resume-builder/images/ns-img-dark-17.png,ai-resume-builder,image,png,12695,c272b38c,production-candidate,,nexsas-images-reconstructed.zip,User-supplied NextSaaS source; retain purchase/license documentation.,1
NSA-7fcb5e29-18924,nexsas-images/ai-resume-builder/images/ns-img-dark-18.png,ai-resume-builder,image,png,18924,7fcb5e29,production-candidate,,nexsas-images-reconstructed.zip,User-supplied NextSaaS source; retain purchase/license documentation.,1
NSA-5f0cfbe5-10974,nexsas-images/ai-resume-builder/images/ns-img-dark-19.png,ai-resume-builder,image,png,10974,5f0cfbe5,production-candidate,,nexsas-images-reconstructed.zip,User-supplied NextSaaS source; retain purchase/license documentation.,1
NSA-7e45a412-12133,nexsas-images/ai-resume-builder/images/ns-img-dark-20.png,ai-resume-builder,image,png,12133,7e45a412,production-candidate,,nexsas-images-reconstructed.zip,User-supplied NextSaaS source; retain purchase/license documentation.,1
NSA-3de320e8-10561,nexsas-images/ai-resume-builder/images/ns-img-dark-21.png,ai-resume-builder,image,png,10561,3de320e8,production-candidate,,nexsas-images-reconstructed.zip,User-supplied NextSaaS source; retain purchase/license documentation.,1
NSA-77573e5b-27259,nexsas-images/ai-resume-builder/images/ns-img-dark-211.svg,ai-resume-builder,vector,svg,27259,77573e5b,production-candidate,,nexsas-images-reconstructed.zip,User-supplied NextSaaS source; retain purchase/license documentation.,1
NSA-ca993478-22226,nexsas-images/ai-resume-builder/images/ns-img-dark-213.svg,ai-resume-builder,vector,svg,22226,ca993478,production-candidate,,nexsas-images-reconstructed.zip,User-supplied NextSaaS source; retain purchase/license documentation.,1
NSA-d6e74a25-21493,nexsas-images/ai-resume-builder/images/ns-img-dark-215.svg,ai-resume-builder,vector,svg,21493,d6e74a25,production-candidate,,nexsas-images-reconstructed.zip,User-supplied NextSaaS source; retain purchase/license documentation.,1
NSA-eb19ddc9-1758979,nexsas-images/ai-resume-builder/images/ns-img-dark-217.jpg,ai-resume-builder,image,jpg,1758979,eb19ddc9,production-candidate,,nexsas-images-reconstructed.zip,User-supplied NextSaaS source; retain purchase/license documentation.,0
NSA-d28840b2-10060,nexsas-images/ai-resume-builder/images/ns-img-dark-22.png,ai-resume-builder,image,png,10060,d28840b2,production-candidate,,nexsas-images-reconstructed.zip,User-supplied NextSaaS source; retain purchase/license documentation.,1
NSA-80fc032f-23864,nexsas-images/ai-resume-builder/images/ns-img-dark-5.svg,ai-resume-builder,vector,svg,23864,80fc032f,production-candidate,,nexsas-images-reconstructed.zip,User-supplied NextSaaS source; retain purchase/license documentation.,1
NSA-69aa4f84-78133,nexsas-images/ai-resume-builder/images/ns-img-dark-6.svg,ai-resume-builder,vector,svg,78133,69aa4f84,production-candidate,,nexsas-images-reconstructed.zip,User-supplied NextSaaS source; retain purchase/license documentation.,1
NSA-122cde2f-36550,nexsas-images/ai-resume-builder/images/ns-img-dark-7.svg,ai-resume-builder,vector,svg,36550,122cde2f,production-candidate,,nexsas-images-reconstructed.zip,User-supplied NextSaaS source; retain purchase/license documentation.,1
NSA-918303e7-20466,nexsas-images/ai-resume-builder/images/ns-img-dark-8.svg,ai-resume-builder,vector,svg,20466,918303e7,production-candidate,,nexsas-images-reconstructed.zip,User-supplied NextSaaS source; retain purchase/license documentation.,2
NSA-613bd797-892291,nexsas-images/ai-resume-builder/images/ns-img-dark-89.png,ai-resume-builder,image,png,892291,613bd797,production-candidate,,nexsas-images-reconstructed.zip,User-supplied NextSaaS source; retain purchase/license documentation.,1
NSA-e8db9d23-18249,nexsas-images/ai-resume-builder/images/ns-img-dark-9.svg,ai-resume-builder,vector,svg,18249,e8db9d23,production-candidate,,nexsas-images-reconstructed.zip,User-supplied NextSaaS source; retain purchase/license documentation.,1
NSA-13bfae50-4551,nexsas-images/ai-resume-builder/images/ns-img-hero-dot-bg.png,ai-resume-builder,image,png,4551,13bfae50,production-candidate,,nexsas-images-reconstructed.zip,User-supplied NextSaaS source; retain purchase/license documentation.,1
NSA-d0e531ed-5013,nexsas-images/ai-resume-builder/images/shared/dark-logo.svg,ai-resume-builder,logo,svg,5013,d0e531ed,replace-before-launch,,nexsas-images-reconstructed.zip,User-supplied NextSaaS source; retain purchase/license documentation.,1
NSA-f96a0267-4772,nexsas-images/ai-resume-builder/images/shared/main-logo-dark.svg,ai-resume-builder,logo,svg,4772,f96a0267,replace-before-launch,,nexsas-images-reconstructed.zip,User-supplied NextSaaS source; retain purchase/license documentation.,1
NSA-29181c15-4780,nexsas-images/ai-resume-builder/images/shared/main-logo-light.svg,ai-resume-builder,logo,svg,4780,29181c15,replace-before-launch,,nexsas-images-reconstructed.zip,User-supplied NextSaaS source; retain purchase/license documentation.,0
NSA-564b0685-832958,nexsas-images/ai-saas-software/images/gradient/opai-10.png,ai-saas-software,gradient,png,832958,564b0685,production-candidate,,nexsas-images-reconstructed.zip,User-supplied NextSaaS source; retain purchase/license documentation.,0
NSA-a0271be1-666036,nexsas-images/ai-saas-software/images/gradient/opai-15.png,ai-saas-software,gradient,png,666036,a0271be1,production-candidate,,nexsas-images-reconstructed.zip,User-supplied NextSaaS source; retain purchase/license documentation.,2
NSA-41c79d4a-2919144,nexsas-images/ai-saas-software/images/gradient/opai-2.png,ai-saas-software,gradient,png,2919144,41c79d4a,production-candidate,,nexsas-images-reconstructed.zip,User-supplied NextSaaS source; retain purchase/license documentation.,0
NSA-a1fcbe83-1591808,nexsas-images/ai-saas-software/images/gradient/opai-29.png,ai-saas-software,gradient,png,1591808,a1fcbe83,production-candidate,,nexsas-images-reconstructed.zip,User-supplied NextSaaS source; retain purchase/license documentation.,1
NSA-81960e7b-3187,nexsas-images/ai-saas-software/images/icons/dropbox-with-black-text.svg,ai-saas-software,icon,svg,3187,81960e7b,production-candidate,,nexsas-images-reconstructed.zip,User-supplied NextSaaS source; retain purchase/license documentation.,1
NSA-de2b3492-1041,nexsas-images/ai-saas-software/images/icons/google.svg,ai-saas-software,icon,svg,1041,de2b3492,production-candidate,,nexsas-images-reconstructed.zip,User-supplied NextSaaS source; retain purchase/license documentation.,0
NSA-90bb14b9-2074,nexsas-images/ai-saas-software/images/icons/notion.svg,ai-saas-software,icon,svg,2074,90bb14b9,production-candidate,,nexsas-images-reconstructed.zip,User-supplied NextSaaS source; retain purchase/license documentation.,0
NSA-6d586bca-2158,nexsas-images/ai-saas-software/images/icons/reddit.svg,ai-saas-software,icon,svg,2158,6d586bca,production-candidate,,nexsas-images-reconstructed.zip,User-supplied NextSaaS source; retain purchase/license documentation.,0
NSA-286c958b-2411,nexsas-images/ai-saas-software/images/icons/shopify.svg,ai-saas-software,icon,svg,2411,286c958b,production-candidate,,nexsas-images-reconstructed.zip,User-supplied NextSaaS source; retain purchase/license documentation.,0
NSA-d45831fa-1859,nexsas-images/ai-saas-software/images/icons/slack.svg,ai-saas-software,icon,svg,1859,d45831fa,production-candidate,,nexsas-images-reconstructed.zip,User-supplied NextSaaS source; retain purchase/license documentation.,1
NSA-57134882-6231,nexsas-images/ai-saas-software/images/icons/stripe.svg,ai-saas-software,icon,svg,6231,57134882,production-candidate,,nexsas-images-reconstructed.zip,User-supplied NextSaaS source; retain purchase/license documentation.,0
NSA-baea3e55-1498,nexsas-images/ai-saas-software/images/icons/telegram.svg,ai-saas-software,icon,svg,1498,baea3e55,production-candidate,,nexsas-images-reconstructed.zip,User-supplied NextSaaS source; retain purchase/license documentation.,1
NSA-2086b16b-932,nexsas-images/ai-saas-software/images/icons/zapier.svg,ai-saas-software,icon,svg,932,2086b16b,production-candidate,,nexsas-images-reconstructed.zip,User-supplied NextSaaS source; retain purchase/license documentation.,0
NSA-2ff84238-1288,nexsas-images/ai-saas-software/images/icons/zoom.svg,ai-saas-software,icon,svg,1288,2ff84238,production-candidate,,nexsas-images-reconstructed.zip,User-supplied NextSaaS source; retain purchase/license documentation.,0
NSA-4bda791b-7877,nexsas-images/ai-saas-software/images/logo/logo-black.svg,ai-saas-software,logo,svg,7877,4bda791b,replace-before-launch,,nexsas-images-reconstructed.zip,User-supplied NextSaaS source; retain purchase/license documentation.,0
NSA-cefc5ddd-2621,nexsas-images/ai-saas-software/images/logo/logo-white-small.svg,ai-saas-software,logo,svg,2621,cefc5ddd,replace-before-launch,,nexsas-images-reconstructed.zip,User-supplied NextSaaS source; retain purchase/license documentation.,0
NSA-e148347a-682219,nexsas-images/ai-saas-software/images/opai-avatar-img-04.png,ai-saas-software,avatar,png,682219,e148347a,editorial-placeholder-only,,nexsas-images-reconstructed.zip,User-supplied NextSaaS source; retain purchase/license documentation.,1
NSA-89734cf3-586528,nexsas-images/ai-saas-software/images/opai-avatar-img-05.png,ai-saas-software,avatar,png,586528,89734cf3,editorial-placeholder-only,,nexsas-images-reconstructed.zip,User-supplied NextSaaS source; retain purchase/license documentation.,1
NSA-043e1704-936258,nexsas-images/ai-saas-software/images/opai-avatar-img-06.png,ai-saas-software,avatar,png,936258,043e1704,editorial-placeholder-only,,nexsas-images-reconstructed.zip,User-supplied NextSaaS source; retain purchase/license documentation.,1
NSA-589eb3e0-445788,nexsas-images/ai-saas-software/images/opai-avatar-img-116.jpg,ai-saas-software,avatar,jpg,445788,589eb3e0,editorial-placeholder-only,,nexsas-images-reconstructed.zip,User-supplied NextSaaS source; retain purchase/license documentation.,1
NSA-29b08aa4-273409,nexsas-images/ai-saas-software/images/opai-avatar-img-125.jpg,ai-saas-software,avatar,jpg,273409,29b08aa4,editorial-placeholder-only,,nexsas-images-reconstructed.zip,User-supplied NextSaaS source; retain purchase/license documentation.,0
NSA-d821cc5f-322061,nexsas-images/ai-saas-software/images/opai-avatar-img-128.jpg,ai-saas-software,avatar,jpg,322061,d821cc5f,editorial-placeholder-only,,nexsas-images-reconstructed.zip,User-supplied NextSaaS source; retain purchase/license documentation.,1
NSA-3172c5d0-361302,nexsas-images/ai-saas-software/images/opai-avatar-img-149.jpg,ai-saas-software,avatar,jpg,361302,3172c5d0,editorial-placeholder-only,,nexsas-images-reconstructed.zip,User-supplied NextSaaS source; retain purchase/license documentation.,1
NSA-b920a317-550493,nexsas-images/ai-saas-software/images/opai-avatar-img-150.jpg,ai-saas-software,avatar,jpg,550493,b920a317,editorial-placeholder-only,,nexsas-images-reconstructed.zip,User-supplied NextSaaS source; retain purchase/license documentation.,1
NSA-5ab08aca-527078,nexsas-images/ai-saas-software/images/opai-avatar-img-151.jpg,ai-saas-software,avatar,jpg,527078,5ab08aca,editorial-placeholder-only,,nexsas-images-reconstructed.zip,User-supplied NextSaaS source; retain purchase/license documentation.,1
NSA-69959da4-502593,nexsas-images/ai-saas-software/images/opai-avatar-img-152.jpg,ai-saas-software,avatar,jpg,502593,69959da4,editorial-placeholder-only,,nexsas-images-reconstructed.zip,User-supplied NextSaaS source; retain purchase/license documentation.,1
NSA-ec90bbbc-482652,nexsas-images/ai-saas-software/images/opai-avatar-img-153.jpg,ai-saas-software,avatar,jpg,482652,ec90bbbc,editorial-placeholder-only,,nexsas-images-reconstructed.zip,User-supplied NextSaaS source; retain purchase/license documentation.,1
NSA-d16105dc-385244,nexsas-images/ai-saas-software/images/opai-avatar-img-154.jpg,ai-saas-software,avatar,jpg,385244,d16105dc,editorial-placeholder-only,,nexsas-images-reconstructed.zip,User-supplied NextSaaS source; retain purchase/license documentation.,1
NSA-8ab8e473-69267,nexsas-images/ai-saas-software/images/opai-avatar-img-26.png,ai-saas-software,avatar,png,69267,8ab8e473,editorial-placeholder-only,,nexsas-images-reconstructed.zip,User-supplied NextSaaS source; retain purchase/license documentation.,2
NSA-01ec38e2-182390,nexsas-images/ai-saas-software/images/opai-avatar-img-27.png,ai-saas-software,avatar,png,182390,01ec38e2,editorial-placeholder-only,,nexsas-images-reconstructed.zip,User-supplied NextSaaS source; retain purchase/license documentation.,1
NSA-10265036-209971,nexsas-images/ai-saas-software/images/opai-avatar-img-28.png,ai-saas-software,avatar,png,209971,10265036,editorial-placeholder-only,,nexsas-images-reconstructed.zip,User-supplied NextSaaS source; retain purchase/license documentation.,1
NSA-16d78820-243532,nexsas-images/ai-saas-software/images/opai-avatar-img-29.png,ai-saas-software,avatar,png,243532,16d78820,editorial-placeholder-only,,nexsas-images-reconstructed.zip,User-supplied NextSaaS source; retain purchase/license documentation.,1
NSA-ecd5cbaa-136788,nexsas-images/ai-saas-software/images/opai-avatar-img-30.png,ai-saas-software,avatar,png,136788,ecd5cbaa,editorial-placeholder-only,,nexsas-images-reconstructed.zip,User-supplied NextSaaS source; retain purchase/license documentation.,1
NSA-0e2501c8-1005577,nexsas-images/ai-saas-software/images/opai-img-1.png,ai-saas-software,image,png,1005577,0e2501c8,production-candidate,,nexsas-images-reconstructed.zip,User-supplied NextSaaS source; retain purchase/license documentation.,0
NSA-ad9d3a22-648749,nexsas-images/ai-saas-software/images/opai-img-10.jpg,ai-saas-software,image,jpg,648749,ad9d3a22,production-candidate,,nexsas-images-reconstructed.zip,User-supplied NextSaaS source; retain purchase/license documentation.,0
NSA-ab4f3226-519115,nexsas-images/ai-saas-software/images/opai-img-11.jpg,ai-saas-software,image,jpg,519115,ab4f3226,production-candidate,,nexsas-images-reconstructed.zip,User-supplied NextSaaS source; retain purchase/license documentation.,1
NSA-6035c852-436646,nexsas-images/ai-saas-software/images/opai-img-12.jpg,ai-saas-software,image,jpg,436646,6035c852,production-candidate,,nexsas-images-reconstructed.zip,User-supplied NextSaaS source; retain purchase/license documentation.,0
NSA-147dab0e-3999742,nexsas-images/ai-saas-software/images/opai-img-123.jpg,ai-saas-software,image,jpg,3999742,147dab0e,production-candidate,,nexsas-images-reconstructed.zip,User-supplied NextSaaS source; retain purchase/license documentation.,0
NSA-bfde547f-1273499,nexsas-images/ai-saas-software/images/opai-img-124.jpg,ai-saas-software,image,jpg,1273499,bfde547f,production-candidate,,nexsas-images-reconstructed.zip,User-supplied NextSaaS source; retain purchase/license documentation.,0
NSA-d7659b19-334079,nexsas-images/ai-saas-software/images/opai-img-126.jpg,ai-saas-software,image,jpg,334079,d7659b19,production-candidate,,nexsas-images-reconstructed.zip,User-supplied NextSaaS source; retain purchase/license documentation.,1
NSA-9812f1a7-168884,nexsas-images/ai-saas-software/images/opai-img-127.jpg,ai-saas-software,image,jpg,168884,9812f1a7,production-candidate,,nexsas-images-reconstructed.zip,User-supplied NextSaaS source; retain purchase/license documentation.,1
NSA-5243b8f5-67658,nexsas-images/ai-saas-software/images/opai-img-129.jpg,ai-saas-software,image,jpg,67658,5243b8f5,production-candidate,,nexsas-images-reconstructed.zip,User-supplied NextSaaS source; retain purchase/license documentation.,0
NSA-2345357b-523932,nexsas-images/ai-saas-software/images/opai-img-13.jpg,ai-saas-software,image,jpg,523932,2345357b,production-candidate,,nexsas-images-reconstructed.zip,User-supplied NextSaaS source; retain purchase/license documentation.,0
NSA-2d214da2-29155,nexsas-images/ai-saas-software/images/opai-img-130.jpg,ai-saas-software,image,jpg,29155,2d214da2,production-candidate,,nexsas-images-reconstructed.zip,User-supplied NextSaaS source; retain purchase/license documentation.,0
NSA-903f0882-1209449,nexsas-images/ai-saas-software/images/opai-img-131.jpg,ai-saas-software,image,jpg,1209449,903f0882,production-candidate,,nexsas-images-reconstructed.zip,User-supplied NextSaaS source; retain purchase/license documentation.,0
NSA-d1bc7bfd-626530,nexsas-images/ai-saas-software/images/opai-img-132.jpg,ai-saas-software,image,jpg,626530,d1bc7bfd,production-candidate,,nexsas-images-reconstructed.zip,User-supplied NextSaaS source; retain purchase/license documentation.,0
NSA-1f6f2133-429438,nexsas-images/ai-saas-software/images/opai-img-133.jpg,ai-saas-software,image,jpg,429438,1f6f2133,production-candidate,,nexsas-images-reconstructed.zip,User-supplied NextSaaS source; retain purchase/license documentation.,1
NSA-548a51e1-873778,nexsas-images/ai-saas-software/images/opai-img-134.jpg,ai-saas-software,image,jpg,873778,548a51e1,production-candidate,,nexsas-images-reconstructed.zip,User-supplied NextSaaS source; retain purchase/license documentation.,0
NSA-f779da54-818553,nexsas-images/ai-saas-software/images/opai-img-135.jpg,ai-saas-software,image,jpg,818553,f779da54,production-candidate,,nexsas-images-reconstructed.zip,User-supplied NextSaaS source; retain purchase/license documentation.,1
NSA-c61adc09-633601,nexsas-images/ai-saas-software/images/opai-img-136.jpg,ai-saas-software,image,jpg,633601,c61adc09,production-candidate,,nexsas-images-reconstructed.zip,User-supplied NextSaaS source; retain purchase/license documentation.,0
NSA-358e3dfd-2856116,nexsas-images/ai-saas-software/images/opai-img-137.jpg,ai-saas-software,image,jpg,2856116,358e3dfd,production-candidate,,nexsas-images-reconstructed.zip,User-supplied NextSaaS source; retain purchase/license documentation.,1
NSA-0213d68a-1363193,nexsas-images/ai-saas-software/images/opai-img-138.jpg,ai-saas-software,image,jpg,1363193,0213d68a,production-candidate,,nexsas-images-reconstructed.zip,User-supplied NextSaaS source; retain purchase/license documentation.,1
NSA-6f292479-453751,nexsas-images/ai-saas-software/images/opai-img-139.jpg,ai-saas-software,image,jpg,453751,6f292479,production-candidate,,nexsas-images-reconstructed.zip,User-supplied NextSaaS source; retain purchase/license documentation.,0
NSA-d0e639c4-860488,nexsas-images/ai-saas-software/images/opai-img-14.jpg,ai-saas-software,image,jpg,860488,d0e639c4,production-candidate,,nexsas-images-reconstructed.zip,User-supplied NextSaaS source; retain purchase/license documentation.,0
NSA-1d92d646-380146,nexsas-images/ai-saas-software/images/opai-img-140.jpg,ai-saas-software,image,jpg,380146,1d92d646,production-candidate,,nexsas-images-reconstructed.zip,User-supplied NextSaaS source; retain purchase/license documentation.,0
NSA-cae10abd-183817,nexsas-images/ai-saas-software/images/opai-img-141.jpg,ai-saas-software,image,jpg,183817,cae10abd,production-candidate,,nexsas-images-reconstructed.zip,User-supplied NextSaaS source; retain purchase/license documentation.,0
NSA-d03a31bc-522559,nexsas-images/ai-saas-software/images/opai-img-142.jpg,ai-saas-software,image,jpg,522559,d03a31bc,production-candidate,,nexsas-images-reconstructed.zip,User-supplied NextSaaS source; retain purchase/license documentation.,0
NSA-af7a7557-554638,nexsas-images/ai-saas-software/images/opai-img-143.jpg,ai-saas-software,image,jpg,554638,af7a7557,production-candidate,,nexsas-images-reconstructed.zip,User-supplied NextSaaS source; retain purchase/license documentation.,0
NSA-d764953b-418395,nexsas-images/ai-saas-software/images/opai-img-144.jpg,ai-saas-software,image,jpg,418395,d764953b,production-candidate,,nexsas-images-reconstructed.zip,User-supplied NextSaaS source; retain purchase/license documentation.,0
NSA-0dca80d2-311757,nexsas-images/ai-saas-software/images/opai-img-145.jpg,ai-saas-software,image,jpg,311757,0dca80d2,production-candidate,,nexsas-images-reconstructed.zip,User-supplied NextSaaS source; retain purchase/license documentation.,0
NSA-66c0c0ba-329281,nexsas-images/ai-saas-software/images/opai-img-146.jpg,ai-saas-software,image,jpg,329281,66c0c0ba,production-candidate,,nexsas-images-reconstructed.zip,User-supplied NextSaaS source; retain purchase/license documentation.,0
NSA-6d939992-420895,nexsas-images/ai-saas-software/images/opai-img-147.jpg,ai-saas-software,image,jpg,420895,6d939992,production-candidate,,nexsas-images-reconstructed.zip,User-supplied NextSaaS source; retain purchase/license documentation.,0
NSA-d90ead17-526252,nexsas-images/ai-saas-software/images/opai-img-148.jpg,ai-saas-software,image,jpg,526252,d90ead17,production-candidate,,nexsas-images-reconstructed.zip,User-supplied NextSaaS source; retain purchase/license documentation.,0
NSA-a49975cd-2494130,nexsas-images/ai-saas-software/images/opai-img-15.png,ai-saas-software,image,png,2494130,a49975cd,production-candidate,,nexsas-images-reconstructed.zip,User-supplied NextSaaS source; retain purchase/license documentation.,0
NSA-3157274c-661211,nexsas-images/ai-saas-software/images/opai-img-16.jpg,ai-saas-software,image,jpg,661211,3157274c,production-candidate,,nexsas-images-reconstructed.zip,User-supplied NextSaaS source; retain purchase/license documentation.,0
NSA-b7c98d4c-801677,nexsas-images/ai-saas-software/images/opai-img-17.jpg,ai-saas-software,image,jpg,801677,b7c98d4c,production-candidate,,nexsas-images-reconstructed.zip,User-supplied NextSaaS source; retain purchase/license documentation.,0
NSA-b626353b-767503,nexsas-images/ai-saas-software/images/opai-img-18.jpg,ai-saas-software,image,jpg,767503,b626353b,production-candidate,,nexsas-images-reconstructed.zip,User-supplied NextSaaS source; retain purchase/license documentation.,0
NSA-5def406d-916414,nexsas-images/ai-saas-software/images/opai-img-19.jpg,ai-saas-software,image,jpg,916414,5def406d,production-candidate,,nexsas-images-reconstructed.zip,User-supplied NextSaaS source; retain purchase/license documentation.,0
NSA-e801119e-2350922,nexsas-images/ai-saas-software/images/opai-img-2.jpg,ai-saas-software,image,jpg,2350922,e801119e,production-candidate,,nexsas-images-reconstructed.zip,User-supplied NextSaaS source; retain purchase/license documentation.,0
NSA-07ae7833-1146125,nexsas-images/ai-saas-software/images/opai-img-20.png,ai-saas-software,image,png,1146125,07ae7833,production-candidate,,nexsas-images-reconstructed.zip,User-supplied NextSaaS source; retain purchase/license documentation.,0
NSA-e83d4ce8-1825431,nexsas-images/ai-saas-software/images/opai-img-21.png,ai-saas-software,image,png,1825431,e83d4ce8,production-candidate,,nexsas-images-reconstructed.zip,User-supplied NextSaaS source; retain purchase/license documentation.,1
NSA-ccb0ffd6-408009,nexsas-images/ai-saas-software/images/opai-img-3.jpg,ai-saas-software,image,jpg,408009,ccb0ffd6,production-candidate,,nexsas-images-reconstructed.zip,User-supplied NextSaaS source; retain purchase/license documentation.,0
NSA-36db2b07-319733,nexsas-images/ai-saas-software/images/opai-img-31.png,ai-saas-software,image,png,319733,36db2b07,production-candidate,,nexsas-images-reconstructed.zip,User-supplied NextSaaS source; retain purchase/license documentation.,1
NSA-2d4978df-708133,nexsas-images/ai-saas-software/images/opai-img-32.png,ai-saas-software,image,png,708133,2d4978df,production-candidate,,nexsas-images-reconstructed.zip,User-supplied NextSaaS source; retain purchase/license documentation.,1
NSA-5b84c233-601479,nexsas-images/ai-saas-software/images/opai-img-33.png,ai-saas-software,image,png,601479,5b84c233,production-candidate,,nexsas-images-reconstructed.zip,User-supplied NextSaaS source; retain purchase/license documentation.,1
NSA-a4724c5b-401144,nexsas-images/ai-saas-software/images/opai-img-34.png,ai-saas-software,image,png,401144,a4724c5b,production-candidate,,nexsas-images-reconstructed.zip,User-supplied NextSaaS source; retain purchase/license documentation.,1
NSA-6a0f6b42-277512,nexsas-images/ai-saas-software/images/opai-img-4.jpg,ai-saas-software,image,jpg,277512,6a0f6b42,production-candidate,,nexsas-images-reconstructed.zip,User-supplied NextSaaS source; retain purchase/license documentation.,0
NSA-4865e30d-217766,nexsas-images/ai-saas-software/images/opai-img-5.jpg,ai-saas-software,image,jpg,217766,4865e30d,production-candidate,,nexsas-images-reconstructed.zip,User-supplied NextSaaS source; retain purchase/license documentation.,1
NSA-55663347-931052,nexsas-images/ai-saas-software/images/opai-img-7.jpg,ai-saas-software,image,jpg,931052,55663347,production-candidate,,nexsas-images-reconstructed.zip,User-supplied NextSaaS source; retain purchase/license documentation.,1
NSA-73bf971d-608512,nexsas-images/ai-saas-software/images/opai-img-8.jpg,ai-saas-software,image,jpg,608512,73bf971d,production-candidate,,nexsas-images-reconstructed.zip,User-supplied NextSaaS source; retain purchase/license documentation.,0
NSA-603119c8-399242,nexsas-images/ai-saas-software/images/opai-img-9.jpg,ai-saas-software,image,jpg,399242,603119c8,production-candidate,,nexsas-images-reconstructed.zip,User-supplied NextSaaS source; retain purchase/license documentation.,1
NSA-f6e192fe-11674,nexsas-images/ai-saas-software/images/vactor-shape/vactor-09.svg,ai-saas-software,vector,svg,11674,f6e192fe,production-candidate,,nexsas-images-reconstructed.zip,User-supplied NextSaaS source; retain purchase/license documentation.,0
NSA-e162a655-4938587,nexsas-images/ai-solution/images/gradient/opai-1.png,ai-solution,gradient,png,4938587,e162a655,production-candidate,,nexsas-images-reconstructed.zip,User-supplied NextSaaS source; retain purchase/license documentation.,0
NSA-41cbba84-19794951,nexsas-images/ai-solution/images/gradient/opai-14.png,ai-solution,gradient,png,19794951,41cbba84,production-candidate,,nexsas-images-reconstructed.zip,User-supplied NextSaaS source; retain purchase/license documentation.,0
NSA-465c46e5-4847973,nexsas-images/ai-solution/images/gradient/opai-2.png,ai-solution,gradient,png,4847973,465c46e5,production-candidate,,nexsas-images-reconstructed.zip,User-supplied NextSaaS source; retain purchase/license documentation.,0
NSA-d23f2730-8227604,nexsas-images/ai-solution/images/gradient/opai-34.png,ai-solution,gradient,png,8227604,d23f2730,production-candidate,,nexsas-images-reconstructed.zip,User-supplied NextSaaS source; retain purchase/license documentation.,0
NSA-1e647dbf-173389,nexsas-images/ai-solution/images/gradient/opai-37.jpg,ai-solution,gradient,jpg,173389,1e647dbf,production-candidate,,nexsas-images-reconstructed.zip,User-supplied NextSaaS source; retain purchase/license documentation.,0
NSA-8e76dd7c-175050,nexsas-images/ai-solution/images/gradient/opai-38.jpg,ai-solution,gradient,jpg,175050,8e76dd7c,production-candidate,,nexsas-images-reconstructed.zip,User-supplied NextSaaS source; retain purchase/license documentation.,0
NSA-96cf45fb-231765,nexsas-images/ai-solution/images/gradient/opai-6.svg,ai-solution,gradient,svg,231765,96cf45fb,production-candidate,,nexsas-images-reconstructed.zip,User-supplied NextSaaS source; retain purchase/license documentation.,0
NSA-5e80b9e2-1158907,nexsas-images/ai-solution/images/opai-avatar-img-10.png,ai-solution,avatar,png,1158907,5e80b9e2,editorial-placeholder-only,,nexsas-images-reconstructed.zip,User-supplied NextSaaS source; retain purchase/license documentation.,0
NSA-07b689ee-834488,nexsas-images/ai-solution/images/opai-avatar-img-11.png,ai-solution,avatar,png,834488,07b689ee,editorial-placeholder-only,,nexsas-images-reconstructed.zip,User-supplied NextSaaS source; retain purchase/license documentation.,0
NSA-f6cf6a67-1194329,nexsas-images/ai-solution/images/opai-avatar-img-12.png,ai-solution,avatar,png,1194329,f6cf6a67,editorial-placeholder-only,,nexsas-images-reconstructed.zip,User-supplied NextSaaS source; retain purchase/license documentation.,0
NSA-d02cc248-557418,nexsas-images/ai-solution/images/opai-avatar-img-13.png,ai-solution,avatar,png,557418,d02cc248,editorial-placeholder-only,,nexsas-images-reconstructed.zip,User-supplied NextSaaS source; retain purchase/license documentation.,0
NSA-3b5d602f-704641,nexsas-images/ai-solution/images/opai-avatar-img-281.jpg,ai-solution,avatar,jpg,704641,3b5d602f,editorial-placeholder-only,,nexsas-images-reconstructed.zip,User-supplied NextSaaS source; retain purchase/license documentation.,0
NSA-50884be3-656418,nexsas-images/ai-solution/images/opai-avatar-img-282.jpg,ai-solution,avatar,jpg,656418,50884be3,editorial-placeholder-only,,nexsas-images-reconstructed.zip,User-supplied NextSaaS source; retain purchase/license documentation.,0
NSA-0e3fd078-648052,nexsas-images/ai-solution/images/opai-avatar-img-283.jpg,ai-solution,avatar,jpg,648052,0e3fd078,editorial-placeholder-only,,nexsas-images-reconstructed.zip,User-supplied NextSaaS source; retain purchase/license documentation.,0
NSA-81ceb50e-668191,nexsas-images/ai-solution/images/opai-avatar-img-284.jpg,ai-solution,avatar,jpg,668191,81ceb50e,editorial-placeholder-only,,nexsas-images-reconstructed.zip,User-supplied NextSaaS source; retain purchase/license documentation.,0
NSA-2e04025c-657985,nexsas-images/ai-solution/images/opai-avatar-img-285.jpg,ai-solution,avatar,jpg,657985,2e04025c,editorial-placeholder-only,,nexsas-images-reconstructed.zip,User-supplied NextSaaS source; retain purchase/license documentation.,0
NSA-aa150dff-653115,nexsas-images/ai-solution/images/opai-avatar-img-286.jpg,ai-solution,avatar,jpg,653115,aa150dff,editorial-placeholder-only,,nexsas-images-reconstructed.zip,User-supplied NextSaaS source; retain purchase/license documentation.,0
NSA-0462394a-1016031,nexsas-images/ai-solution/images/opai-img-117.jpg,ai-solution,image,jpg,1016031,0462394a,production-candidate,,nexsas-images-reconstructed.zip,User-supplied NextSaaS source; retain purchase/license documentation.,0
NSA-934c61fc-1072689,nexsas-images/ai-solution/images/opai-img-118.jpg,ai-solution,image,jpg,1072689,934c61fc,production-candidate,,nexsas-images-reconstructed.zip,User-supplied NextSaaS source; retain purchase/license documentation.,0
NSA-43f5c779-1378497,nexsas-images/ai-solution/images/opai-img-119.jpg,ai-solution,image,jpg,1378497,43f5c779,production-candidate,,nexsas-images-reconstructed.zip,User-supplied NextSaaS source; retain purchase/license documentation.,0
NSA-4f5f38e0-5062835,nexsas-images/ai-solution/images/opai-img-12.png,ai-solution,image,png,5062835,4f5f38e0,production-candidate,,nexsas-images-reconstructed.zip,User-supplied NextSaaS source; retain purchase/license documentation.,0
NSA-0bc2dc79-336742,nexsas-images/ai-solution/images/opai-img-120.jpg,ai-solution,image,jpg,336742,0bc2dc79,production-candidate,,nexsas-images-reconstructed.zip,User-supplied NextSaaS source; retain purchase/license documentation.,0
NSA-b0093ff3-199480,nexsas-images/ai-solution/images/opai-img-121.jpg,ai-solution,image,jpg,199480,b0093ff3,production-candidate,,nexsas-images-reconstructed.zip,User-supplied NextSaaS source; retain purchase/license documentation.,0
NSA-dcac3454-88724,nexsas-images/ai-solution/images/opai-img-122.jpg,ai-solution,image,jpg,88724,dcac3454,production-candidate,,nexsas-images-reconstructed.zip,User-supplied NextSaaS source; retain purchase/license documentation.,0
NSA-3b69a37c-3328765,nexsas-images/ai-solution/images/opai-img-13.png,ai-solution,image,png,3328765,3b69a37c,production-candidate,,nexsas-images-reconstructed.zip,User-supplied NextSaaS source; retain purchase/license documentation.,0
NSA-b7316a2d-1950829,nexsas-images/ai-solution/images/opai-img-14.png,ai-solution,image,png,1950829,b7316a2d,production-candidate,,nexsas-images-reconstructed.zip,User-supplied NextSaaS source; retain purchase/license documentation.,0
NSA-31d3da8c-3003840,nexsas-images/ai-solution/images/opai-img-15.png,ai-solution,image,png,3003840,31d3da8c,production-candidate,,nexsas-images-reconstructed.zip,User-supplied NextSaaS source; retain purchase/license documentation.,0
NSA-4e022446-1779007,nexsas-images/ai-solution/images/opai-img-16.png,ai-solution,image,png,1779007,4e022446,production-candidate,,nexsas-images-reconstructed.zip,User-supplied NextSaaS source; retain purchase/license documentation.,0
NSA-a615f826-2921045,nexsas-images/ai-solution/images/opai-img-17.png,ai-solution,image,png,2921045,a615f826,production-candidate,,nexsas-images-reconstructed.zip,User-supplied NextSaaS source; retain purchase/license documentation.,0
NSA-783515de-2390306,nexsas-images/ai-solution/images/opai-img-18.png,ai-solution,image,png,2390306,783515de,production-candidate,,nexsas-images-reconstructed.zip,User-supplied NextSaaS source; retain purchase/license documentation.,0
NSA-d739562f-5112420,nexsas-images/ai-solution/images/opai-img-19.png,ai-solution,image,png,5112420,d739562f,production-candidate,,nexsas-images-reconstructed.zip,User-supplied NextSaaS source; retain purchase/license documentation.,0
NSA-78fa7d90-1162740,nexsas-images/ai-solution/images/opai-img-471.jpg,ai-solution,image,jpg,1162740,78fa7d90,production-candidate,,nexsas-images-reconstructed.zip,User-supplied NextSaaS source; retain purchase/license documentation.,1
NSA-d0ae62cb-584536,nexsas-images/ai-solution/images/opai-img-472.jpg,ai-solution,image,jpg,584536,d0ae62cb,production-candidate,,nexsas-images-reconstructed.zip,User-supplied NextSaaS source; retain purchase/license documentation.,1
NSA-463d6390-2017008,nexsas-images/ai-solution/images/opai-img-473.jpg,ai-solution,image,jpg,2017008,463d6390,production-candidate,,nexsas-images-reconstructed.zip,User-supplied NextSaaS source; retain purchase/license documentation.,0
NSA-6cd6cf5c-823876,nexsas-images/ai-solution/images/opai-img-474.jpg,ai-solution,image,jpg,823876,6cd6cf5c,production-candidate,,nexsas-images-reconstructed.zip,User-supplied NextSaaS source; retain purchase/license documentation.,0
NSA-f4019a9d-472513,nexsas-images/ai-solution/images/opai-img-475.jpg,ai-solution,image,jpg,472513,f4019a9d,production-candidate,,nexsas-images-reconstructed.zip,User-supplied NextSaaS source; retain purchase/license documentation.,0
NSA-ff50c5b4-2789029,nexsas-images/ai-solution/images/opai-img-477.jpg,ai-solution,image,jpg,2789029,ff50c5b4,production-candidate,,nexsas-images-reconstructed.zip,User-supplied NextSaaS source; retain purchase/license documentation.,0
NSA-1df41bd6-280515,nexsas-images/ai-solution/images/opai-img-478.jpg,ai-solution,image,jpg,280515,1df41bd6,production-candidate,,nexsas-images-reconstructed.zip,User-supplied NextSaaS source; retain purchase/license documentation.,0
NSA-8d734069-296025,nexsas-images/ai-solution/images/opai-img-479.jpg,ai-solution,image,jpg,296025,8d734069,production-candidate,,nexsas-images-reconstructed.zip,User-supplied NextSaaS source; retain purchase/license documentation.,0
NSA-bd19a3d8-640366,nexsas-images/ai-solution/images/opai-img-480.jpg,ai-solution,image,jpg,640366,bd19a3d8,production-candidate,,nexsas-images-reconstructed.zip,User-supplied NextSaaS source; retain purchase/license documentation.,0
NSA-79a0969d-1298466,nexsas-images/ai-solution/images/opai-img-481.jpg,ai-solution,image,jpg,1298466,79a0969d,production-candidate,,nexsas-images-reconstructed.zip,User-supplied NextSaaS source; retain purchase/license documentation.,0
NSA-d55e2fd4-1090150,nexsas-images/ai-solution/images/opai-img-482.jpg,ai-solution,image,jpg,1090150,d55e2fd4,production-candidate,,nexsas-images-reconstructed.zip,User-supplied NextSaaS source; retain purchase/license documentation.,0
NSA-37b3179a-622010,nexsas-images/ai-solution/images/opai-img-483.jpg,ai-solution,image,jpg,622010,37b3179a,production-candidate,,nexsas-images-reconstructed.zip,User-supplied NextSaaS source; retain purchase/license documentation.,0
NSA-9eae1e56-880961,nexsas-images/ai-solution/images/opai-img-484.jpg,ai-solution,image,jpg,880961,9eae1e56,production-candidate,,nexsas-images-reconstructed.zip,User-supplied NextSaaS source; retain purchase/license documentation.,0
NSA-8b5ee308-684200,nexsas-images/ai-solution/images/opai-img-485.jpg,ai-solution,image,jpg,684200,8b5ee308,production-candidate,,nexsas-images-reconstructed.zip,User-supplied NextSaaS source; retain purchase/license documentation.,0
NSA-c9b897a7-646841,nexsas-images/ai-solution/images/opai-img-486.jpg,ai-solution,image,jpg,646841,c9b897a7,production-candidate,,nexsas-images-reconstructed.zip,User-supplied NextSaaS source; retain purchase/license documentation.,0
NSA-b613ca44-514015,nexsas-images/ai-solution/images/opai-img-487.jpg,ai-solution,image,jpg,514015,b613ca44,production-candidate,,nexsas-images-reconstructed.zip,User-supplied NextSaaS source; retain purchase/license documentation.,0
NSA-d4a08217-1303713,nexsas-images/ai-solution/images/opai-img-488.jpg,ai-solution,image,jpg,1303713,d4a08217,production-candidate,,nexsas-images-reconstructed.zip,User-supplied NextSaaS source; retain purchase/license documentation.,0
NSA-e63309de-37103,nexsas-images/ai-solution/images/opai-img-489.jpg,ai-solution,image,jpg,37103,e63309de,production-candidate,,nexsas-images-reconstructed.zip,User-supplied NextSaaS source; retain purchase/license documentation.,0
NSA-d670d653-40315,nexsas-images/ai-solution/images/opai-img-490.jpg,ai-solution,image,jpg,40315,d670d653,production-candidate,,nexsas-images-reconstructed.zip,User-supplied NextSaaS source; retain purchase/license documentation.,0
NSA-23637ecd-40707,nexsas-images/ai-solution/images/opai-img-491.jpg,ai-solution,image,jpg,40707,23637ecd,production-candidate,,nexsas-images-reconstructed.zip,User-supplied NextSaaS source; retain purchase/license documentation.,0
NSA-c482332c-200498,nexsas-images/ai-solution/images/opai-img-507.png,ai-solution,image,png,200498,c482332c,production-candidate,,nexsas-images-reconstructed.zip,User-supplied NextSaaS source; retain purchase/license documentation.,0
NSA-ffbe0612-561253,nexsas-images/ai-solution/images/opai-img-508.png,ai-solution,image,png,561253,ffbe0612,production-candidate,,nexsas-images-reconstructed.zip,User-supplied NextSaaS source; retain purchase/license documentation.,0
NSA-af3a0a61-555206,nexsas-images/ai-solution/images/opai-img-509.png,ai-solution,image,png,555206,af3a0a61,production-candidate,,nexsas-images-reconstructed.zip,User-supplied NextSaaS source; retain purchase/license documentation.,0
NSA-85b0a8b2-969837,nexsas-images/ai-solution/images/opai-img-510.png,ai-solution,image,png,969837,85b0a8b2,production-candidate,,nexsas-images-reconstructed.zip,User-supplied NextSaaS source; retain purchase/license documentation.,0
NSA-c64bc18b-768820,nexsas-images/ai-solution/images/opai-img-511.png,ai-solution,image,png,768820,c64bc18b,production-candidate,,nexsas-images-reconstructed.zip,User-supplied NextSaaS source; retain purchase/license documentation.,0
NSA-b9b6f41b-21457,nexsas-images/ai-solution/images/opai-img-94.png,ai-solution,image,png,21457,b9b6f41b,production-candidate,,nexsas-images-reconstructed.zip,User-supplied NextSaaS source; retain purchase/license documentation.,0
NSA-37d9a3ed-1196078,nexsas-images/ai-solution/images/opai-img-95.png,ai-solution,image,png,1196078,37d9a3ed,production-candidate,,nexsas-images-reconstructed.zip,User-supplied NextSaaS source; retain purchase/license documentation.,0
NSA-1c85f13c-546695,nexsas-images/ai-solution/images/opai-img-96.png,ai-solution,image,png,546695,1c85f13c,production-candidate,,nexsas-images-reconstructed.zip,User-supplied NextSaaS source; retain purchase/license documentation.,0
NSA-bdb16984-71106,nexsas-images/ai-solution/images/opai-img-97.png,ai-solution,image,png,71106,bdb16984,production-candidate,,nexsas-images-reconstructed.zip,User-supplied NextSaaS source; retain purchase/license documentation.,0
NSA-072d1372-56613,nexsas-images/ai-solution/images/opai-img-98.png,ai-solution,image,png,56613,072d1372,production-candidate,,nexsas-images-reconstructed.zip,User-supplied NextSaaS source; retain purchase/license documentation.,0
NSA-bae0ece1-143621,nexsas-images/ai-solution/images/opai-img-99.png,ai-solution,image,png,143621,bae0ece1,production-candidate,,nexsas-images-reconstructed.zip,User-supplied NextSaaS source; retain purchase/license documentation.,0
NSA-e2cac062-3775,nexsas-images/ai-voice-generator/images/icons/chatgpt-ai.svg,ai-voice-generator,icon,svg,3775,e2cac062,production-candidate,,nexsas-images-reconstructed.zip,User-supplied NextSaaS source; retain purchase/license documentation.,0
NSA-7aa89668-1396,nexsas-images/ai-voice-generator/images/icons/china-flag.svg,ai-voice-generator,icon,svg,1396,7aa89668,production-candidate,,nexsas-images-reconstructed.zip,User-supplied NextSaaS source; retain purchase/license documentation.,0
NSA-10e469d8-2734,nexsas-images/ai-voice-generator/images/icons/claude-ai.svg,ai-voice-generator,icon,svg,2734,10e469d8,production-candidate,,nexsas-images-reconstructed.zip,User-supplied NextSaaS source; retain purchase/license documentation.,0
NSA-d22c2079-4102,nexsas-images/ai-voice-generator/images/icons/deepseek.svg,ai-voice-generator,icon,svg,4102,d22c2079,production-candidate,,nexsas-images-reconstructed.zip,User-supplied NextSaaS source; retain purchase/license documentation.,0
NSA-d7aeb09c-789,nexsas-images/ai-voice-generator/images/icons/gemini.svg,ai-voice-generator,icon,svg,789,d7aeb09c,production-candidate,,nexsas-images-reconstructed.zip,User-supplied NextSaaS source; retain purchase/license documentation.,0
NSA-9a47597f-794,nexsas-images/ai-voice-generator/images/icons/germany-flag.svg,ai-voice-generator,icon,svg,794,9a47597f,production-candidate,,nexsas-images-reconstructed.zip,User-supplied NextSaaS source; retain purchase/license documentation.,0
NSA-53e4d409-1506,nexsas-images/ai-voice-generator/images/icons/github.svg,ai-voice-generator,icon,svg,1506,53e4d409,production-candidate,,nexsas-images-reconstructed.zip,User-supplied NextSaaS source; retain purchase/license documentation.,0
NSA-783291fa-1113,nexsas-images/ai-voice-generator/images/icons/grok-ai.svg,ai-voice-generator,icon,svg,1113,783291fa,production-candidate,,nexsas-images-reconstructed.zip,User-supplied NextSaaS source; retain purchase/license documentation.,0
NSA-1b52f28d-3637,nexsas-images/ai-voice-generator/images/icons/lovable.svg,ai-voice-generator,icon,svg,3637,1b52f28d,production-candidate,,nexsas-images-reconstructed.zip,User-supplied NextSaaS source; retain purchase/license documentation.,0
NSA-c7530914-1869,nexsas-images/ai-voice-generator/images/icons/mistral-ai.svg,ai-voice-generator,icon,svg,1869,c7530914,production-candidate,,nexsas-images-reconstructed.zip,User-supplied NextSaaS source; retain purchase/license documentation.,0
NSA-58196d73-1025,nexsas-images/ai-voice-generator/images/icons/mocha-ai.svg,ai-voice-generator,icon,svg,1025,58196d73,production-candidate,,nexsas-images-reconstructed.zip,User-supplied NextSaaS source; retain purchase/license documentation.,0
NSA-be4ed758-1519,nexsas-images/ai-voice-generator/images/icons/perplexity-ai.svg,ai-voice-generator,icon,svg,1519,be4ed758,production-candidate,,nexsas-images-reconstructed.zip,User-supplied NextSaaS source; retain purchase/license documentation.,0
NSA-0b1618bd-4080,nexsas-images/ai-voice-generator/images/icons/qwen-ai.svg,ai-voice-generator,icon,svg,4080,0b1618bd,production-candidate,,nexsas-images-reconstructed.zip,User-supplied NextSaaS source; retain purchase/license documentation.,0
NSA-3cc9b9dc-1034,nexsas-images/ai-voice-generator/images/icons/runway.svg,ai-voice-generator,icon,svg,1034,3cc9b9dc,production-candidate,,nexsas-images-reconstructed.zip,User-supplied NextSaaS source; retain purchase/license documentation.,0
NSA-c17d3ddd-2693,nexsas-images/ai-voice-generator/images/icons/south-korea-flag.svg,ai-voice-generator,icon,svg,2693,c17d3ddd,production-candidate,,nexsas-images-reconstructed.zip,User-supplied NextSaaS source; retain purchase/license documentation.,0
NSA-33f6d6f5-2336,nexsas-images/ai-voice-generator/images/icons/united-kindom-flag.svg,ai-voice-generator,icon,svg,2336,33f6d6f5,production-candidate,,nexsas-images-reconstructed.zip,User-supplied NextSaaS source; retain purchase/license documentation.,0
NSA-a13c4595-1907648,nexsas-images/ai-voice-generator/images/ns-avatar-32.png,ai-voice-generator,avatar,png,1907648,a13c4595,editorial-placeholder-only,,nexsas-images-reconstructed.zip,User-supplied NextSaaS source; retain purchase/license documentation.,0
NSA-d00bded1-456138,nexsas-images/ai-voice-generator/images/ns-avatar-39.png,ai-voice-generator,avatar,png,456138,d00bded1,editorial-placeholder-only,,nexsas-images-reconstructed.zip,User-supplied NextSaaS source; retain purchase/license documentation.,0
NSA-eb41c248-358285,nexsas-images/ai-voice-generator/images/ns-avatar-40.jpg,ai-voice-generator,avatar,jpg,358285,eb41c248,editorial-placeholder-only,,nexsas-images-reconstructed.zip,User-supplied NextSaaS source; retain purchase/license documentation.,0
NSA-d1c9d997-275878,nexsas-images/ai-voice-generator/images/ns-avatar-41.jpg,ai-voice-generator,avatar,jpg,275878,d1c9d997,editorial-placeholder-only,,nexsas-images-reconstructed.zip,User-supplied NextSaaS source; retain purchase/license documentation.,0
NSA-5425e24d-359456,nexsas-images/ai-voice-generator/images/ns-avatar-42.jpg,ai-voice-generator,avatar,jpg,359456,5425e24d,editorial-placeholder-only,,nexsas-images-reconstructed.zip,User-supplied NextSaaS source; retain purchase/license documentation.,0
NSA-f7efb509-1675166,nexsas-images/ai-voice-generator/images/ns-img-357.png,ai-voice-generator,image,png,1675166,f7efb509,production-candidate,,nexsas-images-reconstructed.zip,User-supplied NextSaaS source; retain purchase/license documentation.,1
NSA-c1c949cb-2039459,nexsas-images/ai-voice-generator/images/ns-img-358.png,ai-voice-generator,image,png,2039459,c1c949cb,production-candidate,,nexsas-images-reconstructed.zip,User-supplied NextSaaS source; retain purchase/license documentation.,1
NSA-6d2953ae-180010,nexsas-images/ai-voice-generator/images/ns-img-542.png,ai-voice-generator,image,png,180010,6d2953ae,production-candidate,,nexsas-images-reconstructed.zip,User-supplied NextSaaS source; retain purchase/license documentation.,0
NSA-26761c4c-282734,nexsas-images/ai-voice-generator/images/ns-img-543.png,ai-voice-generator,image,png,282734,26761c4c,production-candidate,,nexsas-images-reconstructed.zip,User-supplied NextSaaS source; retain purchase/license documentation.,0
NSA-551f2795-572112,nexsas-images/ai-voice-generator/images/ns-img-544.png,ai-voice-generator,image,png,572112,551f2795,production-candidate,,nexsas-images-reconstructed.zip,User-supplied NextSaaS source; retain purchase/license documentation.,0
NSA-37681dc4-464564,nexsas-images/ai-voice-generator/images/ns-img-545.png,ai-voice-generator,image,png,464564,37681dc4,production-candidate,,nexsas-images-reconstructed.zip,User-supplied NextSaaS source; retain purchase/license documentation.,0
NSA-676729c2-6343,nexsas-images/ai-voice-generator/images/ns-img-552.svg,ai-voice-generator,vector,svg,6343,676729c2,production-candidate,,nexsas-images-reconstructed.zip,User-supplied NextSaaS source; retain purchase/license documentation.,0
NSA-e2dd808c-1134,nexsas-images/ai-voice-generator/images/ns-img-553.svg,ai-voice-generator,vector,svg,1134,e2dd808c,production-candidate,,nexsas-images-reconstructed.zip,User-supplied NextSaaS source; retain purchase/license documentation.,0
NSA-90121698-38204,nexsas-images/ai-voice-generator/images/ns-img-554.png,ai-voice-generator,image,png,38204,90121698,production-candidate,,nexsas-images-reconstructed.zip,User-supplied NextSaaS source; retain purchase/license documentation.,0
NSA-2a8da909-13330,nexsas-images/ai-voice-generator/images/ns-img-555.svg,ai-voice-generator,vector,svg,13330,2a8da909,production-candidate,,nexsas-images-reconstructed.zip,User-supplied NextSaaS source; retain purchase/license documentation.,0
NSA-0a6280b0-171453,nexsas-images/ai-voice-generator/images/ns-img-556.png,ai-voice-generator,image,png,171453,0a6280b0,production-candidate,,nexsas-images-reconstructed.zip,User-supplied NextSaaS source; retain purchase/license documentation.,0
NSA-47a19864-26957,nexsas-images/ai-voice-generator/images/ns-img-557.png,ai-voice-generator,image,png,26957,47a19864,production-candidate,,nexsas-images-reconstructed.zip,User-supplied NextSaaS source; retain purchase/license documentation.,0
NSA-382150a9-4864,nexsas-images/ai-voice-generator/images/ns-img-558.png,ai-voice-generator,image,png,4864,382150a9,production-candidate,,nexsas-images-reconstructed.zip,User-supplied NextSaaS source; retain purchase/license documentation.,0
NSA-06dd2c09-8012,nexsas-images/ai-voice-generator/images/ns-img-559.svg,ai-voice-generator,vector,svg,8012,06dd2c09,production-candidate,,nexsas-images-reconstructed.zip,User-supplied NextSaaS source; retain purchase/license documentation.,0
NSA-39ab833b-520056,nexsas-images/ai-voice-generator/images/ns-img-580.png,ai-voice-generator,image,png,520056,39ab833b,production-candidate,,nexsas-images-reconstructed.zip,User-supplied NextSaaS source; retain purchase/license documentation.,0
NSA-486e3814-1450977,nexsas-images/ai-voice-generator/images/ns-img-581.png,ai-voice-generator,image,png,1450977,486e3814,production-candidate,,nexsas-images-reconstructed.zip,User-supplied NextSaaS source; retain purchase/license documentation.,0
NSA-dc885f02-20281,nexsas-images/ai-voice-generator/images/ns-img-582.svg,ai-voice-generator,vector,svg,20281,dc885f02,production-candidate,,nexsas-images-reconstructed.zip,User-supplied NextSaaS source; retain purchase/license documentation.,0
NSA-22a2f115-73638,nexsas-images/ai-voice-generator/images/ns-img-583.svg,ai-voice-generator,vector,svg,73638,22a2f115,production-candidate,,nexsas-images-reconstructed.zip,User-supplied NextSaaS source; retain purchase/license documentation.,0
NSA-ce53e6e7-63952,nexsas-images/ai-voice-generator/images/ns-img-584.svg,ai-voice-generator,vector,svg,63952,ce53e6e7,production-candidate,,nexsas-images-reconstructed.zip,User-supplied NextSaaS source; retain purchase/license documentation.,0
NSA-b5f22071-18672,nexsas-images/ai-voice-generator/images/ns-img-585.svg,ai-voice-generator,vector,svg,18672,b5f22071,production-candidate,,nexsas-images-reconstructed.zip,User-supplied NextSaaS source; retain purchase/license documentation.,0
NSA-7c583cb1-1593875,nexsas-images/ai-voice-generator/images/ns-img-586.svg,ai-voice-generator,vector,svg,1593875,7c583cb1,production-candidate,,nexsas-images-reconstructed.zip,User-supplied NextSaaS source; retain purchase/license documentation.,0
NSA-5cd3d111-24368,nexsas-images/ai-voice-generator/images/ns-img-587.svg,ai-voice-generator,vector,svg,24368,5cd3d111,production-candidate,,nexsas-images-reconstructed.zip,User-supplied NextSaaS source; retain purchase/license documentation.,0
NSA-be6c7d82-27528,nexsas-images/ai-voice-generator/images/ns-img-588.svg,ai-voice-generator,vector,svg,27528,be6c7d82,production-candidate,,nexsas-images-reconstructed.zip,User-supplied NextSaaS source; retain purchase/license documentation.,0
NSA-1496b05d-18660,nexsas-images/ai-voice-generator/images/ns-img-589.svg,ai-voice-generator,vector,svg,18660,1496b05d,production-candidate,,nexsas-images-reconstructed.zip,User-supplied NextSaaS source; retain purchase/license documentation.,0
NSA-b494cda7-67877,nexsas-images/ai-voice-generator/images/ns-img-590.png,ai-voice-generator,image,png,67877,b494cda7,production-candidate,,nexsas-images-reconstructed.zip,User-supplied NextSaaS source; retain purchase/license documentation.,0
NSA-2fa81765-20644,nexsas-images/ai-voice-generator/images/ns-img-591.png,ai-voice-generator,image,png,20644,2fa81765,production-candidate,,nexsas-images-reconstructed.zip,User-supplied NextSaaS source; retain purchase/license documentation.,0
NSA-f3b11da6-31926,nexsas-images/ai-voice-generator/images/ns-img-592.svg,ai-voice-generator,vector,svg,31926,f3b11da6,production-candidate,,nexsas-images-reconstructed.zip,User-supplied NextSaaS source; retain purchase/license documentation.,0
NSA-a9fb6523-24924,nexsas-images/ai-voice-generator/images/ns-img-593.svg,ai-voice-generator,vector,svg,24924,a9fb6523,production-candidate,,nexsas-images-reconstructed.zip,User-supplied NextSaaS source; retain purchase/license documentation.,0
NSA-1a40373c-46243,nexsas-images/ai-voice-generator/images/ns-img-594.png,ai-voice-generator,image,png,46243,1a40373c,production-candidate,,nexsas-images-reconstructed.zip,User-supplied NextSaaS source; retain purchase/license documentation.,0
NSA-0afc08ed-25919,nexsas-images/ai-voice-generator/images/ns-img-595.svg,ai-voice-generator,vector,svg,25919,0afc08ed,production-candidate,,nexsas-images-reconstructed.zip,User-supplied NextSaaS source; retain purchase/license documentation.,0
NSA-28a677eb-25746,nexsas-images/ai-voice-generator/images/ns-img-596.png,ai-voice-generator,image,png,25746,28a677eb,production-candidate,,nexsas-images-reconstructed.zip,User-supplied NextSaaS source; retain purchase/license documentation.,0
NSA-c76353cc-1113530,nexsas-images/ai-voice-generator/images/ns-img-597.png,ai-voice-generator,image,png,1113530,c76353cc,production-candidate,,nexsas-images-reconstructed.zip,User-supplied NextSaaS source; retain purchase/license documentation.,0
NSA-44c6ba22-35032,nexsas-images/ai-voice-generator/images/ns-img-598.png,ai-voice-generator,image,png,35032,44c6ba22,production-candidate,,nexsas-images-reconstructed.zip,User-supplied NextSaaS source; retain purchase/license documentation.,0
NSA-674f25e6-120039,nexsas-images/ai-voice-generator/images/ns-img-599.png,ai-voice-generator,image,png,120039,674f25e6,production-candidate,,nexsas-images-reconstructed.zip,User-supplied NextSaaS source; retain purchase/license documentation.,0
NSA-72a2b184-61135,nexsas-images/ai-voice-generator/images/ns-img-600.png,ai-voice-generator,image,png,61135,72a2b184,production-candidate,,nexsas-images-reconstructed.zip,User-supplied NextSaaS source; retain purchase/license documentation.,0
NSA-c1841eeb-487332,nexsas-images/ai-voice-generator/images/ns-img-601.png,ai-voice-generator,image,png,487332,c1841eeb,production-candidate,,nexsas-images-reconstructed.zip,User-supplied NextSaaS source; retain purchase/license documentation.,0
NSA-0729942c-36426,nexsas-images/ai-voice-generator/images/ns-img-602.png,ai-voice-generator,image,png,36426,0729942c,production-candidate,,nexsas-images-reconstructed.zip,User-supplied NextSaaS source; retain purchase/license documentation.,0
NSA-20a53806-37648,nexsas-images/ai-voice-generator/images/ns-img-603.svg,ai-voice-generator,vector,svg,37648,20a53806,production-candidate,,nexsas-images-reconstructed.zip,User-supplied NextSaaS source; retain purchase/license documentation.,0
NSA-03e05f68-37325,nexsas-images/ai-voice-generator/images/ns-img-604.png,ai-voice-generator,image,png,37325,03e05f68,production-candidate,,nexsas-images-reconstructed.zip,User-supplied NextSaaS source; retain purchase/license documentation.,0
NSA-97ba5109-21321,nexsas-images/ai-voice-generator/images/ns-img-605.png,ai-voice-generator,image,png,21321,97ba5109,production-candidate,,nexsas-images-reconstructed.zip,User-supplied NextSaaS source; retain purchase/license documentation.,0
NSA-f4f55d58-27556,nexsas-images/ai-voice-generator/images/ns-img-606.png,ai-voice-generator,image,png,27556,f4f55d58,production-candidate,,nexsas-images-reconstructed.zip,User-supplied NextSaaS source; retain purchase/license documentation.,0
NSA-e56116df-13634,nexsas-images/ai-voice-generator/images/ns-img-607.png,ai-voice-generator,image,png,13634,e56116df,production-candidate,,nexsas-images-reconstructed.zip,User-supplied NextSaaS source; retain purchase/license documentation.,0
NSA-7cbf7c33-26555,nexsas-images/ai-voice-generator/images/ns-img-608.png,ai-voice-generator,image,png,26555,7cbf7c33,production-candidate,,nexsas-images-reconstructed.zip,User-supplied NextSaaS source; retain purchase/license documentation.,0
NSA-6a398543-15354,nexsas-images/ai-voice-generator/images/ns-img-609.png,ai-voice-generator,image,png,15354,6a398543,production-candidate,,nexsas-images-reconstructed.zip,User-supplied NextSaaS source; retain purchase/license documentation.,0
NSA-a7b36e5c-1001021,nexsas-images/ai-voice-generator/images/ns-img-610.png,ai-voice-generator,image,png,1001021,a7b36e5c,production-candidate,,nexsas-images-reconstructed.zip,User-supplied NextSaaS source; retain purchase/license documentation.,0
NSA-eeab484d-2251819,nexsas-images/ai-voice-generator/images/ns-img-611.svg,ai-voice-generator,vector,svg,2251819,eeab484d,production-candidate,,nexsas-images-reconstructed.zip,User-supplied NextSaaS source; retain purchase/license documentation.,0
NSA-eb185e47-1182483,nexsas-images/ai-voice-generator/images/ns-img-612.png,ai-voice-generator,image,png,1182483,eb185e47,production-candidate,,nexsas-images-reconstructed.zip,User-supplied NextSaaS source; retain purchase/license documentation.,0
NSA-f5ee5c25-578230,nexsas-images/ai-voice-generator/images/ns-img-613.png,ai-voice-generator,image,png,578230,f5ee5c25,production-candidate,,nexsas-images-reconstructed.zip,User-supplied NextSaaS source; retain purchase/license documentation.,0
NSA-537cdf73-1345,nexsas-images/ai-voice-generator/images/ns-img-614.svg,ai-voice-generator,vector,svg,1345,537cdf73,production-candidate,,nexsas-images-reconstructed.zip,User-supplied NextSaaS source; retain purchase/license documentation.,0
NSA-97d8971a-1344,nexsas-images/ai-voice-generator/images/ns-img-615.svg,ai-voice-generator,vector,svg,1344,97d8971a,production-candidate,,nexsas-images-reconstructed.zip,User-supplied NextSaaS source; retain purchase/license documentation.,0
NSA-fd727bdb-440,nexsas-images/automation-saas/images/bottom-gradient.svg,automation-saas,gradient,svg,440,fd727bdb,production-candidate,,nexsas-images-reconstructed.zip,User-supplied NextSaaS source; retain purchase/license documentation.,0
NSA-b2eee25e-1595,nexsas-images/automation-saas/images/icons/behance-dark.svg,automation-saas,icon,svg,1595,b2eee25e,production-candidate,,nexsas-images-reconstructed.zip,User-supplied NextSaaS source; retain purchase/license documentation.,0
NSA-bcca0e60-2465,nexsas-images/automation-saas/images/icons/dribble-dark.svg,automation-saas,icon,svg,2465,bcca0e60,production-candidate,,nexsas-images-reconstructed.zip,User-supplied NextSaaS source; retain purchase/license documentation.,0
NSA-09b12b41-1097,nexsas-images/automation-saas/images/icons/facebook-dark.svg,automation-saas,icon,svg,1097,09b12b41,production-candidate,,nexsas-images-reconstructed.zip,User-supplied NextSaaS source; retain purchase/license documentation.,0
NSA-8e8e7643-883,nexsas-images/automation-saas/images/icons/instagram-dark.svg,automation-saas,icon,svg,883,8e8e7643,production-candidate,,nexsas-images-reconstructed.zip,User-supplied NextSaaS source; retain purchase/license documentation.,0
NSA-79eea7f1-2113,nexsas-images/automation-saas/images/icons/integration-discord.svg,automation-saas,icon,svg,2113,79eea7f1,production-candidate,,nexsas-images-reconstructed.zip,User-supplied NextSaaS source; retain purchase/license documentation.,0
NSA-ded5c0e8-1188,nexsas-images/automation-saas/images/icons/integration-mocha.svg,automation-saas,icon,svg,1188,ded5c0e8,production-candidate,,nexsas-images-reconstructed.zip,User-supplied NextSaaS source; retain purchase/license documentation.,0
NSA-3d37008e-1691,nexsas-images/automation-saas/images/icons/integration-pinterest.svg,automation-saas,icon,svg,1691,3d37008e,production-candidate,,nexsas-images-reconstructed.zip,User-supplied NextSaaS source; retain purchase/license documentation.,0
NSA-0069d068-2289,nexsas-images/automation-saas/images/icons/integration-redit.svg,automation-saas,icon,svg,2289,0069d068,production-candidate,,nexsas-images-reconstructed.zip,User-supplied NextSaaS source; retain purchase/license documentation.,0
NSA-2e945cf3-6535,nexsas-images/automation-saas/images/icons/integration-snapchat.svg,automation-saas,icon,svg,6535,2e945cf3,production-candidate,,nexsas-images-reconstructed.zip,User-supplied NextSaaS source; retain purchase/license documentation.,0
NSA-ada40e79-933,nexsas-images/automation-saas/images/icons/integration-twitter.svg,automation-saas,icon,svg,933,ada40e79,production-candidate,,nexsas-images-reconstructed.zip,User-supplied NextSaaS source; retain purchase/license documentation.,0
NSA-75926a9b-931,nexsas-images/automation-saas/images/icons/integration-youtube-music.svg,automation-saas,icon,svg,931,75926a9b,production-candidate,,nexsas-images-reconstructed.zip,User-supplied NextSaaS source; retain purchase/license documentation.,0
NSA-7a449311-1029,nexsas-images/automation-saas/images/icons/integration-youtube.svg,automation-saas,icon,svg,1029,7a449311,production-candidate,,nexsas-images-reconstructed.zip,User-supplied NextSaaS source; retain purchase/license documentation.,0
NSA-8cd651b8-1071,nexsas-images/automation-saas/images/icons/integration-zapier.svg,automation-saas,icon,svg,1071,8cd651b8,production-candidate,,nexsas-images-reconstructed.zip,User-supplied NextSaaS source; retain purchase/license documentation.,0
NSA-ff49f2af-1046,nexsas-images/automation-saas/images/icons/linkedin-dark.svg,automation-saas,icon,svg,1046,ff49f2af,production-candidate,,nexsas-images-reconstructed.zip,User-supplied NextSaaS source; retain purchase/license documentation.,0
NSA-f38c9db1-820,nexsas-images/automation-saas/images/icons/youtube-dark.svg,automation-saas,icon,svg,820,f38c9db1,production-candidate,,nexsas-images-reconstructed.zip,User-supplied NextSaaS source; retain purchase/license documentation.,0
NSA-dfd587cb-246178,nexsas-images/automation-saas/images/ns-avatar-1.jpg,automation-saas,avatar,jpg,246178,dfd587cb,editorial-placeholder-only,,nexsas-images-reconstructed.zip,User-supplied NextSaaS source; retain purchase/license documentation.,0
NSA-e3f83d2a-493294,nexsas-images/automation-saas/images/ns-avatar-10.jpg,automation-saas,avatar,jpg,493294,e3f83d2a,editorial-placeholder-only,,nexsas-images-reconstructed.zip,User-supplied NextSaaS source; retain purchase/license documentation.,0
NSA-fe953875-733602,nexsas-images/automation-saas/images/ns-avatar-11.jpg,automation-saas,avatar,jpg,733602,fe953875,editorial-placeholder-only,,nexsas-images-reconstructed.zip,User-supplied NextSaaS source; retain purchase/license documentation.,0
NSA-d021b85d-640719,nexsas-images/automation-saas/images/ns-avatar-12.jpg,automation-saas,avatar,jpg,640719,d021b85d,editorial-placeholder-only,,nexsas-images-reconstructed.zip,User-supplied NextSaaS source; retain purchase/license documentation.,0
NSA-28c8207a-574007,nexsas-images/automation-saas/images/ns-avatar-13.jpg,automation-saas,avatar,jpg,574007,28c8207a,editorial-placeholder-only,,nexsas-images-reconstructed.zip,User-supplied NextSaaS source; retain purchase/license documentation.,0
NSA-d1f71433-630577,nexsas-images/automation-saas/images/ns-avatar-14.jpg,automation-saas,avatar,jpg,630577,d1f71433,editorial-placeholder-only,,nexsas-images-reconstructed.zip,User-supplied NextSaaS source; retain purchase/license documentation.,0
NSA-3249585b-186481,nexsas-images/automation-saas/images/ns-avatar-2.jpg,automation-saas,avatar,jpg,186481,3249585b,editorial-placeholder-only,,nexsas-images-reconstructed.zip,User-supplied NextSaaS source; retain purchase/license documentation.,0
NSA-3199d1fa-162095,nexsas-images/automation-saas/images/ns-avatar-3.jpg,automation-saas,avatar,jpg,162095,3199d1fa,editorial-placeholder-only,,nexsas-images-reconstructed.zip,User-supplied NextSaaS source; retain purchase/license documentation.,0
NSA-e037bf2f-629986,nexsas-images/automation-saas/images/ns-avatar-4.jpg,automation-saas,avatar,jpg,629986,e037bf2f,editorial-placeholder-only,,nexsas-images-reconstructed.zip,User-supplied NextSaaS source; retain purchase/license documentation.,0
NSA-e7406f61-556761,nexsas-images/automation-saas/images/ns-avatar-5.jpg,automation-saas,avatar,jpg,556761,e7406f61,editorial-placeholder-only,,nexsas-images-reconstructed.zip,User-supplied NextSaaS source; retain purchase/license documentation.,0
NSA-36bc77a7-563166,nexsas-images/automation-saas/images/ns-avatar-6.jpg,automation-saas,avatar,jpg,563166,36bc77a7,editorial-placeholder-only,,nexsas-images-reconstructed.zip,User-supplied NextSaaS source; retain purchase/license documentation.,0
NSA-3a5e5070-518803,nexsas-images/automation-saas/images/ns-avatar-7.jpg,automation-saas,avatar,jpg,518803,3a5e5070,editorial-placeholder-only,,nexsas-images-reconstructed.zip,User-supplied NextSaaS source; retain purchase/license documentation.,0
NSA-fba9b341-485808,nexsas-images/automation-saas/images/ns-avatar-8.jpg,automation-saas,avatar,jpg,485808,fba9b341,editorial-placeholder-only,,nexsas-images-reconstructed.zip,User-supplied NextSaaS source; retain purchase/license documentation.,0
NSA-1a0b2430-624977,nexsas-images/automation-saas/images/ns-avatar-9.jpg,automation-saas,avatar,jpg,624977,1a0b2430,editorial-placeholder-only,,nexsas-images-reconstructed.zip,User-supplied NextSaaS source; retain purchase/license documentation.,0
NSA-1d23ae0f-1526937,nexsas-images/automation-saas/images/ns-img-1.png,automation-saas,image,png,1526937,1d23ae0f,production-candidate,,nexsas-images-reconstructed.zip,User-supplied NextSaaS source; retain purchase/license documentation.,0
NSA-9090a57f-53507,nexsas-images/automation-saas/images/ns-img-10.svg,automation-saas,vector,svg,53507,9090a57f,production-candidate,,nexsas-images-reconstructed.zip,User-supplied NextSaaS source; retain purchase/license documentation.,0
NSA-3a39089e-58947,nexsas-images/automation-saas/images/ns-img-11.svg,automation-saas,vector,svg,58947,3a39089e,production-candidate,,nexsas-images-reconstructed.zip,User-supplied NextSaaS source; retain purchase/license documentation.,0
NSA-a19191fc-83220,nexsas-images/automation-saas/images/ns-img-12.svg,automation-saas,vector,svg,83220,a19191fc,production-candidate,,nexsas-images-reconstructed.zip,User-supplied NextSaaS source; retain purchase/license documentation.,0
NSA-2c56435a-49644,nexsas-images/automation-saas/images/ns-img-13.png,automation-saas,image,png,49644,2c56435a,production-candidate,,nexsas-images-reconstructed.zip,User-supplied NextSaaS source; retain purchase/license documentation.,0
NSA-b56c04e5-34398,nexsas-images/automation-saas/images/ns-img-14.svg,automation-saas,vector,svg,34398,b56c04e5,production-candidate,,nexsas-images-reconstructed.zip,User-supplied NextSaaS source; retain purchase/license documentation.,0
NSA-1daae325-55605,nexsas-images/automation-saas/images/ns-img-15.svg,automation-saas,vector,svg,55605,1daae325,production-candidate,,nexsas-images-reconstructed.zip,User-supplied NextSaaS source; retain purchase/license documentation.,0
NSA-4d6e4659-1084552,nexsas-images/automation-saas/images/ns-img-16.jpg,automation-saas,image,jpg,1084552,4d6e4659,production-candidate,,nexsas-images-reconstructed.zip,User-supplied NextSaaS source; retain purchase/license documentation.,0
NSA-8ccb713e-1098522,nexsas-images/automation-saas/images/ns-img-17.jpg,automation-saas,image,jpg,1098522,8ccb713e,production-candidate,,nexsas-images-reconstructed.zip,User-supplied NextSaaS source; retain purchase/license documentation.,0
NSA-60737bd8-1012396,nexsas-images/automation-saas/images/ns-img-18.jpg,automation-saas,image,jpg,1012396,60737bd8,production-candidate,,nexsas-images-reconstructed.zip,User-supplied NextSaaS source; retain purchase/license documentation.,0
NSA-7a7667d6-126839,nexsas-images/automation-saas/images/ns-img-19.svg,automation-saas,vector,svg,126839,7a7667d6,production-candidate,,nexsas-images-reconstructed.zip,User-supplied NextSaaS source; retain purchase/license documentation.,0
NSA-5f8948b0-353081,nexsas-images/automation-saas/images/ns-img-2.jpg,automation-saas,image,jpg,353081,5f8948b0,production-candidate,,nexsas-images-reconstructed.zip,User-supplied NextSaaS source; retain purchase/license documentation.,0
NSA-50556ba2-60293,nexsas-images/automation-saas/images/ns-img-20.svg,automation-saas,vector,svg,60293,50556ba2,production-candidate,,nexsas-images-reconstructed.zip,User-supplied NextSaaS source; retain purchase/license documentation.,0
NSA-66db57bd-102079,nexsas-images/automation-saas/images/ns-img-21.png,automation-saas,image,png,102079,66db57bd,production-candidate,,nexsas-images-reconstructed.zip,User-supplied NextSaaS source; retain purchase/license documentation.,0
NSA-94b98aa4-128406,nexsas-images/automation-saas/images/ns-img-22.png,automation-saas,image,png,128406,94b98aa4,production-candidate,,nexsas-images-reconstructed.zip,User-supplied NextSaaS source; retain purchase/license documentation.,0
NSA-bae15dae-949288,nexsas-images/automation-saas/images/ns-img-23.jpg,automation-saas,image,jpg,949288,bae15dae,production-candidate,,nexsas-images-reconstructed.zip,User-supplied NextSaaS source; retain purchase/license documentation.,0
NSA-905bed62-515997,nexsas-images/automation-saas/images/ns-img-24.jpg,automation-saas,image,jpg,515997,905bed62,production-candidate,,nexsas-images-reconstructed.zip,User-supplied NextSaaS source; retain purchase/license documentation.,0
NSA-91db3594-10612,nexsas-images/automation-saas/images/ns-img-25.png,automation-saas,image,png,10612,91db3594,production-candidate,,nexsas-images-reconstructed.zip,User-supplied NextSaaS source; retain purchase/license documentation.,0
NSA-b56b84db-1530806,nexsas-images/automation-saas/images/ns-img-26.svg,automation-saas,vector,svg,1530806,b56b84db,production-candidate,,nexsas-images-reconstructed.zip,User-supplied NextSaaS source; retain purchase/license documentation.,0
NSA-d0f92f0d-6579,nexsas-images/automation-saas/images/ns-img-27.svg,automation-saas,vector,svg,6579,d0f92f0d,production-candidate,,nexsas-images-reconstructed.zip,User-supplied NextSaaS source; retain purchase/license documentation.,0
NSA-43287ba9-3529,nexsas-images/automation-saas/images/ns-img-28.svg,automation-saas,vector,svg,3529,43287ba9,production-candidate,,nexsas-images-reconstructed.zip,User-supplied NextSaaS source; retain purchase/license documentation.,0
NSA-d5926e79-1677178,nexsas-images/automation-saas/images/ns-img-29.jpg,automation-saas,image,jpg,1677178,d5926e79,production-candidate,,nexsas-images-reconstructed.zip,User-supplied NextSaaS source; retain purchase/license documentation.,0
NSA-9c1716ca-253130,nexsas-images/automation-saas/images/ns-img-3.png,automation-saas,image,png,253130,9c1716ca,production-candidate,,nexsas-images-reconstructed.zip,User-supplied NextSaaS source; retain purchase/license documentation.,0
NSA-8ce00e40-3762072,nexsas-images/automation-saas/images/ns-img-30.jpg,automation-saas,image,jpg,3762072,8ce00e40,production-candidate,,nexsas-images-reconstructed.zip,User-supplied NextSaaS source; retain purchase/license documentation.,0
NSA-a10238e2-451782,nexsas-images/automation-saas/images/ns-img-31.jpg,automation-saas,image,jpg,451782,a10238e2,production-candidate,,nexsas-images-reconstructed.zip,User-supplied NextSaaS source; retain purchase/license documentation.,0
NSA-d0998c2d-3235493,nexsas-images/automation-saas/images/ns-img-32.jpg,automation-saas,image,jpg,3235493,d0998c2d,production-candidate,,nexsas-images-reconstructed.zip,User-supplied NextSaaS source; retain purchase/license documentation.,0
NSA-53e8f983-3415848,nexsas-images/automation-saas/images/ns-img-33.jpg,automation-saas,image,jpg,3415848,53e8f983,production-candidate,,nexsas-images-reconstructed.zip,User-supplied NextSaaS source; retain purchase/license documentation.,0
NSA-a1fa9c17-383520,nexsas-images/automation-saas/images/ns-img-34.jpg,automation-saas,image,jpg,383520,a1fa9c17,production-candidate,,nexsas-images-reconstructed.zip,User-supplied NextSaaS source; retain purchase/license documentation.,0
NSA-3e533594-293637,nexsas-images/automation-saas/images/ns-img-35.jpg,automation-saas,image,jpg,293637,3e533594,production-candidate,,nexsas-images-reconstructed.zip,User-supplied NextSaaS source; retain purchase/license documentation.,0
NSA-69877ac3-546582,nexsas-images/automation-saas/images/ns-img-36.jpg,automation-saas,image,jpg,546582,69877ac3,production-candidate,,nexsas-images-reconstructed.zip,User-supplied NextSaaS source; retain purchase/license documentation.,0
NSA-bf33d9ce-625543,nexsas-images/automation-saas/images/ns-img-37.jpg,automation-saas,image,jpg,625543,bf33d9ce,production-candidate,,nexsas-images-reconstructed.zip,User-supplied NextSaaS source; retain purchase/license documentation.,0
NSA-52f60271-789111,nexsas-images/automation-saas/images/ns-img-38.jpg,automation-saas,image,jpg,789111,52f60271,production-candidate,,nexsas-images-reconstructed.zip,User-supplied NextSaaS source; retain purchase/license documentation.,0
NSA-cf26726a-401091,nexsas-images/automation-saas/images/ns-img-39.jpg,automation-saas,image,jpg,401091,cf26726a,production-candidate,,nexsas-images-reconstructed.zip,User-supplied NextSaaS source; retain purchase/license documentation.,0
NSA-856f45b6-838979,nexsas-images/automation-saas/images/ns-img-6.jpg,automation-saas,image,jpg,838979,856f45b6,production-candidate,,nexsas-images-reconstructed.zip,User-supplied NextSaaS source; retain purchase/license documentation.,0
NSA-8f084d35-592989,nexsas-images/automation-saas/images/ns-img-7.jpg,automation-saas,image,jpg,592989,8f084d35,production-candidate,,nexsas-images-reconstructed.zip,User-supplied NextSaaS source; retain purchase/license documentation.,0
NSA-6c5f702f-51241,nexsas-images/automation-saas/images/ns-img-8.svg,automation-saas,vector,svg,51241,6c5f702f,production-candidate,,nexsas-images-reconstructed.zip,User-supplied NextSaaS source; retain purchase/license documentation.,0
NSA-dec0d011-12783,nexsas-images/automation-saas/images/ns-img-9.svg,automation-saas,vector,svg,12783,dec0d011,production-candidate,,nexsas-images-reconstructed.zip,User-supplied NextSaaS source; retain purchase/license documentation.,0
NSA-8e3d5d11-18807,nexsas-images/financial-management-platform/images/badge/badge-10.svg,financial-management-platform,vector,svg,18807,8e3d5d11,production-candidate,,nexsas-images-reconstructed.zip,User-supplied NextSaaS source; retain purchase/license documentation.,1
NSA-b42a9903-16160,nexsas-images/financial-management-platform/images/badge/badge-6.svg,financial-management-platform,vector,svg,16160,b42a9903,production-candidate,,nexsas-images-reconstructed.zip,User-supplied NextSaaS source; retain purchase/license documentation.,1
NSA-ec72e927-21781,nexsas-images/financial-management-platform/images/badge/badge-7.svg,financial-management-platform,vector,svg,21781,ec72e927,production-candidate,,nexsas-images-reconstructed.zip,User-supplied NextSaaS source; retain purchase/license documentation.,1
NSA-a476083e-25449,nexsas-images/financial-management-platform/images/badge/badge-8.svg,financial-management-platform,vector,svg,25449,a476083e,production-candidate,,nexsas-images-reconstructed.zip,User-supplied NextSaaS source; retain purchase/license documentation.,1
NSA-72d21bc5-26617,nexsas-images/financial-management-platform/images/badge/badge-9.svg,financial-management-platform,vector,svg,26617,72d21bc5,production-candidate,,nexsas-images-reconstructed.zip,User-supplied NextSaaS source; retain purchase/license documentation.,1
NSA-5bedd823-1044,nexsas-images/financial-management-platform/images/icons/asana.svg,financial-management-platform,icon,svg,1044,5bedd823,production-candidate,,nexsas-images-reconstructed.zip,User-supplied NextSaaS source; retain purchase/license documentation.,1
NSA-aaee68e7-2000,nexsas-images/financial-management-platform/images/icons/discord-logo.svg,financial-management-platform,icon,svg,2000,aaee68e7,production-candidate,,nexsas-images-reconstructed.zip,User-supplied NextSaaS source; retain purchase/license documentation.,1
NSA-38ccf70c-1470,nexsas-images/financial-management-platform/images/icons/drive-google.svg,financial-management-platform,icon,svg,1470,38ccf70c,production-candidate,,nexsas-images-reconstructed.zip,User-supplied NextSaaS source; retain purchase/license documentation.,1
NSA-7791f98b-394,nexsas-images/financial-management-platform/images/icons/dropbox.svg,financial-management-platform,icon,svg,394,7791f98b,production-candidate,,nexsas-images-reconstructed.zip,User-supplied NextSaaS source; retain purchase/license documentation.,1
NSA-82995059-10875,nexsas-images/financial-management-platform/images/icons/gray-client-logo-1.svg,financial-management-platform,client-logo,svg,10875,82995059,excluded,placeholder-filename,nexsas-images-reconstructed.zip,User-supplied NextSaaS source; retain purchase/license documentation.,1
NSA-c26d5b84-10437,nexsas-images/financial-management-platform/images/icons/gray-client-logo-2.svg,financial-management-platform,client-logo,svg,10437,c26d5b84,excluded,placeholder-filename,nexsas-images-reconstructed.zip,User-supplied NextSaaS source; retain purchase/license documentation.,1
NSA-9b1af0ab-10791,nexsas-images/financial-management-platform/images/icons/gray-client-logo-3.svg,financial-management-platform,client-logo,svg,10791,9b1af0ab,excluded,placeholder-filename,nexsas-images-reconstructed.zip,User-supplied NextSaaS source; retain purchase/license documentation.,1
NSA-6d5aa041-9864,nexsas-images/financial-management-platform/images/icons/gray-client-logo-4.svg,financial-management-platform,client-logo,svg,9864,6d5aa041,excluded,placeholder-filename,nexsas-images-reconstructed.zip,User-supplied NextSaaS source; retain purchase/license documentation.,1
NSA-7d3de275-10375,nexsas-images/financial-management-platform/images/icons/gray-client-logo-5.svg,financial-management-platform,client-logo,svg,10375,7d3de275,excluded,placeholder-filename,nexsas-images-reconstructed.zip,User-supplied NextSaaS source; retain purchase/license documentation.,1
NSA-3d924a77-595,nexsas-images/financial-management-platform/images/icons/hotjar-logo.svg,financial-management-platform,icon,svg,595,3d924a77,production-candidate,,nexsas-images-reconstructed.zip,User-supplied NextSaaS source; retain purchase/license documentation.,1
NSA-ff93e95b-1413,nexsas-images/financial-management-platform/images/icons/lattice-logo.svg,financial-management-platform,icon,svg,1413,ff93e95b,production-candidate,,nexsas-images-reconstructed.zip,User-supplied NextSaaS source; retain purchase/license documentation.,1
NSA-5c0604c9-2152,nexsas-images/financial-management-platform/images/icons/notion.svg,financial-management-platform,icon,svg,2152,5c0604c9,production-candidate,,nexsas-images-reconstructed.zip,User-supplied NextSaaS source; retain purchase/license documentation.,1
NSA-5a989717-874,nexsas-images/financial-management-platform/images/icons/outreach-logo.svg,financial-management-platform,icon,svg,874,5a989717,production-candidate,,nexsas-images-reconstructed.zip,User-supplied NextSaaS source; retain purchase/license documentation.,1
NSA-7a088cf8-1127,nexsas-images/financial-management-platform/images/icons/scapic-logo.svg,financial-management-platform,icon,svg,1127,7a088cf8,production-candidate,,nexsas-images-reconstructed.zip,User-supplied NextSaaS source; retain purchase/license documentation.,1
NSA-2463ad5b-1206,nexsas-images/financial-management-platform/images/icons/spotify-logo.svg,financial-management-platform,icon,svg,1206,2463ad5b,production-candidate,,nexsas-images-reconstructed.zip,User-supplied NextSaaS source; retain purchase/license documentation.,1
NSA-9e77ed84-1794,nexsas-images/financial-management-platform/images/icons/squarespace-logo.svg,financial-management-platform,icon,svg,1794,9e77ed84,production-candidate,,nexsas-images-reconstructed.zip,User-supplied NextSaaS source; retain purchase/license documentation.,1
NSA-c7cf4413-753,nexsas-images/financial-management-platform/images/icons/stripe-logo.svg,financial-management-platform,icon,svg,753,c7cf4413,production-candidate,,nexsas-images-reconstructed.zip,User-supplied NextSaaS source; retain purchase/license documentation.,1
NSA-f45aa0ee-485404,nexsas-images/financial-management-platform/images/ns-avatar-28.png,financial-management-platform,avatar,png,485404,f45aa0ee,editorial-placeholder-only,,nexsas-images-reconstructed.zip,User-supplied NextSaaS source; retain purchase/license documentation.,1
NSA-c6912335-629212,nexsas-images/financial-management-platform/images/ns-avatar-29.png,financial-management-platform,avatar,png,629212,c6912335,editorial-placeholder-only,,nexsas-images-reconstructed.zip,User-supplied NextSaaS source; retain purchase/license documentation.,1
NSA-ff93783a-459439,nexsas-images/financial-management-platform/images/ns-avatar-30.png,financial-management-platform,avatar,png,459439,ff93783a,editorial-placeholder-only,,nexsas-images-reconstructed.zip,User-supplied NextSaaS source; retain purchase/license documentation.,1
NSA-00933575-632754,nexsas-images/financial-management-platform/images/ns-avatar-31.png,financial-management-platform,avatar,png,632754,00933575,editorial-placeholder-only,,nexsas-images-reconstructed.zip,User-supplied NextSaaS source; retain purchase/license documentation.,1
NSA-919f8358-785549,nexsas-images/financial-management-platform/images/ns-avatar-33.png,financial-management-platform,avatar,png,785549,919f8358,editorial-placeholder-only,,nexsas-images-reconstructed.zip,User-supplied NextSaaS source; retain purchase/license documentation.,1
NSA-f1779be3-457979,nexsas-images/financial-management-platform/images/ns-avatar-34.png,financial-management-platform,avatar,png,457979,f1779be3,editorial-placeholder-only,,nexsas-images-reconstructed.zip,User-supplied NextSaaS source; retain purchase/license documentation.,1
NSA-9003c483-598260,nexsas-images/financial-management-platform/images/ns-avatar-35.png,financial-management-platform,avatar,png,598260,9003c483,editorial-placeholder-only,,nexsas-images-reconstructed.zip,User-supplied NextSaaS source; retain purchase/license documentation.,1
NSA-ae4da8a1-722111,nexsas-images/financial-management-platform/images/ns-avatar-36.png,financial-management-platform,avatar,png,722111,ae4da8a1,editorial-placeholder-only,,nexsas-images-reconstructed.zip,User-supplied NextSaaS source; retain purchase/license documentation.,1
NSA-87df8337-1087117,nexsas-images/financial-management-platform/images/ns-img-372.jpg,financial-management-platform,image,jpg,1087117,87df8337,production-candidate,,nexsas-images-reconstructed.zip,User-supplied NextSaaS source; retain purchase/license documentation.,1
NSA-bbe5d35b-1401977,nexsas-images/financial-management-platform/images/ns-img-373.jpg,financial-management-platform,image,jpg,1401977,bbe5d35b,production-candidate,,nexsas-images-reconstructed.zip,User-supplied NextSaaS source; retain purchase/license documentation.,1
NSA-68763b30-1379691,nexsas-images/financial-management-platform/images/ns-img-561.png,financial-management-platform,image,png,1379691,68763b30,production-candidate,,nexsas-images-reconstructed.zip,User-supplied NextSaaS source; retain purchase/license documentation.,1
NSA-a00e7a53-1104621,nexsas-images/financial-management-platform/images/ns-img-562.png,financial-management-platform,image,png,1104621,a00e7a53,production-candidate,,nexsas-images-reconstructed.zip,User-supplied NextSaaS source; retain purchase/license documentation.,1
NSA-63c359a0-684573,nexsas-images/financial-management-platform/images/ns-img-563.png,financial-management-platform,image,png,684573,63c359a0,production-candidate,,nexsas-images-reconstructed.zip,User-supplied NextSaaS source; retain purchase/license documentation.,1
NSA-7aa2c5bd-486464,nexsas-images/financial-management-platform/images/ns-img-564.png,financial-management-platform,image,png,486464,7aa2c5bd,production-candidate,,nexsas-images-reconstructed.zip,User-supplied NextSaaS source; retain purchase/license documentation.,1
NSA-743c1c3a-1611,nexsas-images/financial-management-platform/images/ns-img-565.svg,financial-management-platform,vector,svg,1611,743c1c3a,production-candidate,,nexsas-images-reconstructed.zip,User-supplied NextSaaS source; retain purchase/license documentation.,1
NSA-9aa67774-2700,nexsas-images/financial-management-platform/images/ns-img-566.svg,financial-management-platform,vector,svg,2700,9aa67774,production-candidate,,nexsas-images-reconstructed.zip,User-supplied NextSaaS source; retain purchase/license documentation.,1
NSA-8516e9b5-1665,nexsas-images/financial-management-platform/images/ns-img-567.svg,financial-management-platform,vector,svg,1665,8516e9b5,production-candidate,,nexsas-images-reconstructed.zip,User-supplied NextSaaS source; retain purchase/license documentation.,1
NSA-7e5909bb-331,nexsas-images/financial-management-platform/images/ns-img-568.svg,financial-management-platform,vector,svg,331,7e5909bb,production-candidate,,nexsas-images-reconstructed.zip,User-supplied NextSaaS source; retain purchase/license documentation.,1
NSA-c2cc8508-1467,nexsas-images/financial-management-platform/images/ns-img-569.svg,financial-management-platform,vector,svg,1467,c2cc8508,production-candidate,,nexsas-images-reconstructed.zip,User-supplied NextSaaS source; retain purchase/license documentation.,1
NSA-80e751f6-3250,nexsas-images/financial-management-platform/images/ns-img-570.svg,financial-management-platform,vector,svg,3250,80e751f6,production-candidate,,nexsas-images-reconstructed.zip,User-supplied NextSaaS source; retain purchase/license documentation.,1
NSA-e757921f-423,nexsas-images/financial-management-platform/images/ns-img-571.svg,financial-management-platform,vector,svg,423,e757921f,production-candidate,,nexsas-images-reconstructed.zip,User-supplied NextSaaS source; retain purchase/license documentation.,1
NSA-d82c0f2d-529,nexsas-images/financial-management-platform/images/ns-img-572.svg,financial-management-platform,vector,svg,529,d82c0f2d,production-candidate,,nexsas-images-reconstructed.zip,User-supplied NextSaaS source; retain purchase/license documentation.,1
NSA-ad33597c-8020,nexsas-images/financial-management-platform/images/ns-img-573.svg,financial-management-platform,vector,svg,8020,ad33597c,production-candidate,,nexsas-images-reconstructed.zip,User-supplied NextSaaS source; retain purchase/license documentation.,1
NSA-765f3d28-356,nexsas-images/financial-management-platform/images/ns-img-574.svg,financial-management-platform,vector,svg,356,765f3d28,production-candidate,,nexsas-images-reconstructed.zip,User-supplied NextSaaS source; retain purchase/license documentation.,1
NSA-5ec09d88-2449651,nexsas-images/financial-management-platform/images/ns-img-575.png,financial-management-platform,image,png,2449651,5ec09d88,production-candidate,,nexsas-images-reconstructed.zip,User-supplied NextSaaS source; retain purchase/license documentation.,1
NSA-746643f4-1323950,nexsas-images/financial-management-platform/images/ns-img-576.png,financial-management-platform,image,png,1323950,746643f4,production-candidate,,nexsas-images-reconstructed.zip,User-supplied NextSaaS source; retain purchase/license documentation.,1
NSA-d7e02dd1-2425668,nexsas-images/financial-management-platform/images/ns-img-577.png,financial-management-platform,image,png,2425668,d7e02dd1,production-candidate,,nexsas-images-reconstructed.zip,User-supplied NextSaaS source; retain purchase/license documentation.,1
NSA-f8211731-1836480,nexsas-images/financial-management-platform/images/ns-img-578.png,financial-management-platform,image,png,1836480,f8211731,production-candidate,,nexsas-images-reconstructed.zip,User-supplied NextSaaS source; retain purchase/license documentation.,1
NSA-1289f45c-4279174,nexsas-images/financial-management-platform/images/ns-img-579.png,financial-management-platform,image,png,4279174,1289f45c,production-candidate,,nexsas-images-reconstructed.zip,User-supplied NextSaaS source; retain purchase/license documentation.,1
NSA-24c99a39-63629,nexsas-images/financial-management-platform/images/ns-img-616.png,financial-management-platform,image,png,63629,24c99a39,production-candidate,,nexsas-images-reconstructed.zip,User-supplied NextSaaS source; retain purchase/license documentation.,0
NSA-773c5d06-773,nexsas-images/neural-netwokrs/icons/asana-metal-without-text.svg,neural-netwokrs,icon,svg,773,773c5d06,production-candidate,,nexsas-images-reconstructed.zip,User-supplied NextSaaS source; retain purchase/license documentation.,0
NSA-9491645d-1328,nexsas-images/neural-netwokrs/icons/behance.svg,neural-netwokrs,icon,svg,1328,9491645d,production-candidate,,nexsas-images-reconstructed.zip,User-supplied NextSaaS source; retain purchase/license documentation.,0
NSA-f194fc94-1981,nexsas-images/neural-netwokrs/icons/confluence.svg,neural-netwokrs,icon,svg,1981,f194fc94,production-candidate,,nexsas-images-reconstructed.zip,User-supplied NextSaaS source; retain purchase/license documentation.,0
NSA-dd4bb6dc-2019,nexsas-images/neural-netwokrs/icons/discord-metal-without-text.svg,neural-netwokrs,icon,svg,2019,dd4bb6dc,production-candidate,,nexsas-images-reconstructed.zip,User-supplied NextSaaS source; retain purchase/license documentation.,0
NSA-106cf737-2000,nexsas-images/neural-netwokrs/icons/discord.svg,neural-netwokrs,icon,svg,2000,106cf737,production-candidate,,nexsas-images-reconstructed.zip,User-supplied NextSaaS source; retain purchase/license documentation.,0
NSA-576efb52-490,nexsas-images/neural-netwokrs/icons/dropbox-metal-without-text.svg,neural-netwokrs,icon,svg,490,576efb52,production-candidate,,nexsas-images-reconstructed.zip,User-supplied NextSaaS source; retain purchase/license documentation.,0
NSA-058f862d-4338,nexsas-images/neural-netwokrs/icons/duolingo.svg,neural-netwokrs,icon,svg,4338,058f862d,production-candidate,,nexsas-images-reconstructed.zip,User-supplied NextSaaS source; retain purchase/license documentation.,0
NSA-c919f137-3678,nexsas-images/neural-netwokrs/icons/edge.svg,neural-netwokrs,icon,svg,3678,c919f137,production-candidate,,nexsas-images-reconstructed.zip,User-supplied NextSaaS source; retain purchase/license documentation.,0
NSA-4c9399a6-633,nexsas-images/neural-netwokrs/icons/hotjar-metal-without-text.svg,neural-netwokrs,icon,svg,633,4c9399a6,production-candidate,,nexsas-images-reconstructed.zip,User-supplied NextSaaS source; retain purchase/license documentation.,0
NSA-865f08a4-1010,nexsas-images/neural-netwokrs/icons/jira_service_desk.svg,neural-netwokrs,icon,svg,1010,865f08a4,production-candidate,,nexsas-images-reconstructed.zip,User-supplied NextSaaS source; retain purchase/license documentation.,0
NSA-4e7d2685-462,nexsas-images/neural-netwokrs/icons/mastar-card.svg,neural-netwokrs,icon,svg,462,4e7d2685,production-candidate,,nexsas-images-reconstructed.zip,User-supplied NextSaaS source; retain purchase/license documentation.,0
NSA-f8a720d9-899,nexsas-images/neural-netwokrs/icons/messenger-dark.svg,neural-netwokrs,icon,svg,899,f8a720d9,production-candidate,,nexsas-images-reconstructed.zip,User-supplied NextSaaS source; retain purchase/license documentation.,0
NSA-c3c813b0-1442,nexsas-images/neural-netwokrs/icons/netflix.svg,neural-netwokrs,icon,svg,1442,c3c813b0,production-candidate,,nexsas-images-reconstructed.zip,User-supplied NextSaaS source; retain purchase/license documentation.,0
NSA-c5771863-1618,nexsas-images/neural-netwokrs/icons/notion-metal-without-text.svg,neural-netwokrs,icon,svg,1618,c5771863,production-candidate,,nexsas-images-reconstructed.zip,User-supplied NextSaaS source; retain purchase/license documentation.,0
NSA-96daf371-1350,nexsas-images/neural-netwokrs/icons/pinterest.svg,neural-netwokrs,icon,svg,1350,96daf371,production-candidate,,nexsas-images-reconstructed.zip,User-supplied NextSaaS source; retain purchase/license documentation.,0
NSA-9a24ed73-55017,nexsas-images/neural-netwokrs/icons/safari.svg,neural-netwokrs,icon,svg,55017,9a24ed73,production-candidate,,nexsas-images-reconstructed.zip,User-supplied NextSaaS source; retain purchase/license documentation.,0
NSA-dc06a724-1006,nexsas-images/neural-netwokrs/icons/scapic-metal-without-text.svg,neural-netwokrs,icon,svg,1006,dc06a724,production-candidate,,nexsas-images-reconstructed.zip,User-supplied NextSaaS source; retain purchase/license documentation.,0
NSA-44533d6a-1662,nexsas-images/neural-netwokrs/icons/secure-space-metal-without-text.svg,neural-netwokrs,icon,svg,1662,44533d6a,production-candidate,,nexsas-images-reconstructed.zip,User-supplied NextSaaS source; retain purchase/license documentation.,0
NSA-1a58c561-2454,nexsas-images/neural-netwokrs/icons/skype.svg,neural-netwokrs,icon,svg,2454,1a58c561,production-candidate,,nexsas-images-reconstructed.zip,User-supplied NextSaaS source; retain purchase/license documentation.,0
NSA-4410a144-1225,nexsas-images/neural-netwokrs/icons/spotify-metal-without-text.svg,neural-netwokrs,icon,svg,1225,4410a144,production-candidate,,nexsas-images-reconstructed.zip,User-supplied NextSaaS source; retain purchase/license documentation.,0
NSA-a87f710f-772,nexsas-images/neural-netwokrs/icons/stripe-metal-without-text.svg,neural-netwokrs,icon,svg,772,a87f710f,production-candidate,,nexsas-images-reconstructed.zip,User-supplied NextSaaS source; retain purchase/license documentation.,0
NSA-c8fb286b-2377,nexsas-images/neural-netwokrs/icons/tiktok.svg,neural-netwokrs,icon,svg,2377,c8fb286b,production-candidate,,nexsas-images-reconstructed.zip,User-supplied NextSaaS source; retain purchase/license documentation.,0
NSA-df849fe1-6800,nexsas-images/neural-netwokrs/lock-3.svg,neural-netwokrs,vector,svg,6800,df849fe1,production-candidate,,nexsas-images-reconstructed.zip,User-supplied NextSaaS source; retain purchase/license documentation.,0
NSA-cfec9065-226099,nexsas-images/neural-netwokrs/opai-1.png,neural-netwokrs,image,png,226099,cfec9065,production-candidate,,nexsas-images-reconstructed.zip,User-supplied NextSaaS source; retain purchase/license documentation.,0
NSA-ff87138f-1444802,nexsas-images/neural-netwokrs/opai-35.jpg,neural-netwokrs,image,jpg,1444802,ff87138f,production-candidate,,nexsas-images-reconstructed.zip,User-supplied NextSaaS source; retain purchase/license documentation.,0
NSA-d0f1bd10-222931,nexsas-images/neural-netwokrs/opai-6.png,neural-netwokrs,image,png,222931,d0f1bd10,production-candidate,,nexsas-images-reconstructed.zip,User-supplied NextSaaS source; retain purchase/license documentation.,0
NSA-7ffdadc1-573320,nexsas-images/neural-netwokrs/opai-avatar-img-09.png,neural-netwokrs,avatar,png,573320,7ffdadc1,editorial-placeholder-only,,nexsas-images-reconstructed.zip,User-supplied NextSaaS source; retain purchase/license documentation.,0
NSA-700fca68-667150,nexsas-images/neural-netwokrs/opai-avatar-img-10.png,neural-netwokrs,avatar,png,667150,700fca68,editorial-placeholder-only,,nexsas-images-reconstructed.zip,User-supplied NextSaaS source; retain purchase/license documentation.,0
NSA-4e684da1-695963,nexsas-images/neural-netwokrs/opai-avatar-img-11.png,neural-netwokrs,avatar,png,695963,4e684da1,editorial-placeholder-only,,nexsas-images-reconstructed.zip,User-supplied NextSaaS source; retain purchase/license documentation.,0
NSA-3e7cd911-583780,nexsas-images/neural-netwokrs/opai-avatar-img-12.png,neural-netwokrs,avatar,png,583780,3e7cd911,editorial-placeholder-only,,nexsas-images-reconstructed.zip,User-supplied NextSaaS source; retain purchase/license documentation.,0
NSA-c46fbf59-751046,nexsas-images/neural-netwokrs/opai-avatar-img-13.png,neural-netwokrs,avatar,png,751046,c46fbf59,editorial-placeholder-only,,nexsas-images-reconstructed.zip,User-supplied NextSaaS source; retain purchase/license documentation.,0
NSA-84a965fb-700690,nexsas-images/neural-netwokrs/opai-avatar-img-15.png,neural-netwokrs,avatar,png,700690,84a965fb,editorial-placeholder-only,,nexsas-images-reconstructed.zip,User-supplied NextSaaS source; retain purchase/license documentation.,0
NSA-50050e96-938803,nexsas-images/neural-netwokrs/opai-avatar-img-16.png,neural-netwokrs,avatar,png,938803,50050e96,editorial-placeholder-only,,nexsas-images-reconstructed.zip,User-supplied NextSaaS source; retain purchase/license documentation.,0
NSA-72b8b166-550542,nexsas-images/neural-netwokrs/opai-avatar-img-17.png,neural-netwokrs,avatar,png,550542,72b8b166,editorial-placeholder-only,,nexsas-images-reconstructed.zip,User-supplied NextSaaS source; retain purchase/license documentation.,0
NSA-52fc3536-648275,nexsas-images/neural-netwokrs/opai-avatar-img-18.png,neural-netwokrs,avatar,png,648275,52fc3536,editorial-placeholder-only,,nexsas-images-reconstructed.zip,User-supplied NextSaaS source; retain purchase/license documentation.,0
NSA-33d76c0d-1025279,nexsas-images/neural-netwokrs/opai-avatar-img-242.jpg,neural-netwokrs,avatar,jpg,1025279,33d76c0d,editorial-placeholder-only,,nexsas-images-reconstructed.zip,User-supplied NextSaaS source; retain purchase/license documentation.,0
NSA-d383e1bd-342195,nexsas-images/neural-netwokrs/opai-avatar-img-243.jpg,neural-netwokrs,avatar,jpg,342195,d383e1bd,editorial-placeholder-only,,nexsas-images-reconstructed.zip,User-supplied NextSaaS source; retain purchase/license documentation.,0
NSA-e68ab4d7-348579,nexsas-images/neural-netwokrs/opai-avatar-img-274.png,neural-netwokrs,avatar,png,348579,e68ab4d7,editorial-placeholder-only,,nexsas-images-reconstructed.zip,User-supplied NextSaaS source; retain purchase/license documentation.,0
NSA-ba856419-432192,nexsas-images/neural-netwokrs/opai-avatar-img-275.png,neural-netwokrs,avatar,png,432192,ba856419,editorial-placeholder-only,,nexsas-images-reconstructed.zip,User-supplied NextSaaS source; retain purchase/license documentation.,0
NSA-e002c555-457929,nexsas-images/neural-netwokrs/opai-avatar-img-276.png,neural-netwokrs,avatar,png,457929,e002c555,editorial-placeholder-only,,nexsas-images-reconstructed.zip,User-supplied NextSaaS source; retain purchase/license documentation.,0
NSA-7120f5c4-484660,nexsas-images/neural-netwokrs/opai-avatar-img-278.png,neural-netwokrs,avatar,png,484660,7120f5c4,editorial-placeholder-only,,nexsas-images-reconstructed.zip,User-supplied NextSaaS source; retain purchase/license documentation.,0
NSA-110a5a53-568558,nexsas-images/neural-netwokrs/opai-avatar-img-279.png,neural-netwokrs,avatar,png,568558,110a5a53,editorial-placeholder-only,,nexsas-images-reconstructed.zip,User-supplied NextSaaS source; retain purchase/license documentation.,0
NSA-0ff49f44-778157,nexsas-images/neural-netwokrs/opai-avatar-img-280.png,neural-netwokrs,avatar,png,778157,0ff49f44,editorial-placeholder-only,,nexsas-images-reconstructed.zip,User-supplied NextSaaS source; retain purchase/license documentation.,0
NSA-4830432b-50998,nexsas-images/neural-netwokrs/opai-avatar-img-45.jpg,neural-netwokrs,avatar,jpg,50998,4830432b,editorial-placeholder-only,,nexsas-images-reconstructed.zip,User-supplied NextSaaS source; retain purchase/license documentation.,0
NSA-602eee8b-4058965,nexsas-images/neural-netwokrs/opai-img-1.png,neural-netwokrs,image,png,4058965,602eee8b,production-candidate,,nexsas-images-reconstructed.zip,User-supplied NextSaaS source; retain purchase/license documentation.,0
NSA-49267663-435396,nexsas-images/neural-netwokrs/opai-img-10.png,neural-netwokrs,image,png,435396,49267663,production-candidate,,nexsas-images-reconstructed.zip,User-supplied NextSaaS source; retain purchase/license documentation.,0
NSA-f9930001-1336831,nexsas-images/neural-netwokrs/opai-img-109.png,neural-netwokrs,image,png,1336831,f9930001,production-candidate,,nexsas-images-reconstructed.zip,User-supplied NextSaaS source; retain purchase/license documentation.,0
NSA-c690acc7-728984,nexsas-images/neural-netwokrs/opai-img-11.png,neural-netwokrs,image,png,728984,c690acc7,production-candidate,,nexsas-images-reconstructed.zip,User-supplied NextSaaS source; retain purchase/license documentation.,0
NSA-1a79b2ff-683560,nexsas-images/neural-netwokrs/opai-img-12.png,neural-netwokrs,image,png,683560,1a79b2ff,production-candidate,,nexsas-images-reconstructed.zip,User-supplied NextSaaS source; retain purchase/license documentation.,0
NSA-fa99be03-381314,nexsas-images/neural-netwokrs/opai-img-13.png,neural-netwokrs,image,png,381314,fa99be03,production-candidate,,nexsas-images-reconstructed.zip,User-supplied NextSaaS source; retain purchase/license documentation.,0
NSA-f9229c59-459768,nexsas-images/neural-netwokrs/opai-img-14.png,neural-netwokrs,image,png,459768,f9229c59,production-candidate,,nexsas-images-reconstructed.zip,User-supplied NextSaaS source; retain purchase/license documentation.,0
NSA-9576374f-205470,nexsas-images/neural-netwokrs/opai-img-15.png,neural-netwokrs,image,png,205470,9576374f,production-candidate,,nexsas-images-reconstructed.zip,User-supplied NextSaaS source; retain purchase/license documentation.,0
NSA-4ee80c24-1103072,nexsas-images/neural-netwokrs/opai-img-16.png,neural-netwokrs,image,png,1103072,4ee80c24,production-candidate,,nexsas-images-reconstructed.zip,User-supplied NextSaaS source; retain purchase/license documentation.,0
NSA-1b8b1194-1357479,nexsas-images/neural-netwokrs/opai-img-17.png,neural-netwokrs,image,png,1357479,1b8b1194,production-candidate,,nexsas-images-reconstructed.zip,User-supplied NextSaaS source; retain purchase/license documentation.,0
NSA-199bbce9-1049998,nexsas-images/neural-netwokrs/opai-img-18.png,neural-netwokrs,image,png,1049998,199bbce9,production-candidate,,nexsas-images-reconstructed.zip,User-supplied NextSaaS source; retain purchase/license documentation.,0
NSA-2dff53c8-1196707,nexsas-images/neural-netwokrs/opai-img-19.png,neural-netwokrs,image,png,1196707,2dff53c8,production-candidate,,nexsas-images-reconstructed.zip,User-supplied NextSaaS source; retain purchase/license documentation.,0
NSA-a0d6d228-417651,nexsas-images/neural-netwokrs/opai-img-20.png,neural-netwokrs,image,png,417651,a0d6d228,production-candidate,,nexsas-images-reconstructed.zip,User-supplied NextSaaS source; retain purchase/license documentation.,0
NSA-c204f1a6-1626721,nexsas-images/neural-netwokrs/opai-img-21.png,neural-netwokrs,image,png,1626721,c204f1a6,production-candidate,,nexsas-images-reconstructed.zip,User-supplied NextSaaS source; retain purchase/license documentation.,0
NSA-93bbeefa-850558,nexsas-images/neural-netwokrs/opai-img-22.png,neural-netwokrs,image,png,850558,93bbeefa,production-candidate,,nexsas-images-reconstructed.zip,User-supplied NextSaaS source; retain purchase/license documentation.,0
NSA-74c6568e-1399474,nexsas-images/neural-netwokrs/opai-img-23.jpg,neural-netwokrs,image,jpg,1399474,74c6568e,production-candidate,,nexsas-images-reconstructed.zip,User-supplied NextSaaS source; retain purchase/license documentation.,0
NSA-966d52e4-3332745,nexsas-images/neural-netwokrs/opai-img-24.png,neural-netwokrs,image,png,3332745,966d52e4,production-candidate,,nexsas-images-reconstructed.zip,User-supplied NextSaaS source; retain purchase/license documentation.,0
NSA-e657cb51-998501,nexsas-images/neural-netwokrs/opai-img-25.png,neural-netwokrs,image,png,998501,e657cb51,production-candidate,,nexsas-images-reconstructed.zip,User-supplied NextSaaS source; retain purchase/license documentation.,0
NSA-7abafd73-2347012,nexsas-images/neural-netwokrs/opai-img-26.png,neural-netwokrs,image,png,2347012,7abafd73,production-candidate,,nexsas-images-reconstructed.zip,User-supplied NextSaaS source; retain purchase/license documentation.,0
NSA-ab0498bb-1790262,nexsas-images/neural-netwokrs/opai-img-27.png,neural-netwokrs,image,png,1790262,ab0498bb,production-candidate,,nexsas-images-reconstructed.zip,User-supplied NextSaaS source; retain purchase/license documentation.,0
NSA-3584f636-1547176,nexsas-images/neural-netwokrs/opai-img-28.png,neural-netwokrs,image,png,1547176,3584f636,production-candidate,,nexsas-images-reconstructed.zip,User-supplied NextSaaS source; retain purchase/license documentation.,0
NSA-b017b05e-661099,nexsas-images/neural-netwokrs/opai-img-3.png,neural-netwokrs,image,png,661099,b017b05e,production-candidate,,nexsas-images-reconstructed.zip,User-supplied NextSaaS source; retain purchase/license documentation.,0
NSA-567435ca-1193111,nexsas-images/neural-netwokrs/opai-img-300.png,neural-netwokrs,image,png,1193111,567435ca,production-candidate,,nexsas-images-reconstructed.zip,User-supplied NextSaaS source; retain purchase/license documentation.,0
NSA-382f9d33-25807,nexsas-images/neural-netwokrs/opai-img-301.png,neural-netwokrs,image,png,25807,382f9d33,production-candidate,,nexsas-images-reconstructed.zip,User-supplied NextSaaS source; retain purchase/license documentation.,0
NSA-f2c29a66-679151,nexsas-images/neural-netwokrs/opai-img-302.png,neural-netwokrs,image,png,679151,f2c29a66,production-candidate,,nexsas-images-reconstructed.zip,User-supplied NextSaaS source; retain purchase/license documentation.,0
NSA-1e13aa83-606673,nexsas-images/neural-netwokrs/opai-img-303.png,neural-netwokrs,image,png,606673,1e13aa83,production-candidate,,nexsas-images-reconstructed.zip,User-supplied NextSaaS source; retain purchase/license documentation.,0
NSA-ffcf9088-747370,nexsas-images/neural-netwokrs/opai-img-304.png,neural-netwokrs,image,png,747370,ffcf9088,production-candidate,,nexsas-images-reconstructed.zip,User-supplied NextSaaS source; retain purchase/license documentation.,0
NSA-8c6b64f6-30441,nexsas-images/neural-netwokrs/opai-img-305.png,neural-netwokrs,image,png,30441,8c6b64f6,production-candidate,,nexsas-images-reconstructed.zip,User-supplied NextSaaS source; retain purchase/license documentation.,0
NSA-137f4bd2-9868,nexsas-images/neural-netwokrs/opai-img-306.png,neural-netwokrs,image,png,9868,137f4bd2,production-candidate,,nexsas-images-reconstructed.zip,User-supplied NextSaaS source; retain purchase/license documentation.,0
NSA-8f6a1b4c-24290,nexsas-images/neural-netwokrs/opai-img-307.png,neural-netwokrs,image,png,24290,8f6a1b4c,production-candidate,,nexsas-images-reconstructed.zip,User-supplied NextSaaS source; retain purchase/license documentation.,0
NSA-d0420d90-13140,nexsas-images/neural-netwokrs/opai-img-308.png,neural-netwokrs,image,png,13140,d0420d90,production-candidate,,nexsas-images-reconstructed.zip,User-supplied NextSaaS source; retain purchase/license documentation.,0
NSA-753ceb3f-19481,nexsas-images/neural-netwokrs/opai-img-309.png,neural-netwokrs,image,png,19481,753ceb3f,production-candidate,,nexsas-images-reconstructed.zip,User-supplied NextSaaS source; retain purchase/license documentation.,0
NSA-21ffdedf-112939,nexsas-images/neural-netwokrs/opai-img-310.png,neural-netwokrs,image,png,112939,21ffdedf,production-candidate,,nexsas-images-reconstructed.zip,User-supplied NextSaaS source; retain purchase/license documentation.,0
NSA-60a3604a-8040,nexsas-images/neural-netwokrs/opai-img-311.png,neural-netwokrs,image,png,8040,60a3604a,production-candidate,,nexsas-images-reconstructed.zip,User-supplied NextSaaS source; retain purchase/license documentation.,0
NSA-978f76dd-40762,nexsas-images/neural-netwokrs/opai-img-312.png,neural-netwokrs,image,png,40762,978f76dd,production-candidate,,nexsas-images-reconstructed.zip,User-supplied NextSaaS source; retain purchase/license documentation.,0
NSA-e0709e76-726616,nexsas-images/neural-netwokrs/opai-img-313.png,neural-netwokrs,image,png,726616,e0709e76,production-candidate,,nexsas-images-reconstructed.zip,User-supplied NextSaaS source; retain purchase/license documentation.,0
NSA-fdce78a8-411453,nexsas-images/neural-netwokrs/opai-img-314.png,neural-netwokrs,image,png,411453,fdce78a8,production-candidate,,nexsas-images-reconstructed.zip,User-supplied NextSaaS source; retain purchase/license documentation.,0
NSA-91ad740d-566532,nexsas-images/neural-netwokrs/opai-img-315.png,neural-netwokrs,image,png,566532,91ad740d,production-candidate,,nexsas-images-reconstructed.zip,User-supplied NextSaaS source; retain purchase/license documentation.,0
NSA-fbac8109-252151,nexsas-images/neural-netwokrs/opai-img-35.png,neural-netwokrs,image,png,252151,fbac8109,production-candidate,,nexsas-images-reconstructed.zip,User-supplied NextSaaS source; retain purchase/license documentation.,0
NSA-6b24b4f8-113653,nexsas-images/neural-netwokrs/opai-img-36.png,neural-netwokrs,image,png,113653,6b24b4f8,production-candidate,,nexsas-images-reconstructed.zip,User-supplied NextSaaS source; retain purchase/license documentation.,0
NSA-d7828cde-115551,nexsas-images/neural-netwokrs/opai-img-37.png,neural-netwokrs,image,png,115551,d7828cde,production-candidate,,nexsas-images-reconstructed.zip,User-supplied NextSaaS source; retain purchase/license documentation.,0
NSA-befd5764-118615,nexsas-images/neural-netwokrs/opai-img-38.png,neural-netwokrs,image,png,118615,befd5764,production-candidate,,nexsas-images-reconstructed.zip,User-supplied NextSaaS source; retain purchase/license documentation.,0
NSA-26c44150-37596,nexsas-images/neural-netwokrs/opai-img-39.png,neural-netwokrs,image,png,37596,26c44150,production-candidate,,nexsas-images-reconstructed.zip,User-supplied NextSaaS source; retain purchase/license documentation.,0
NSA-93b852ff-578130,nexsas-images/neural-netwokrs/opai-img-4.png,neural-netwokrs,image,png,578130,93b852ff,production-candidate,,nexsas-images-reconstructed.zip,User-supplied NextSaaS source; retain purchase/license documentation.,0
NSA-3028bcd2-43999,nexsas-images/neural-netwokrs/opai-img-40.png,neural-netwokrs,image,png,43999,3028bcd2,production-candidate,,nexsas-images-reconstructed.zip,User-supplied NextSaaS source; retain purchase/license documentation.,0
NSA-60181cea-170482,nexsas-images/neural-netwokrs/opai-img-41.png,neural-netwokrs,image,png,170482,60181cea,production-candidate,,nexsas-images-reconstructed.zip,User-supplied NextSaaS source; retain purchase/license documentation.,0
NSA-2bdc14df-251808,nexsas-images/neural-netwokrs/opai-img-42.png,neural-netwokrs,image,png,251808,2bdc14df,production-candidate,,nexsas-images-reconstructed.zip,User-supplied NextSaaS source; retain purchase/license documentation.,0
NSA-ddcc7372-181976,nexsas-images/neural-netwokrs/opai-img-44.jpg,neural-netwokrs,image,jpg,181976,ddcc7372,production-candidate,,nexsas-images-reconstructed.zip,User-supplied NextSaaS source; retain purchase/license documentation.,0
NSA-04dc3064-123627,nexsas-images/neural-netwokrs/opai-img-46.jpg,neural-netwokrs,image,jpg,123627,04dc3064,production-candidate,,nexsas-images-reconstructed.zip,User-supplied NextSaaS source; retain purchase/license documentation.,0
NSA-818f6da8-753345,nexsas-images/neural-netwokrs/opai-img-5.png,neural-netwokrs,image,png,753345,818f6da8,production-candidate,,nexsas-images-reconstructed.zip,User-supplied NextSaaS source; retain purchase/license documentation.,0
NSA-8f8bfb2b-840038,nexsas-images/neural-netwokrs/opai-img-6.png,neural-netwokrs,image,png,840038,8f8bfb2b,production-candidate,,nexsas-images-reconstructed.zip,User-supplied NextSaaS source; retain purchase/license documentation.,0
NSA-71bd726d-1890992,nexsas-images/neural-netwokrs/opai-img-7.png,neural-netwokrs,image,png,1890992,71bd726d,production-candidate,,nexsas-images-reconstructed.zip,User-supplied NextSaaS source; retain purchase/license documentation.,0
NSA-1eaae174-1081646,nexsas-images/neural-netwokrs/opai-img-8.png,neural-netwokrs,image,png,1081646,1eaae174,production-candidate,,nexsas-images-reconstructed.zip,User-supplied NextSaaS source; retain purchase/license documentation.,0
NSA-d03414e6-1059345,nexsas-images/neural-netwokrs/opai-img-9.png,neural-netwokrs,image,png,1059345,d03414e6,production-candidate,,nexsas-images-reconstructed.zip,User-supplied NextSaaS source; retain purchase/license documentation.,0
NSA-89605d90-287,nexsas-images/nexsas-1-to-37/icons/arrow-up-right-light.svg,nexsas-1-to-37,icon,svg,287,89605d90,production-candidate,,nexsas-images-reconstructed.zip,User-supplied NextSaaS source; retain purchase/license documentation.,0
NSA-4c843c03-394,nexsas-images/nexsas-1-to-37/icons/arrow-up-right.svg,nexsas-1-to-37,icon,svg,394,4c843c03,production-candidate,,nexsas-images-reconstructed.zip,User-supplied NextSaaS source; retain purchase/license documentation.,0
NSA-bba900ad-321,nexsas-images/nexsas-1-to-37/icons/bold-arrow-up-right.svg,nexsas-1-to-37,icon,svg,321,bba900ad,production-candidate,,nexsas-images-reconstructed.zip,User-supplied NextSaaS source; retain purchase/license documentation.,0
NSA-8968c8ea-548,nexsas-images/nexsas-1-to-37/icons/checkmark-dark.svg,nexsas-1-to-37,icon,svg,548,8968c8ea,production-candidate,,nexsas-images-reconstructed.zip,User-supplied NextSaaS source; retain purchase/license documentation.,0
NSA-3ce8bf08-4651,nexsas-images/nexsas-1-to-37/icons/client-logo-1-dark.svg,nexsas-1-to-37,client-logo,svg,4651,3ce8bf08,replace-before-launch,,nexsas-images-reconstructed.zip,User-supplied NextSaaS source; retain purchase/license documentation.,0
NSA-74f2f83f-4651,nexsas-images/nexsas-1-to-37/icons/client-logo-1-white.svg,nexsas-1-to-37,client-logo,svg,4651,74f2f83f,replace-before-launch,,nexsas-images-reconstructed.zip,User-supplied NextSaaS source; retain purchase/license documentation.,0
NSA-e70b66a4-4269,nexsas-images/nexsas-1-to-37/icons/client-logo-2-dark.svg,nexsas-1-to-37,client-logo,svg,4269,e70b66a4,replace-before-launch,,nexsas-images-reconstructed.zip,User-supplied NextSaaS source; retain purchase/license documentation.,0
NSA-2b72a3e1-4269,nexsas-images/nexsas-1-to-37/icons/client-logo-2-white.svg,nexsas-1-to-37,client-logo,svg,4269,2b72a3e1,replace-before-launch,,nexsas-images-reconstructed.zip,User-supplied NextSaaS source; retain purchase/license documentation.,0
NSA-234833cb-6246,nexsas-images/nexsas-1-to-37/icons/client-logo-3-dark.svg,nexsas-1-to-37,client-logo,svg,6246,234833cb,replace-before-launch,,nexsas-images-reconstructed.zip,User-supplied NextSaaS source; retain purchase/license documentation.,0
NSA-fdcce00b-6246,nexsas-images/nexsas-1-to-37/icons/client-logo-3-white.svg,nexsas-1-to-37,client-logo,svg,6246,fdcce00b,replace-before-launch,,nexsas-images-reconstructed.zip,User-supplied NextSaaS source; retain purchase/license documentation.,0
NSA-393553b1-3892,nexsas-images/nexsas-1-to-37/icons/client-logo-4-dark.svg,nexsas-1-to-37,client-logo,svg,3892,393553b1,replace-before-launch,,nexsas-images-reconstructed.zip,User-supplied NextSaaS source; retain purchase/license documentation.,0
NSA-4e84d288-3892,nexsas-images/nexsas-1-to-37/icons/client-logo-4-white.svg,nexsas-1-to-37,client-logo,svg,3892,4e84d288,replace-before-launch,,nexsas-images-reconstructed.zip,User-supplied NextSaaS source; retain purchase/license documentation.,0
NSA-378fdb28-3772,nexsas-images/nexsas-1-to-37/icons/client-logo-5-dark.svg,nexsas-1-to-37,client-logo,svg,3772,378fdb28,replace-before-launch,,nexsas-images-reconstructed.zip,User-supplied NextSaaS source; retain purchase/license documentation.,0
NSA-2c920e84-3772,nexsas-images/nexsas-1-to-37/icons/client-logo-5-white.svg,nexsas-1-to-37,client-logo,svg,3772,2c920e84,replace-before-launch,,nexsas-images-reconstructed.zip,User-supplied NextSaaS source; retain purchase/license documentation.,0
NSA-21702ff1-1144,nexsas-images/nexsas-1-to-37/icons/google-playstore.svg,nexsas-1-to-37,icon,svg,1144,21702ff1,production-candidate,,nexsas-images-reconstructed.zip,User-supplied NextSaaS source; retain purchase/license documentation.,0
NSA-ae0f94d9-602,nexsas-images/nexsas-1-to-37/icons/location-white.svg,nexsas-1-to-37,icon,svg,602,ae0f94d9,production-candidate,,nexsas-images-reconstructed.zip,User-supplied NextSaaS source; retain purchase/license documentation.,0
NSA-b9b3ff74-657,nexsas-images/nexsas-1-to-37/icons/location.svg,nexsas-1-to-37,icon,svg,657,b9b3ff74,production-candidate,,nexsas-images-reconstructed.zip,User-supplied NextSaaS source; retain purchase/license documentation.,0
NSA-816dc708-407,nexsas-images/nexsas-1-to-37/icons/mail-white.svg,nexsas-1-to-37,icon,svg,407,816dc708,production-candidate,,nexsas-images-reconstructed.zip,User-supplied NextSaaS source; retain purchase/license documentation.,0
NSA-668185b0-462,nexsas-images/nexsas-1-to-37/icons/mail.svg,nexsas-1-to-37,icon,svg,462,668185b0,production-candidate,,nexsas-images-reconstructed.zip,User-supplied NextSaaS source; retain purchase/license documentation.,0
NSA-70e1854b-1310,nexsas-images/nexsas-1-to-37/icons/phone-white.svg,nexsas-1-to-37,icon,svg,1310,70e1854b,production-candidate,,nexsas-images-reconstructed.zip,User-supplied NextSaaS source; retain purchase/license documentation.,0
NSA-b0bf9df1-1350,nexsas-images/nexsas-1-to-37/icons/phone.svg,nexsas-1-to-37,icon,svg,1350,b0bf9df1,production-candidate,,nexsas-images-reconstructed.zip,User-supplied NextSaaS source; retain purchase/license documentation.,0
NSA-1832b89b-1447,nexsas-images/nexsas-1-to-37/icons/project.svg,nexsas-1-to-37,icon,svg,1447,1832b89b,production-candidate,,nexsas-images-reconstructed.zip,User-supplied NextSaaS source; retain purchase/license documentation.,0
NSA-4ac99fd0-2002,nexsas-images/nexsas-1-to-37/icons/reddit.svg,nexsas-1-to-37,icon,svg,2002,4ac99fd0,production-candidate,,nexsas-images-reconstructed.zip,User-supplied NextSaaS source; retain purchase/license documentation.,0
NSA-bf93ec40-4229,nexsas-images/nexsas-1-to-37/icons/spanchat-v2.svg,nexsas-1-to-37,icon,svg,4229,bf93ec40,production-candidate,,nexsas-images-reconstructed.zip,User-supplied NextSaaS source; retain purchase/license documentation.,0
NSA-16c4b1c6-1106,nexsas-images/nexsas-1-to-37/icons/sqare-matrix-right-arrow.svg,nexsas-1-to-37,icon,svg,1106,16c4b1c6,production-candidate,,nexsas-images-reconstructed.zip,User-supplied NextSaaS source; retain purchase/license documentation.,0
NSA-4f9eb939-2499,nexsas-images/nexsas-1-to-37/icons/svelte.svg,nexsas-1-to-37,icon,svg,2499,4f9eb939,production-candidate,,nexsas-images-reconstructed.zip,User-supplied NextSaaS source; retain purchase/license documentation.,0
NSA-2fd31d80-1378,nexsas-images/nexsas-1-to-37/icons/user-v2.svg,nexsas-1-to-37,icon,svg,1378,2fd31d80,production-candidate,,nexsas-images-reconstructed.zip,User-supplied NextSaaS source; retain purchase/license documentation.,0
NSA-f06fef9e-1376,nexsas-images/nexsas-1-to-37/icons/user.svg,nexsas-1-to-37,icon,svg,1376,f06fef9e,production-candidate,,nexsas-images-reconstructed.zip,User-supplied NextSaaS source; retain purchase/license documentation.,0
NSA-95f58854-633,nexsas-images/nexsas-1-to-37/icons/vector-dark.svg,nexsas-1-to-37,icon,svg,633,95f58854,production-candidate,,nexsas-images-reconstructed.zip,User-supplied NextSaaS source; retain purchase/license documentation.,0
NSA-2e6d7003-625,nexsas-images/nexsas-1-to-37/icons/vector.svg,nexsas-1-to-37,icon,svg,625,2e6d7003,production-candidate,,nexsas-images-reconstructed.zip,User-supplied NextSaaS source; retain purchase/license documentation.,0
NSA-73cc3887-989,nexsas-images/nexsas-1-to-37/icons/weixin-favorites.svg,nexsas-1-to-37,icon,svg,989,73cc3887,production-candidate,,nexsas-images-reconstructed.zip,User-supplied NextSaaS source; retain purchase/license documentation.,0
NSA-9a800f87-495,nexsas-images/nexsas-1-to-37/icons/x.svg,nexsas-1-to-37,icon,svg,495,9a800f87,production-candidate,,nexsas-images-reconstructed.zip,User-supplied NextSaaS source; retain purchase/license documentation.,0
NSA-9d0956f1-29505,nexsas-images/nexsas-1-to-37/ns-img-1.svg,nexsas-1-to-37,vector,svg,29505,9d0956f1,production-candidate,,nexsas-images-reconstructed.zip,User-supplied NextSaaS source; retain purchase/license documentation.,0
NSA-d20a74f9-19502,nexsas-images/nexsas-1-to-37/ns-img-106.png,nexsas-1-to-37,image,png,19502,d20a74f9,production-candidate,,nexsas-images-reconstructed.zip,User-supplied NextSaaS source; retain purchase/license documentation.,0
NSA-9f181263-33190,nexsas-images/nexsas-1-to-37/ns-img-107.png,nexsas-1-to-37,image,png,33190,9f181263,production-candidate,,nexsas-images-reconstructed.zip,User-supplied NextSaaS source; retain purchase/license documentation.,0
NSA-bac81647-16935,nexsas-images/nexsas-1-to-37/ns-img-108.png,nexsas-1-to-37,image,png,16935,bac81647,production-candidate,,nexsas-images-reconstructed.zip,User-supplied NextSaaS source; retain purchase/license documentation.,0
NSA-dfba8da9-211846,nexsas-images/nexsas-1-to-37/ns-img-109.svg,nexsas-1-to-37,vector,svg,211846,dfba8da9,production-candidate,,nexsas-images-reconstructed.zip,User-supplied NextSaaS source; retain purchase/license documentation.,0
NSA-225b6b55-1298742,nexsas-images/nexsas-1-to-37/ns-img-110.png,nexsas-1-to-37,image,png,1298742,225b6b55,production-candidate,,nexsas-images-reconstructed.zip,User-supplied NextSaaS source; retain purchase/license documentation.,0
NSA-81e99be7-714323,nexsas-images/nexsas-1-to-37/ns-img-111.png,nexsas-1-to-37,image,png,714323,81e99be7,production-candidate,,nexsas-images-reconstructed.zip,User-supplied NextSaaS source; retain purchase/license documentation.,0
NSA-dbc3335d-34610,nexsas-images/nexsas-1-to-37/ns-img-112.png,nexsas-1-to-37,image,png,34610,dbc3335d,production-candidate,,nexsas-images-reconstructed.zip,User-supplied NextSaaS source; retain purchase/license documentation.,0
NSA-6bfe3037-22019,nexsas-images/nexsas-1-to-37/ns-img-113.png,nexsas-1-to-37,image,png,22019,6bfe3037,production-candidate,,nexsas-images-reconstructed.zip,User-supplied NextSaaS source; retain purchase/license documentation.,0
NSA-80b587c4-29229,nexsas-images/nexsas-1-to-37/ns-img-114.png,nexsas-1-to-37,image,png,29229,80b587c4,production-candidate,,nexsas-images-reconstructed.zip,User-supplied NextSaaS source; retain purchase/license documentation.,0
NSA-5a2184b2-14522,nexsas-images/nexsas-1-to-37/ns-img-115.png,nexsas-1-to-37,image,png,14522,5a2184b2,production-candidate,,nexsas-images-reconstructed.zip,User-supplied NextSaaS source; retain purchase/license documentation.,0
NSA-7c9c0f10-27739,nexsas-images/nexsas-1-to-37/ns-img-116.png,nexsas-1-to-37,image,png,27739,7c9c0f10,production-candidate,,nexsas-images-reconstructed.zip,User-supplied NextSaaS source; retain purchase/license documentation.,0
NSA-5c614d2b-1066476,nexsas-images/nexsas-1-to-37/ns-img-117.png,nexsas-1-to-37,image,png,1066476,5c614d2b,production-candidate,,nexsas-images-reconstructed.zip,User-supplied NextSaaS source; retain purchase/license documentation.,0
NSA-907b76ba-50062,nexsas-images/nexsas-1-to-37/ns-img-118.png,nexsas-1-to-37,image,png,50062,907b76ba,production-candidate,,nexsas-images-reconstructed.zip,User-supplied NextSaaS source; retain purchase/license documentation.,0
NSA-c356429d-1822384,nexsas-images/nexsas-1-to-37/ns-img-119.png,nexsas-1-to-37,image,png,1822384,c356429d,production-candidate,,nexsas-images-reconstructed.zip,User-supplied NextSaaS source; retain purchase/license documentation.,0
NSA-f843b34d-21699,nexsas-images/nexsas-1-to-37/ns-img-120.png,nexsas-1-to-37,image,png,21699,f843b34d,production-candidate,,nexsas-images-reconstructed.zip,User-supplied NextSaaS source; retain purchase/license documentation.,0
NSA-206ae34b-172057,nexsas-images/nexsas-1-to-37/ns-img-121.png,nexsas-1-to-37,image,png,172057,206ae34b,production-candidate,,nexsas-images-reconstructed.zip,User-supplied NextSaaS source; retain purchase/license documentation.,0
NSA-a206f526-152479,nexsas-images/nexsas-1-to-37/ns-img-122.png,nexsas-1-to-37,image,png,152479,a206f526,production-candidate,,nexsas-images-reconstructed.zip,User-supplied NextSaaS source; retain purchase/license documentation.,0
NSA-81b60a64-395094,nexsas-images/nexsas-1-to-37/ns-img-123.png,nexsas-1-to-37,image,png,395094,81b60a64,production-candidate,,nexsas-images-reconstructed.zip,User-supplied NextSaaS source; retain purchase/license documentation.,0
NSA-b71bd790-14944,nexsas-images/nexsas-1-to-37/ns-img-125.png,nexsas-1-to-37,image,png,14944,b71bd790,production-candidate,,nexsas-images-reconstructed.zip,User-supplied NextSaaS source; retain purchase/license documentation.,0
NSA-3460255e-25113,nexsas-images/nexsas-1-to-37/ns-img-126.png,nexsas-1-to-37,image,png,25113,3460255e,production-candidate,,nexsas-images-reconstructed.zip,User-supplied NextSaaS source; retain purchase/license documentation.,0
NSA-7c91a163-10124,nexsas-images/nexsas-1-to-37/ns-img-127.png,nexsas-1-to-37,image,png,10124,7c91a163,production-candidate,,nexsas-images-reconstructed.zip,User-supplied NextSaaS source; retain purchase/license documentation.,0
NSA-497df381-1855529,nexsas-images/nexsas-1-to-37/ns-img-128.svg,nexsas-1-to-37,vector,svg,1855529,497df381,production-candidate,,nexsas-images-reconstructed.zip,User-supplied NextSaaS source; retain purchase/license documentation.,0
NSA-4a53fd86-6499,nexsas-images/nexsas-1-to-37/ns-img-129.png,nexsas-1-to-37,image,png,6499,4a53fd86,production-candidate,,nexsas-images-reconstructed.zip,User-supplied NextSaaS source; retain purchase/license documentation.,0
NSA-985e6cd1-62999,nexsas-images/nexsas-1-to-37/ns-img-130.png,nexsas-1-to-37,image,png,62999,985e6cd1,production-candidate,,nexsas-images-reconstructed.zip,User-supplied NextSaaS source; retain purchase/license documentation.,0
NSA-97177a01-200181,nexsas-images/nexsas-1-to-37/ns-img-131.png,nexsas-1-to-37,image,png,200181,97177a01,production-candidate,,nexsas-images-reconstructed.zip,User-supplied NextSaaS source; retain purchase/license documentation.,1
NSA-88057663-373746,nexsas-images/nexsas-1-to-37/ns-img-132.png,nexsas-1-to-37,image,png,373746,88057663,production-candidate,,nexsas-images-reconstructed.zip,User-supplied NextSaaS source; retain purchase/license documentation.,0
NSA-e6dae745-154056,nexsas-images/nexsas-1-to-37/ns-img-133.jpg,nexsas-1-to-37,image,jpg,154056,e6dae745,production-candidate,,nexsas-images-reconstructed.zip,User-supplied NextSaaS source; retain purchase/license documentation.,0
NSA-8b69e17e-59067,nexsas-images/nexsas-1-to-37/ns-img-134.jpg,nexsas-1-to-37,image,jpg,59067,8b69e17e,production-candidate,,nexsas-images-reconstructed.zip,User-supplied NextSaaS source; retain purchase/license documentation.,0
NSA-9d2cd603-52956,nexsas-images/nexsas-1-to-37/ns-img-135.jpg,nexsas-1-to-37,image,jpg,52956,9d2cd603,production-candidate,,nexsas-images-reconstructed.zip,User-supplied NextSaaS source; retain purchase/license documentation.,0
NSA-a1e52ff7-112796,nexsas-images/nexsas-1-to-37/ns-img-136.jpg,nexsas-1-to-37,image,jpg,112796,a1e52ff7,production-candidate,,nexsas-images-reconstructed.zip,User-supplied NextSaaS source; retain purchase/license documentation.,0
NSA-439aed55-43266,nexsas-images/nexsas-1-to-37/ns-img-137.jpg,nexsas-1-to-37,image,jpg,43266,439aed55,production-candidate,,nexsas-images-reconstructed.zip,User-supplied NextSaaS source; retain purchase/license documentation.,0
NSA-0448840b-50979,nexsas-images/nexsas-1-to-37/ns-img-138.jpg,nexsas-1-to-37,image,jpg,50979,0448840b,production-candidate,,nexsas-images-reconstructed.zip,User-supplied NextSaaS source; retain purchase/license documentation.,0
NSA-38495dfc-84403,nexsas-images/nexsas-1-to-37/ns-img-139.jpg,nexsas-1-to-37,image,jpg,84403,38495dfc,production-candidate,,nexsas-images-reconstructed.zip,User-supplied NextSaaS source; retain purchase/license documentation.,0
NSA-2613fcc6-302500,nexsas-images/nexsas-1-to-37/ns-img-140.jpg,nexsas-1-to-37,image,jpg,302500,2613fcc6,production-candidate,,nexsas-images-reconstructed.zip,User-supplied NextSaaS source; retain purchase/license documentation.,0
NSA-99e4681f-177114,nexsas-images/nexsas-1-to-37/ns-img-141.jpg,nexsas-1-to-37,image,jpg,177114,99e4681f,production-candidate,,nexsas-images-reconstructed.zip,User-supplied NextSaaS source; retain purchase/license documentation.,0
NSA-680723a8-155282,nexsas-images/nexsas-1-to-37/ns-img-142.jpg,nexsas-1-to-37,image,jpg,155282,680723a8,production-candidate,,nexsas-images-reconstructed.zip,User-supplied NextSaaS source; retain purchase/license documentation.,0
NSA-dd20965a-506952,nexsas-images/nexsas-1-to-37/ns-img-143.jpg,nexsas-1-to-37,image,jpg,506952,dd20965a,production-candidate,,nexsas-images-reconstructed.zip,User-supplied NextSaaS source; retain purchase/license documentation.,0
NSA-7658a524-20730,nexsas-images/nexsas-1-to-37/ns-img-144.png,nexsas-1-to-37,image,png,20730,7658a524,production-candidate,,nexsas-images-reconstructed.zip,User-supplied NextSaaS source; retain purchase/license documentation.,0
NSA-91c0e5f0-341579,nexsas-images/nexsas-1-to-37/ns-img-146.png,nexsas-1-to-37,image,png,341579,91c0e5f0,production-candidate,,nexsas-images-reconstructed.zip,User-supplied NextSaaS source; retain purchase/license documentation.,0
NSA-7bcb777a-114549,nexsas-images/nexsas-1-to-37/ns-img-147.png,nexsas-1-to-37,image,png,114549,7bcb777a,production-candidate,,nexsas-images-reconstructed.zip,User-supplied NextSaaS source; retain purchase/license documentation.,0
NSA-a3a86868-20701,nexsas-images/nexsas-1-to-37/ns-img-148.png,nexsas-1-to-37,image,png,20701,a3a86868,production-candidate,,nexsas-images-reconstructed.zip,User-supplied NextSaaS source; retain purchase/license documentation.,0
NSA-b0545557-1236,nexsas-images/nexsas-1-to-37/ns-img-149.png,nexsas-1-to-37,image,png,1236,b0545557,production-candidate,,nexsas-images-reconstructed.zip,User-supplied NextSaaS source; retain purchase/license documentation.,0
NSA-c09e455a-16378,nexsas-images/nexsas-1-to-37/ns-img-15.png,nexsas-1-to-37,image,png,16378,c09e455a,production-candidate,,nexsas-images-reconstructed.zip,User-supplied NextSaaS source; retain purchase/license documentation.,0
NSA-c5d35504-66727,nexsas-images/nexsas-1-to-37/ns-img-150.png,nexsas-1-to-37,image,png,66727,c5d35504,production-candidate,,nexsas-images-reconstructed.zip,User-supplied NextSaaS source; retain purchase/license documentation.,0
NSA-185e4dfe-314836,nexsas-images/nexsas-1-to-37/ns-img-151.png,nexsas-1-to-37,image,png,314836,185e4dfe,production-candidate,,nexsas-images-reconstructed.zip,User-supplied NextSaaS source; retain purchase/license documentation.,0
NSA-ccc4bc17-17788,nexsas-images/nexsas-1-to-37/ns-img-152.png,nexsas-1-to-37,image,png,17788,ccc4bc17,production-candidate,,nexsas-images-reconstructed.zip,User-supplied NextSaaS source; retain purchase/license documentation.,0
NSA-7c91979b-15687,nexsas-images/nexsas-1-to-37/ns-img-153.png,nexsas-1-to-37,image,png,15687,7c91979b,production-candidate,,nexsas-images-reconstructed.zip,User-supplied NextSaaS source; retain purchase/license documentation.,0
NSA-27f662dd-26331,nexsas-images/nexsas-1-to-37/ns-img-154.png,nexsas-1-to-37,image,png,26331,27f662dd,production-candidate,,nexsas-images-reconstructed.zip,User-supplied NextSaaS source; retain purchase/license documentation.,0
NSA-25554e33-19828,nexsas-images/nexsas-1-to-37/ns-img-155.png,nexsas-1-to-37,image,png,19828,25554e33,production-candidate,,nexsas-images-reconstructed.zip,User-supplied NextSaaS source; retain purchase/license documentation.,0
NSA-462b7d4d-4142,nexsas-images/nexsas-1-to-37/ns-img-156.svg,nexsas-1-to-37,vector,svg,4142,462b7d4d,production-candidate,,nexsas-images-reconstructed.zip,User-supplied NextSaaS source; retain purchase/license documentation.,0
NSA-3296b1a2-12412,nexsas-images/nexsas-1-to-37/ns-img-157.png,nexsas-1-to-37,image,png,12412,3296b1a2,production-candidate,,nexsas-images-reconstructed.zip,User-supplied NextSaaS source; retain purchase/license documentation.,0
NSA-150940a1-463763,nexsas-images/nexsas-1-to-37/ns-img-158.png,nexsas-1-to-37,image,png,463763,150940a1,production-candidate,,nexsas-images-reconstructed.zip,User-supplied NextSaaS source; retain purchase/license documentation.,0
NSA-b9aaefff-43846,nexsas-images/nexsas-1-to-37/ns-img-159.png,nexsas-1-to-37,image,png,43846,b9aaefff,production-candidate,,nexsas-images-reconstructed.zip,User-supplied NextSaaS source; retain purchase/license documentation.,0
NSA-9857f4b0-18298,nexsas-images/nexsas-1-to-37/ns-img-16.png,nexsas-1-to-37,image,png,18298,9857f4b0,production-candidate,,nexsas-images-reconstructed.zip,User-supplied NextSaaS source; retain purchase/license documentation.,0
NSA-9c3cf73b-388799,nexsas-images/nexsas-1-to-37/ns-img-160.png,nexsas-1-to-37,image,png,388799,9c3cf73b,production-candidate,,nexsas-images-reconstructed.zip,User-supplied NextSaaS source; retain purchase/license documentation.,0
NSA-7136dc38-74970,nexsas-images/nexsas-1-to-37/ns-img-161.svg,nexsas-1-to-37,vector,svg,74970,7136dc38,production-candidate,,nexsas-images-reconstructed.zip,User-supplied NextSaaS source; retain purchase/license documentation.,0
NSA-3805cf0d-1001975,nexsas-images/nexsas-1-to-37/ns-img-162.png,nexsas-1-to-37,image,png,1001975,3805cf0d,production-candidate,,nexsas-images-reconstructed.zip,User-supplied NextSaaS source; retain purchase/license documentation.,0
NSA-de33fe18-689378,nexsas-images/nexsas-1-to-37/ns-img-163.png,nexsas-1-to-37,image,png,689378,de33fe18,production-candidate,,nexsas-images-reconstructed.zip,User-supplied NextSaaS source; retain purchase/license documentation.,0
NSA-3516e8ae-210629,nexsas-images/nexsas-1-to-37/ns-img-164.png,nexsas-1-to-37,image,png,210629,3516e8ae,production-candidate,,nexsas-images-reconstructed.zip,User-supplied NextSaaS source; retain purchase/license documentation.,0
NSA-4bed218a-170088,nexsas-images/nexsas-1-to-37/ns-img-165.png,nexsas-1-to-37,image,png,170088,4bed218a,production-candidate,,nexsas-images-reconstructed.zip,User-supplied NextSaaS source; retain purchase/license documentation.,0
NSA-d31fca05-25174,nexsas-images/nexsas-1-to-37/ns-img-166.png,nexsas-1-to-37,image,png,25174,d31fca05,production-candidate,,nexsas-images-reconstructed.zip,User-supplied NextSaaS source; retain purchase/license documentation.,0
NSA-dc6e676a-147952,nexsas-images/nexsas-1-to-37/ns-img-167.png,nexsas-1-to-37,image,png,147952,dc6e676a,production-candidate,,nexsas-images-reconstructed.zip,User-supplied NextSaaS source; retain purchase/license documentation.,0
NSA-7f4f809c-9057,nexsas-images/nexsas-1-to-37/ns-img-168.png,nexsas-1-to-37,image,png,9057,7f4f809c,production-candidate,,nexsas-images-reconstructed.zip,User-supplied NextSaaS source; retain purchase/license documentation.,0
NSA-99c4b2da-16870,nexsas-images/nexsas-1-to-37/ns-img-17.png,nexsas-1-to-37,image,png,16870,99c4b2da,production-candidate,,nexsas-images-reconstructed.zip,User-supplied NextSaaS source; retain purchase/license documentation.,0
NSA-6ace7d17-198011,nexsas-images/nexsas-1-to-37/ns-img-170.png,nexsas-1-to-37,image,png,198011,6ace7d17,production-candidate,,nexsas-images-reconstructed.zip,User-supplied NextSaaS source; retain purchase/license documentation.,0
NSA-69be2358-18252,nexsas-images/nexsas-1-to-37/ns-img-18.png,nexsas-1-to-37,image,png,18252,69be2358,production-candidate,,nexsas-images-reconstructed.zip,User-supplied NextSaaS source; retain purchase/license documentation.,0
NSA-2ceed6b3-67842,nexsas-images/nexsas-1-to-37/ns-img-187.svg,nexsas-1-to-37,vector,svg,67842,2ceed6b3,production-candidate,,nexsas-images-reconstructed.zip,User-supplied NextSaaS source; retain purchase/license documentation.,0
NSA-f2702f7e-60050,nexsas-images/nexsas-1-to-37/ns-img-188.png,nexsas-1-to-37,image,png,60050,f2702f7e,production-candidate,,nexsas-images-reconstructed.zip,User-supplied NextSaaS source; retain purchase/license documentation.,0
NSA-b3407331-36715,nexsas-images/nexsas-1-to-37/ns-img-189.svg,nexsas-1-to-37,vector,svg,36715,b3407331,production-candidate,,nexsas-images-reconstructed.zip,User-supplied NextSaaS source; retain purchase/license documentation.,0
NSA-a4bb4bda-16730,nexsas-images/nexsas-1-to-37/ns-img-19.png,nexsas-1-to-37,image,png,16730,a4bb4bda,production-candidate,,nexsas-images-reconstructed.zip,User-supplied NextSaaS source; retain purchase/license documentation.,0
NSA-e66b05c2-6141,nexsas-images/nexsas-1-to-37/ns-img-190.png,nexsas-1-to-37,image,png,6141,e66b05c2,production-candidate,,nexsas-images-reconstructed.zip,User-supplied NextSaaS source; retain purchase/license documentation.,0
NSA-73e37c48-38336,nexsas-images/nexsas-1-to-37/ns-img-191.svg,nexsas-1-to-37,vector,svg,38336,73e37c48,production-candidate,,nexsas-images-reconstructed.zip,User-supplied NextSaaS source; retain purchase/license documentation.,0
NSA-d3b5c6e9-368788,nexsas-images/nexsas-1-to-37/ns-img-192.png,nexsas-1-to-37,image,png,368788,d3b5c6e9,production-candidate,,nexsas-images-reconstructed.zip,User-supplied NextSaaS source; retain purchase/license documentation.,0
NSA-8c200960-28063,nexsas-images/nexsas-1-to-37/ns-img-193.png,nexsas-1-to-37,image,png,28063,8c200960,production-candidate,,nexsas-images-reconstructed.zip,User-supplied NextSaaS source; retain purchase/license documentation.,0
NSA-b1b37898-43456,nexsas-images/nexsas-1-to-37/ns-img-194.png,nexsas-1-to-37,image,png,43456,b1b37898,production-candidate,,nexsas-images-reconstructed.zip,User-supplied NextSaaS source; retain purchase/license documentation.,0
NSA-65992d3d-43000,nexsas-images/nexsas-1-to-37/ns-img-195.png,nexsas-1-to-37,image,png,43000,65992d3d,production-candidate,,nexsas-images-reconstructed.zip,User-supplied NextSaaS source; retain purchase/license documentation.,0
NSA-8ff3c96d-31777,nexsas-images/nexsas-1-to-37/ns-img-196.png,nexsas-1-to-37,image,png,31777,8ff3c96d,production-candidate,,nexsas-images-reconstructed.zip,User-supplied NextSaaS source; retain purchase/license documentation.,0
NSA-63c00665-7441,nexsas-images/nexsas-1-to-37/ns-img-197.png,nexsas-1-to-37,image,png,7441,63c00665,production-candidate,,nexsas-images-reconstructed.zip,User-supplied NextSaaS source; retain purchase/license documentation.,0
NSA-63efbc04-21003,nexsas-images/nexsas-1-to-37/ns-img-198.png,nexsas-1-to-37,image,png,21003,63efbc04,production-candidate,,nexsas-images-reconstructed.zip,User-supplied NextSaaS source; retain purchase/license documentation.,0
NSA-fba12923-528527,nexsas-images/nexsas-1-to-37/ns-img-199.jpg,nexsas-1-to-37,image,jpg,528527,fba12923,production-candidate,,nexsas-images-reconstructed.zip,User-supplied NextSaaS source; retain purchase/license documentation.,0
NSA-8c2ed5ee-130453,nexsas-images/nexsas-1-to-37/ns-img-2.png,nexsas-1-to-37,image,png,130453,8c2ed5ee,production-candidate,,nexsas-images-reconstructed.zip,User-supplied NextSaaS source; retain purchase/license documentation.,0
NSA-7bf2bc60-18612,nexsas-images/nexsas-1-to-37/ns-img-20.png,nexsas-1-to-37,image,png,18612,7bf2bc60,production-candidate,,nexsas-images-reconstructed.zip,User-supplied NextSaaS source; retain purchase/license documentation.,0
NSA-e3afbc09-2932,nexsas-images/nexsas-1-to-37/ns-img-200.png,nexsas-1-to-37,image,png,2932,e3afbc09,production-candidate,,nexsas-images-reconstructed.zip,User-supplied NextSaaS source; retain purchase/license documentation.,0
NSA-b82b672d-942529,nexsas-images/nexsas-1-to-37/ns-img-201.png,nexsas-1-to-37,image,png,942529,b82b672d,production-candidate,,nexsas-images-reconstructed.zip,User-supplied NextSaaS source; retain purchase/license documentation.,0
NSA-a1c99630-1719970,nexsas-images/nexsas-1-to-37/ns-img-202.png,nexsas-1-to-37,image,png,1719970,a1c99630,production-candidate,,nexsas-images-reconstructed.zip,User-supplied NextSaaS source; retain purchase/license documentation.,0
NSA-41d0cb70-16040,nexsas-images/nexsas-1-to-37/ns-img-203.png,nexsas-1-to-37,image,png,16040,41d0cb70,production-candidate,,nexsas-images-reconstructed.zip,User-supplied NextSaaS source; retain purchase/license documentation.,0
NSA-7afbd556-77726,nexsas-images/nexsas-1-to-37/ns-img-204.png,nexsas-1-to-37,image,png,77726,7afbd556,production-candidate,,nexsas-images-reconstructed.zip,User-supplied NextSaaS source; retain purchase/license documentation.,0
NSA-39d2da65-892017,nexsas-images/nexsas-1-to-37/ns-img-205.jpg,nexsas-1-to-37,image,jpg,892017,39d2da65,production-candidate,,nexsas-images-reconstructed.zip,User-supplied NextSaaS source; retain purchase/license documentation.,0
NSA-9f2755f9-1047389,nexsas-images/nexsas-1-to-37/ns-img-206.png,nexsas-1-to-37,image,png,1047389,9f2755f9,production-candidate,,nexsas-images-reconstructed.zip,User-supplied NextSaaS source; retain purchase/license documentation.,0
NSA-6673985f-668081,nexsas-images/nexsas-1-to-37/ns-img-207.jpg,nexsas-1-to-37,image,jpg,668081,6673985f,production-candidate,,nexsas-images-reconstructed.zip,User-supplied NextSaaS source; retain purchase/license documentation.,0
NSA-8dd9eb5a-319561,nexsas-images/nexsas-1-to-37/ns-img-209.png,nexsas-1-to-37,image,png,319561,8dd9eb5a,production-candidate,,nexsas-images-reconstructed.zip,User-supplied NextSaaS source; retain purchase/license documentation.,0
NSA-1fe572b2-15673,nexsas-images/nexsas-1-to-37/ns-img-21.png,nexsas-1-to-37,image,png,15673,1fe572b2,production-candidate,,nexsas-images-reconstructed.zip,User-supplied NextSaaS source; retain purchase/license documentation.,0
NSA-300f6f94-254436,nexsas-images/nexsas-1-to-37/ns-img-210.png,nexsas-1-to-37,image,png,254436,300f6f94,production-candidate,,nexsas-images-reconstructed.zip,User-supplied NextSaaS source; retain purchase/license documentation.,0
NSA-a5ee676c-13946,nexsas-images/nexsas-1-to-37/ns-img-211.png,nexsas-1-to-37,image,png,13946,a5ee676c,production-candidate,,nexsas-images-reconstructed.zip,User-supplied NextSaaS source; retain purchase/license documentation.,0
NSA-a1d5afed-132077,nexsas-images/nexsas-1-to-37/ns-img-212.png,nexsas-1-to-37,image,png,132077,a1d5afed,production-candidate,,nexsas-images-reconstructed.zip,User-supplied NextSaaS source; retain purchase/license documentation.,0
NSA-6fe79718-1300,nexsas-images/nexsas-1-to-37/ns-img-213.svg,nexsas-1-to-37,vector,svg,1300,6fe79718,production-candidate,,nexsas-images-reconstructed.zip,User-supplied NextSaaS source; retain purchase/license documentation.,0
NSA-eaad9a8b-16077,nexsas-images/nexsas-1-to-37/ns-img-214.svg,nexsas-1-to-37,vector,svg,16077,eaad9a8b,production-candidate,,nexsas-images-reconstructed.zip,User-supplied NextSaaS source; retain purchase/license documentation.,0
NSA-4f4b178d-51538,nexsas-images/nexsas-1-to-37/ns-img-215.svg,nexsas-1-to-37,vector,svg,51538,4f4b178d,production-candidate,,nexsas-images-reconstructed.zip,User-supplied NextSaaS source; retain purchase/license documentation.,0
NSA-81a9ba4a-188740,nexsas-images/nexsas-1-to-37/ns-img-216.png,nexsas-1-to-37,image,png,188740,81a9ba4a,production-candidate,,nexsas-images-reconstructed.zip,User-supplied NextSaaS source; retain purchase/license documentation.,0
NSA-41d0b22a-5320283,nexsas-images/nexsas-1-to-37/ns-img-217.svg,nexsas-1-to-37,vector,svg,5320283,41d0b22a,production-candidate,,nexsas-images-reconstructed.zip,User-supplied NextSaaS source; retain purchase/license documentation.,0
NSA-ef9d2e5e-83628,nexsas-images/nexsas-1-to-37/ns-img-218.svg,nexsas-1-to-37,vector,svg,83628,ef9d2e5e,production-candidate,,nexsas-images-reconstructed.zip,User-supplied NextSaaS source; retain purchase/license documentation.,0
NSA-715a5acc-159247,nexsas-images/nexsas-1-to-37/ns-img-219.png,nexsas-1-to-37,image,png,159247,715a5acc,production-candidate,,nexsas-images-reconstructed.zip,User-supplied NextSaaS source; retain purchase/license documentation.,0
NSA-f7da7df5-18710,nexsas-images/nexsas-1-to-37/ns-img-22.png,nexsas-1-to-37,image,png,18710,f7da7df5,production-candidate,,nexsas-images-reconstructed.zip,User-supplied NextSaaS source; retain purchase/license documentation.,0
NSA-659da817-1807963,nexsas-images/nexsas-1-to-37/ns-img-220.png,nexsas-1-to-37,image,png,1807963,659da817,production-candidate,,nexsas-images-reconstructed.zip,User-supplied NextSaaS source; retain purchase/license documentation.,0
NSA-14b0168b-2099656,nexsas-images/nexsas-1-to-37/ns-img-221.png,nexsas-1-to-37,image,png,2099656,14b0168b,production-candidate,,nexsas-images-reconstructed.zip,User-supplied NextSaaS source; retain purchase/license documentation.,0
NSA-42f4b430-178608,nexsas-images/nexsas-1-to-37/ns-img-222.png,nexsas-1-to-37,image,png,178608,42f4b430,production-candidate,,nexsas-images-reconstructed.zip,User-supplied NextSaaS source; retain purchase/license documentation.,0
NSA-0b1a7580-3847056,nexsas-images/nexsas-1-to-37/ns-img-223.png,nexsas-1-to-37,image,png,3847056,0b1a7580,production-candidate,,nexsas-images-reconstructed.zip,User-supplied NextSaaS source; retain purchase/license documentation.,0
NSA-e8700cb3-349289,nexsas-images/nexsas-1-to-37/ns-img-224.png,nexsas-1-to-37,image,png,349289,e8700cb3,production-candidate,,nexsas-images-reconstructed.zip,User-supplied NextSaaS source; retain purchase/license documentation.,0
NSA-7cc61cc1-7504276,nexsas-images/nexsas-1-to-37/ns-img-225.png,nexsas-1-to-37,image,png,7504276,7cc61cc1,production-candidate,,nexsas-images-reconstructed.zip,User-supplied NextSaaS source; retain purchase/license documentation.,0
NSA-e036f810-23758,nexsas-images/nexsas-1-to-37/ns-img-226.png,nexsas-1-to-37,image,png,23758,e036f810,production-candidate,,nexsas-images-reconstructed.zip,User-supplied NextSaaS source; retain purchase/license documentation.,0
NSA-b5b63c94-65400,nexsas-images/nexsas-1-to-37/ns-img-227.png,nexsas-1-to-37,image,png,65400,b5b63c94,production-candidate,,nexsas-images-reconstructed.zip,User-supplied NextSaaS source; retain purchase/license documentation.,0
NSA-e4ea3559-17327,nexsas-images/nexsas-1-to-37/ns-img-228.png,nexsas-1-to-37,image,png,17327,e4ea3559,production-candidate,,nexsas-images-reconstructed.zip,User-supplied NextSaaS source; retain purchase/license documentation.,0
NSA-e0405e45-49249,nexsas-images/nexsas-1-to-37/ns-img-229.png,nexsas-1-to-37,image,png,49249,e0405e45,production-candidate,,nexsas-images-reconstructed.zip,User-supplied NextSaaS source; retain purchase/license documentation.,0
NSA-ae9a90c0-1719689,nexsas-images/nexsas-1-to-37/ns-img-23.png,nexsas-1-to-37,image,png,1719689,ae9a90c0,production-candidate,,nexsas-images-reconstructed.zip,User-supplied NextSaaS source; retain purchase/license documentation.,0
NSA-23b733aa-186646,nexsas-images/nexsas-1-to-37/ns-img-230.png,nexsas-1-to-37,image,png,186646,23b733aa,production-candidate,,nexsas-images-reconstructed.zip,User-supplied NextSaaS source; retain purchase/license documentation.,0
NSA-52a21855-16385,nexsas-images/nexsas-1-to-37/ns-img-231.png,nexsas-1-to-37,image,png,16385,52a21855,production-candidate,,nexsas-images-reconstructed.zip,User-supplied NextSaaS source; retain purchase/license documentation.,0
NSA-e5a99426-1123290,nexsas-images/nexsas-1-to-37/ns-img-232.png,nexsas-1-to-37,image,png,1123290,e5a99426,production-candidate,,nexsas-images-reconstructed.zip,User-supplied NextSaaS source; retain purchase/license documentation.,0
NSA-27654eea-981770,nexsas-images/nexsas-1-to-37/ns-img-233.png,nexsas-1-to-37,image,png,981770,27654eea,production-candidate,,nexsas-images-reconstructed.zip,User-supplied NextSaaS source; retain purchase/license documentation.,0
NSA-690f47cb-719573,nexsas-images/nexsas-1-to-37/ns-img-234.png,nexsas-1-to-37,image,png,719573,690f47cb,production-candidate,,nexsas-images-reconstructed.zip,User-supplied NextSaaS source; retain purchase/license documentation.,0
NSA-bc7e2f72-30794,nexsas-images/nexsas-1-to-37/ns-img-235.svg,nexsas-1-to-37,vector,svg,30794,bc7e2f72,production-candidate,,nexsas-images-reconstructed.zip,User-supplied NextSaaS source; retain purchase/license documentation.,0
NSA-c7b11aef-1247158,nexsas-images/nexsas-1-to-37/ns-img-236.png,nexsas-1-to-37,image,png,1247158,c7b11aef,production-candidate,,nexsas-images-reconstructed.zip,User-supplied NextSaaS source; retain purchase/license documentation.,0
NSA-be244cb9-114565,nexsas-images/nexsas-1-to-37/ns-img-237.png,nexsas-1-to-37,image,png,114565,be244cb9,production-candidate,,nexsas-images-reconstructed.zip,User-supplied NextSaaS source; retain purchase/license documentation.,0
NSA-e7c0e57c-16277,nexsas-images/nexsas-1-to-37/ns-img-238.png,nexsas-1-to-37,image,png,16277,e7c0e57c,production-candidate,,nexsas-images-reconstructed.zip,User-supplied NextSaaS source; retain purchase/license documentation.,0
NSA-7dedfc34-18272,nexsas-images/nexsas-1-to-37/ns-img-239.png,nexsas-1-to-37,image,png,18272,7dedfc34,production-candidate,,nexsas-images-reconstructed.zip,User-supplied NextSaaS source; retain purchase/license documentation.,0
NSA-39fe6585-19533,nexsas-images/nexsas-1-to-37/ns-img-241.svg,nexsas-1-to-37,vector,svg,19533,39fe6585,production-candidate,,nexsas-images-reconstructed.zip,User-supplied NextSaaS source; retain purchase/license documentation.,0
NSA-0f28adad-4123103,nexsas-images/nexsas-1-to-37/ns-img-242.png,nexsas-1-to-37,image,png,4123103,0f28adad,production-candidate,,nexsas-images-reconstructed.zip,User-supplied NextSaaS source; retain purchase/license documentation.,0
NSA-f47917f4-574200,nexsas-images/nexsas-1-to-37/ns-img-243.png,nexsas-1-to-37,image,png,574200,f47917f4,production-candidate,,nexsas-images-reconstructed.zip,User-supplied NextSaaS source; retain purchase/license documentation.,0
NSA-97f21b00-713377,nexsas-images/nexsas-1-to-37/ns-img-244.png,nexsas-1-to-37,image,png,713377,97f21b00,production-candidate,,nexsas-images-reconstructed.zip,User-supplied NextSaaS source; retain purchase/license documentation.,0
NSA-466ddf84-597983,nexsas-images/nexsas-1-to-37/ns-img-245.png,nexsas-1-to-37,image,png,597983,466ddf84,production-candidate,,nexsas-images-reconstructed.zip,User-supplied NextSaaS source; retain purchase/license documentation.,0
NSA-30235d83-490446,nexsas-images/nexsas-1-to-37/ns-img-246.png,nexsas-1-to-37,image,png,490446,30235d83,production-candidate,,nexsas-images-reconstructed.zip,User-supplied NextSaaS source; retain purchase/license documentation.,0
NSA-78de2bbc-8487,nexsas-images/nexsas-1-to-37/ns-img-247.svg,nexsas-1-to-37,vector,svg,8487,78de2bbc,production-candidate,,nexsas-images-reconstructed.zip,User-supplied NextSaaS source; retain purchase/license documentation.,0
NSA-9f1788a2-12104,nexsas-images/nexsas-1-to-37/ns-img-248.png,nexsas-1-to-37,image,png,12104,9f1788a2,production-candidate,,nexsas-images-reconstructed.zip,User-supplied NextSaaS source; retain purchase/license documentation.,0
NSA-67164d98-10441,nexsas-images/nexsas-1-to-37/ns-img-249.png,nexsas-1-to-37,image,png,10441,67164d98,production-candidate,,nexsas-images-reconstructed.zip,User-supplied NextSaaS source; retain purchase/license documentation.,0
NSA-2e8df7d2-4180,nexsas-images/nexsas-1-to-37/ns-img-250.svg,nexsas-1-to-37,vector,svg,4180,2e8df7d2,production-candidate,,nexsas-images-reconstructed.zip,User-supplied NextSaaS source; retain purchase/license documentation.,0
NSA-4ec0a1fc-13582,nexsas-images/nexsas-1-to-37/ns-img-251.png,nexsas-1-to-37,image,png,13582,4ec0a1fc,production-candidate,,nexsas-images-reconstructed.zip,User-supplied NextSaaS source; retain purchase/license documentation.,0
NSA-f6aa8478-14304,nexsas-images/nexsas-1-to-37/ns-img-252.png,nexsas-1-to-37,image,png,14304,f6aa8478,production-candidate,,nexsas-images-reconstructed.zip,User-supplied NextSaaS source; retain purchase/license documentation.,0
NSA-f9bd6dfa-42348,nexsas-images/nexsas-1-to-37/ns-img-253.png,nexsas-1-to-37,image,png,42348,f9bd6dfa,production-candidate,,nexsas-images-reconstructed.zip,User-supplied NextSaaS source; retain purchase/license documentation.,0
NSA-2e812b2b-22272,nexsas-images/nexsas-1-to-37/ns-img-254.png,nexsas-1-to-37,image,png,22272,2e812b2b,production-candidate,,nexsas-images-reconstructed.zip,User-supplied NextSaaS source; retain purchase/license documentation.,0
NSA-b801a6c3-6750,nexsas-images/nexsas-1-to-37/ns-img-255.png,nexsas-1-to-37,image,png,6750,b801a6c3,production-candidate,,nexsas-images-reconstructed.zip,User-supplied NextSaaS source; retain purchase/license documentation.,0
NSA-09c01e7f-60235,nexsas-images/nexsas-1-to-37/ns-img-256.png,nexsas-1-to-37,image,png,60235,09c01e7f,production-candidate,,nexsas-images-reconstructed.zip,User-supplied NextSaaS source; retain purchase/license documentation.,0
NSA-e4781b46-170799,nexsas-images/nexsas-1-to-37/ns-img-257.png,nexsas-1-to-37,image,png,170799,e4781b46,production-candidate,,nexsas-images-reconstructed.zip,User-supplied NextSaaS source; retain purchase/license documentation.,0
NSA-e8afb94a-21112,nexsas-images/nexsas-1-to-37/ns-img-258.png,nexsas-1-to-37,image,png,21112,e8afb94a,production-candidate,,nexsas-images-reconstructed.zip,User-supplied NextSaaS source; retain purchase/license documentation.,0
NSA-87fde56c-90715,nexsas-images/nexsas-1-to-37/ns-img-259.png,nexsas-1-to-37,image,png,90715,87fde56c,production-candidate,,nexsas-images-reconstructed.zip,User-supplied NextSaaS source; retain purchase/license documentation.,0
NSA-fb5f2a39-6894081,nexsas-images/nexsas-1-to-37/ns-img-26.jpg,nexsas-1-to-37,image,jpg,6894081,fb5f2a39,production-candidate,,nexsas-images-reconstructed.zip,User-supplied NextSaaS source; retain purchase/license documentation.,0
NSA-0515f4e7-27585,nexsas-images/nexsas-1-to-37/ns-img-260.png,nexsas-1-to-37,image,png,27585,0515f4e7,production-candidate,,nexsas-images-reconstructed.zip,User-supplied NextSaaS source; retain purchase/license documentation.,0
NSA-badedfb6-2256069,nexsas-images/nexsas-1-to-37/ns-img-261.svg,nexsas-1-to-37,vector,svg,2256069,badedfb6,production-candidate,,nexsas-images-reconstructed.zip,User-supplied NextSaaS source; retain purchase/license documentation.,0
NSA-d6fd1566-38148,nexsas-images/nexsas-1-to-37/ns-img-262.png,nexsas-1-to-37,image,png,38148,d6fd1566,production-candidate,,nexsas-images-reconstructed.zip,User-supplied NextSaaS source; retain purchase/license documentation.,0
NSA-45f339ff-60255,nexsas-images/nexsas-1-to-37/ns-img-263.png,nexsas-1-to-37,image,png,60255,45f339ff,production-candidate,,nexsas-images-reconstructed.zip,User-supplied NextSaaS source; retain purchase/license documentation.,0
NSA-e685ef1c-18024,nexsas-images/nexsas-1-to-37/ns-img-264.png,nexsas-1-to-37,image,png,18024,e685ef1c,production-candidate,,nexsas-images-reconstructed.zip,User-supplied NextSaaS source; retain purchase/license documentation.,0
NSA-96bcec8b-117851,nexsas-images/nexsas-1-to-37/ns-img-265.png,nexsas-1-to-37,image,png,117851,96bcec8b,production-candidate,,nexsas-images-reconstructed.zip,User-supplied NextSaaS source; retain purchase/license documentation.,0
NSA-799343ae-58380,nexsas-images/nexsas-1-to-37/ns-img-266.png,nexsas-1-to-37,image,png,58380,799343ae,production-candidate,,nexsas-images-reconstructed.zip,User-supplied NextSaaS source; retain purchase/license documentation.,0
NSA-db3543d5-36959,nexsas-images/nexsas-1-to-37/ns-img-267.png,nexsas-1-to-37,image,png,36959,db3543d5,production-candidate,,nexsas-images-reconstructed.zip,User-supplied NextSaaS source; retain purchase/license documentation.,0
NSA-b656540f-35259,nexsas-images/nexsas-1-to-37/ns-img-268.png,nexsas-1-to-37,image,png,35259,b656540f,production-candidate,,nexsas-images-reconstructed.zip,User-supplied NextSaaS source; retain purchase/license documentation.,0
NSA-0815f0cf-66339,nexsas-images/nexsas-1-to-37/ns-img-269.png,nexsas-1-to-37,image,png,66339,0815f0cf,production-candidate,,nexsas-images-reconstructed.zip,User-supplied NextSaaS source; retain purchase/license documentation.,0
NSA-ba1cf13b-756525,nexsas-images/nexsas-1-to-37/ns-img-27.png,nexsas-1-to-37,image,png,756525,ba1cf13b,production-candidate,,nexsas-images-reconstructed.zip,User-supplied NextSaaS source; retain purchase/license documentation.,0
NSA-8828cc7a-24720,nexsas-images/nexsas-1-to-37/ns-img-270.png,nexsas-1-to-37,image,png,24720,8828cc7a,production-candidate,,nexsas-images-reconstructed.zip,User-supplied NextSaaS source; retain purchase/license documentation.,0
NSA-199c6e0f-63500,nexsas-images/nexsas-1-to-37/ns-img-271.png,nexsas-1-to-37,image,png,63500,199c6e0f,production-candidate,,nexsas-images-reconstructed.zip,User-supplied NextSaaS source; retain purchase/license documentation.,0
NSA-b68b2d1c-16622,nexsas-images/nexsas-1-to-37/ns-img-272.png,nexsas-1-to-37,image,png,16622,b68b2d1c,production-candidate,,nexsas-images-reconstructed.zip,User-supplied NextSaaS source; retain purchase/license documentation.,0
NSA-dd5a6a76-49268,nexsas-images/nexsas-1-to-37/ns-img-273.png,nexsas-1-to-37,image,png,49268,dd5a6a76,production-candidate,,nexsas-images-reconstructed.zip,User-supplied NextSaaS source; retain purchase/license documentation.,0
NSA-ddf5e14c-118129,nexsas-images/nexsas-1-to-37/ns-img-274.png,nexsas-1-to-37,image,png,118129,ddf5e14c,production-candidate,,nexsas-images-reconstructed.zip,User-supplied NextSaaS source; retain purchase/license documentation.,0
NSA-6011516f-19207,nexsas-images/nexsas-1-to-37/ns-img-275.png,nexsas-1-to-37,image,png,19207,6011516f,production-candidate,,nexsas-images-reconstructed.zip,User-supplied NextSaaS source; retain purchase/license documentation.,0
NSA-548ac9d1-285604,nexsas-images/nexsas-1-to-37/ns-img-276.png,nexsas-1-to-37,image,png,285604,548ac9d1,production-candidate,,nexsas-images-reconstructed.zip,User-supplied NextSaaS source; retain purchase/license documentation.,0
NSA-39358e3e-20668,nexsas-images/nexsas-1-to-37/ns-img-277.png,nexsas-1-to-37,image,png,20668,39358e3e,production-candidate,,nexsas-images-reconstructed.zip,User-supplied NextSaaS source; retain purchase/license documentation.,0
NSA-565a4a1c-18034,nexsas-images/nexsas-1-to-37/ns-img-278.png,nexsas-1-to-37,image,png,18034,565a4a1c,production-candidate,,nexsas-images-reconstructed.zip,User-supplied NextSaaS source; retain purchase/license documentation.,0
NSA-c85c02a6-14633,nexsas-images/nexsas-1-to-37/ns-img-279.png,nexsas-1-to-37,image,png,14633,c85c02a6,production-candidate,,nexsas-images-reconstructed.zip,User-supplied NextSaaS source; retain purchase/license documentation.,0
NSA-1bf2cf23-367684,nexsas-images/nexsas-1-to-37/ns-img-28.png,nexsas-1-to-37,image,png,367684,1bf2cf23,production-candidate,,nexsas-images-reconstructed.zip,User-supplied NextSaaS source; retain purchase/license documentation.,0
NSA-cd92734d-18946,nexsas-images/nexsas-1-to-37/ns-img-280.png,nexsas-1-to-37,image,png,18946,cd92734d,production-candidate,,nexsas-images-reconstructed.zip,User-supplied NextSaaS source; retain purchase/license documentation.,0
NSA-5875a927-44760,nexsas-images/nexsas-1-to-37/ns-img-281.png,nexsas-1-to-37,image,png,44760,5875a927,production-candidate,,nexsas-images-reconstructed.zip,User-supplied NextSaaS source; retain purchase/license documentation.,0
NSA-8959be09-58372,nexsas-images/nexsas-1-to-37/ns-img-282.png,nexsas-1-to-37,image,png,58372,8959be09,production-candidate,,nexsas-images-reconstructed.zip,User-supplied NextSaaS source; retain purchase/license documentation.,0
NSA-10624ba4-20685,nexsas-images/nexsas-1-to-37/ns-img-283.png,nexsas-1-to-37,image,png,20685,10624ba4,production-candidate,,nexsas-images-reconstructed.zip,User-supplied NextSaaS source; retain purchase/license documentation.,0
NSA-daac79d7-611112,nexsas-images/nexsas-1-to-37/ns-img-284.png,nexsas-1-to-37,image,png,611112,daac79d7,production-candidate,,nexsas-images-reconstructed.zip,User-supplied NextSaaS source; retain purchase/license documentation.,0
NSA-ace6e4c3-516877,nexsas-images/nexsas-1-to-37/ns-img-285.jpg,nexsas-1-to-37,image,jpg,516877,ace6e4c3,production-candidate,,nexsas-images-reconstructed.zip,User-supplied NextSaaS source; retain purchase/license documentation.,0
NSA-f6b94c47-605519,nexsas-images/nexsas-1-to-37/ns-img-286.png,nexsas-1-to-37,image,png,605519,f6b94c47,production-candidate,,nexsas-images-reconstructed.zip,User-supplied NextSaaS source; retain purchase/license documentation.,0
NSA-c68a1ce2-160521,nexsas-images/nexsas-1-to-37/ns-img-287.png,nexsas-1-to-37,image,png,160521,c68a1ce2,production-candidate,,nexsas-images-reconstructed.zip,User-supplied NextSaaS source; retain purchase/license documentation.,0
NSA-24decc25-142899,nexsas-images/nexsas-1-to-37/ns-img-288.png,nexsas-1-to-37,image,png,142899,24decc25,production-candidate,,nexsas-images-reconstructed.zip,User-supplied NextSaaS source; retain purchase/license documentation.,0
NSA-dcde8cb9-137054,nexsas-images/nexsas-1-to-37/ns-img-289.png,nexsas-1-to-37,image,png,137054,dcde8cb9,production-candidate,,nexsas-images-reconstructed.zip,User-supplied NextSaaS source; retain purchase/license documentation.,0
NSA-abebd831-453520,nexsas-images/nexsas-1-to-37/ns-img-29.png,nexsas-1-to-37,image,png,453520,abebd831,production-candidate,,nexsas-images-reconstructed.zip,User-supplied NextSaaS source; retain purchase/license documentation.,0
NSA-aa6dc30f-492369,nexsas-images/nexsas-1-to-37/ns-img-290.png,nexsas-1-to-37,image,png,492369,aa6dc30f,production-candidate,,nexsas-images-reconstructed.zip,User-supplied NextSaaS source; retain purchase/license documentation.,0
NSA-6b0bb024-228041,nexsas-images/nexsas-1-to-37/ns-img-291.png,nexsas-1-to-37,image,png,228041,6b0bb024,production-candidate,,nexsas-images-reconstructed.zip,User-supplied NextSaaS source; retain purchase/license documentation.,0
NSA-026639cd-83628,nexsas-images/nexsas-1-to-37/ns-img-292.svg,nexsas-1-to-37,vector,svg,83628,026639cd,production-candidate,,nexsas-images-reconstructed.zip,User-supplied NextSaaS source; retain purchase/license documentation.,0
NSA-c62b91fa-475754,nexsas-images/nexsas-1-to-37/ns-img-293.png,nexsas-1-to-37,image,png,475754,c62b91fa,production-candidate,,nexsas-images-reconstructed.zip,User-supplied NextSaaS source; retain purchase/license documentation.,0
NSA-1969f774-665334,nexsas-images/nexsas-1-to-37/ns-img-295.jpg,nexsas-1-to-37,image,jpg,665334,1969f774,production-candidate,,nexsas-images-reconstructed.zip,User-supplied NextSaaS source; retain purchase/license documentation.,0
NSA-0154a4ce-110988,nexsas-images/nexsas-1-to-37/ns-img-296.svg,nexsas-1-to-37,vector,svg,110988,0154a4ce,production-candidate,,nexsas-images-reconstructed.zip,User-supplied NextSaaS source; retain purchase/license documentation.,0
NSA-61fbab76-619578,nexsas-images/nexsas-1-to-37/ns-img-297.jpg,nexsas-1-to-37,image,jpg,619578,61fbab76,production-candidate,,nexsas-images-reconstructed.zip,User-supplied NextSaaS source; retain purchase/license documentation.,0
NSA-42a463a1-778102,nexsas-images/nexsas-1-to-37/ns-img-298.png,nexsas-1-to-37,image,png,778102,42a463a1,production-candidate,,nexsas-images-reconstructed.zip,User-supplied NextSaaS source; retain purchase/license documentation.,0
NSA-cf6630c8-954291,nexsas-images/nexsas-1-to-37/ns-img-299.png,nexsas-1-to-37,image,png,954291,cf6630c8,production-candidate,,nexsas-images-reconstructed.zip,User-supplied NextSaaS source; retain purchase/license documentation.,0
NSA-4f500547-36742,nexsas-images/nexsas-1-to-37/ns-img-3.png,nexsas-1-to-37,image,png,36742,4f500547,production-candidate,,nexsas-images-reconstructed.zip,User-supplied NextSaaS source; retain purchase/license documentation.,0
NSA-1351c10a-248766,nexsas-images/nexsas-1-to-37/ns-img-300.png,nexsas-1-to-37,image,png,248766,1351c10a,production-candidate,,nexsas-images-reconstructed.zip,User-supplied NextSaaS source; retain purchase/license documentation.,0
NSA-6d1157c8-27248,nexsas-images/nexsas-1-to-37/ns-img-301.png,nexsas-1-to-37,image,png,27248,6d1157c8,production-candidate,,nexsas-images-reconstructed.zip,User-supplied NextSaaS source; retain purchase/license documentation.,0
NSA-8991f0bb-40015,nexsas-images/nexsas-1-to-37/ns-img-302.png,nexsas-1-to-37,image,png,40015,8991f0bb,production-candidate,,nexsas-images-reconstructed.zip,User-supplied NextSaaS source; retain purchase/license documentation.,0
NSA-5b2833f4-37206,nexsas-images/nexsas-1-to-37/ns-img-303.png,nexsas-1-to-37,image,png,37206,5b2833f4,production-candidate,,nexsas-images-reconstructed.zip,User-supplied NextSaaS source; retain purchase/license documentation.,0
NSA-c4c6c05f-305368,nexsas-images/nexsas-1-to-37/ns-img-304.png,nexsas-1-to-37,image,png,305368,c4c6c05f,production-candidate,,nexsas-images-reconstructed.zip,User-supplied NextSaaS source; retain purchase/license documentation.,0
NSA-605f5cb7-78346,nexsas-images/nexsas-1-to-37/ns-img-31.png,nexsas-1-to-37,image,png,78346,605f5cb7,production-candidate,,nexsas-images-reconstructed.zip,User-supplied NextSaaS source; retain purchase/license documentation.,0
NSA-5ed78c42-20322,nexsas-images/nexsas-1-to-37/ns-img-32.svg,nexsas-1-to-37,vector,svg,20322,5ed78c42,production-candidate,,nexsas-images-reconstructed.zip,User-supplied NextSaaS source; retain purchase/license documentation.,0
NSA-f8d65081-413732,nexsas-images/nexsas-1-to-37/ns-img-328.png,nexsas-1-to-37,image,png,413732,f8d65081,production-candidate,,nexsas-images-reconstructed.zip,User-supplied NextSaaS source; retain purchase/license documentation.,0
NSA-51aecc55-182511,nexsas-images/nexsas-1-to-37/ns-img-329.png,nexsas-1-to-37,image,png,182511,51aecc55,production-candidate,,nexsas-images-reconstructed.zip,User-supplied NextSaaS source; retain purchase/license documentation.,0
NSA-d08e3d46-21027,nexsas-images/nexsas-1-to-37/ns-img-33.png,nexsas-1-to-37,image,png,21027,d08e3d46,production-candidate,,nexsas-images-reconstructed.zip,User-supplied NextSaaS source; retain purchase/license documentation.,0
NSA-09a6eb0c-157276,nexsas-images/nexsas-1-to-37/ns-img-330.png,nexsas-1-to-37,image,png,157276,09a6eb0c,production-candidate,,nexsas-images-reconstructed.zip,User-supplied NextSaaS source; retain purchase/license documentation.,0
NSA-1055eba2-6026,nexsas-images/nexsas-1-to-37/ns-img-331.png,nexsas-1-to-37,image,png,6026,1055eba2,production-candidate,,nexsas-images-reconstructed.zip,User-supplied NextSaaS source; retain purchase/license documentation.,0
NSA-e1bbf70f-4287,nexsas-images/nexsas-1-to-37/ns-img-332.png,nexsas-1-to-37,image,png,4287,e1bbf70f,production-candidate,,nexsas-images-reconstructed.zip,User-supplied NextSaaS source; retain purchase/license documentation.,0
NSA-fd857d11-6717,nexsas-images/nexsas-1-to-37/ns-img-333.png,nexsas-1-to-37,image,png,6717,fd857d11,production-candidate,,nexsas-images-reconstructed.zip,User-supplied NextSaaS source; retain purchase/license documentation.,0
NSA-36b7a5fb-4930,nexsas-images/nexsas-1-to-37/ns-img-334.png,nexsas-1-to-37,image,png,4930,36b7a5fb,production-candidate,,nexsas-images-reconstructed.zip,User-supplied NextSaaS source; retain purchase/license documentation.,0
NSA-3cbc0874-12940,nexsas-images/nexsas-1-to-37/ns-img-335.png,nexsas-1-to-37,image,png,12940,3cbc0874,production-candidate,,nexsas-images-reconstructed.zip,User-supplied NextSaaS source; retain purchase/license documentation.,0
NSA-35cc555c-355682,nexsas-images/nexsas-1-to-37/ns-img-338.png,nexsas-1-to-37,image,png,355682,35cc555c,production-candidate,,nexsas-images-reconstructed.zip,User-supplied NextSaaS source; retain purchase/license documentation.,0
NSA-465a2e29-14864,nexsas-images/nexsas-1-to-37/ns-img-34.png,nexsas-1-to-37,image,png,14864,465a2e29,production-candidate,,nexsas-images-reconstructed.zip,User-supplied NextSaaS source; retain purchase/license documentation.,0
NSA-b925dd1a-20222,nexsas-images/nexsas-1-to-37/ns-img-35.png,nexsas-1-to-37,image,png,20222,b925dd1a,production-candidate,,nexsas-images-reconstructed.zip,User-supplied NextSaaS source; retain purchase/license documentation.,0
NSA-94dc7b16-989901,nexsas-images/nexsas-1-to-37/ns-img-374.jpg,nexsas-1-to-37,image,jpg,989901,94dc7b16,production-candidate,,nexsas-images-reconstructed.zip,User-supplied NextSaaS source; retain purchase/license documentation.,0
NSA-9cdd349c-11943,nexsas-images/nexsas-1-to-37/ns-img-4.svg,nexsas-1-to-37,vector,svg,11943,9cdd349c,production-candidate,,nexsas-images-reconstructed.zip,User-supplied NextSaaS source; retain purchase/license documentation.,0
NSA-b0edc3b4-57848,nexsas-images/nexsas-1-to-37/ns-img-400.png,nexsas-1-to-37,image,png,57848,b0edc3b4,production-candidate,,nexsas-images-reconstructed.zip,User-supplied NextSaaS source; retain purchase/license documentation.,0
NSA-6ba83d88-609530,nexsas-images/nexsas-1-to-37/ns-img-42.png,nexsas-1-to-37,image,png,609530,6ba83d88,production-candidate,,nexsas-images-reconstructed.zip,User-supplied NextSaaS source; retain purchase/license documentation.,0
NSA-63ad6926-192754,nexsas-images/nexsas-1-to-37/ns-img-429.png,nexsas-1-to-37,image,png,192754,63ad6926,production-candidate,,nexsas-images-reconstructed.zip,User-supplied NextSaaS source; retain purchase/license documentation.,0
NSA-64b8d5bb-347193,nexsas-images/nexsas-1-to-37/ns-img-43.png,nexsas-1-to-37,image,png,347193,64b8d5bb,production-candidate,,nexsas-images-reconstructed.zip,User-supplied NextSaaS source; retain purchase/license documentation.,0
NSA-9af2d087-134623,nexsas-images/nexsas-1-to-37/ns-img-433.png,nexsas-1-to-37,image,png,134623,9af2d087,production-candidate,,nexsas-images-reconstructed.zip,User-supplied NextSaaS source; retain purchase/license documentation.,0
NSA-002bdb1e-530082,nexsas-images/nexsas-1-to-37/ns-img-437.png,nexsas-1-to-37,image,png,530082,002bdb1e,production-candidate,,nexsas-images-reconstructed.zip,User-supplied NextSaaS source; retain purchase/license documentation.,0
NSA-af55c238-570771,nexsas-images/nexsas-1-to-37/ns-img-438.png,nexsas-1-to-37,image,png,570771,af55c238,production-candidate,,nexsas-images-reconstructed.zip,User-supplied NextSaaS source; retain purchase/license documentation.,0
NSA-a7efcc7a-601564,nexsas-images/nexsas-1-to-37/ns-img-439.png,nexsas-1-to-37,image,png,601564,a7efcc7a,production-candidate,,nexsas-images-reconstructed.zip,User-supplied NextSaaS source; retain purchase/license documentation.,0
NSA-4128e0aa-6776,nexsas-images/nexsas-1-to-37/ns-img-44.png,nexsas-1-to-37,image,png,6776,4128e0aa,production-candidate,,nexsas-images-reconstructed.zip,User-supplied NextSaaS source; retain purchase/license documentation.,0
NSA-50648aaf-868251,nexsas-images/nexsas-1-to-37/ns-img-45.png,nexsas-1-to-37,image,png,868251,50648aaf,production-candidate,,nexsas-images-reconstructed.zip,User-supplied NextSaaS source; retain purchase/license documentation.,0
NSA-2066d1ad-42935,nexsas-images/nexsas-1-to-37/ns-img-46.png,nexsas-1-to-37,image,png,42935,2066d1ad,production-candidate,,nexsas-images-reconstructed.zip,User-supplied NextSaaS source; retain purchase/license documentation.,0
NSA-820de8e3-3042437,nexsas-images/nexsas-1-to-37/ns-img-465.png,nexsas-1-to-37,image,png,3042437,820de8e3,production-candidate,,nexsas-images-reconstructed.zip,User-supplied NextSaaS source; retain purchase/license documentation.,0
NSA-fa95637e-504184,nexsas-images/nexsas-1-to-37/ns-img-466.png,nexsas-1-to-37,image,png,504184,fa95637e,production-candidate,,nexsas-images-reconstructed.zip,User-supplied NextSaaS source; retain purchase/license documentation.,0
NSA-f5c379cd-477916,nexsas-images/nexsas-1-to-37/ns-img-468.png,nexsas-1-to-37,image,png,477916,f5c379cd,production-candidate,,nexsas-images-reconstructed.zip,User-supplied NextSaaS source; retain purchase/license documentation.,0
NSA-5d2d5622-330400,nexsas-images/nexsas-1-to-37/ns-img-469.png,nexsas-1-to-37,image,png,330400,5d2d5622,production-candidate,,nexsas-images-reconstructed.zip,User-supplied NextSaaS source; retain purchase/license documentation.,0
NSA-4f5e52ac-19149,nexsas-images/nexsas-1-to-37/ns-img-47.png,nexsas-1-to-37,image,png,19149,4f5e52ac,production-candidate,,nexsas-images-reconstructed.zip,User-supplied NextSaaS source; retain purchase/license documentation.,0
NSA-717e3b75-231071,nexsas-images/nexsas-1-to-37/ns-img-470.png,nexsas-1-to-37,image,png,231071,717e3b75,production-candidate,,nexsas-images-reconstructed.zip,User-supplied NextSaaS source; retain purchase/license documentation.,0
NSA-e899ae51-211691,nexsas-images/nexsas-1-to-37/ns-img-471.png,nexsas-1-to-37,image,png,211691,e899ae51,production-candidate,,nexsas-images-reconstructed.zip,User-supplied NextSaaS source; retain purchase/license documentation.,0
NSA-50806965-772538,nexsas-images/nexsas-1-to-37/ns-img-472.png,nexsas-1-to-37,image,png,772538,50806965,production-candidate,,nexsas-images-reconstructed.zip,User-supplied NextSaaS source; retain purchase/license documentation.,0
NSA-f0f9cb35-292786,nexsas-images/nexsas-1-to-37/ns-img-473.png,nexsas-1-to-37,image,png,292786,f0f9cb35,production-candidate,,nexsas-images-reconstructed.zip,User-supplied NextSaaS source; retain purchase/license documentation.,0
NSA-ffd411ed-430261,nexsas-images/nexsas-1-to-37/ns-img-474.png,nexsas-1-to-37,image,png,430261,ffd411ed,production-candidate,,nexsas-images-reconstructed.zip,User-supplied NextSaaS source; retain purchase/license documentation.,0
NSA-0a1dc972-187460,nexsas-images/nexsas-1-to-37/ns-img-475.png,nexsas-1-to-37,image,png,187460,0a1dc972,production-candidate,,nexsas-images-reconstructed.zip,User-supplied NextSaaS source; retain purchase/license documentation.,0
NSA-f81dd483-101214,nexsas-images/nexsas-1-to-37/ns-img-476.png,nexsas-1-to-37,image,png,101214,f81dd483,production-candidate,,nexsas-images-reconstructed.zip,User-supplied NextSaaS source; retain purchase/license documentation.,0
NSA-01e8d1eb-82936,nexsas-images/nexsas-1-to-37/ns-img-477.png,nexsas-1-to-37,image,png,82936,01e8d1eb,production-candidate,,nexsas-images-reconstructed.zip,User-supplied NextSaaS source; retain purchase/license documentation.,0
NSA-e7e2a959-888439,nexsas-images/nexsas-1-to-37/ns-img-478.png,nexsas-1-to-37,image,png,888439,e7e2a959,production-candidate,,nexsas-images-reconstructed.zip,User-supplied NextSaaS source; retain purchase/license documentation.,0
NSA-33cb30f1-521175,nexsas-images/nexsas-1-to-37/ns-img-479.png,nexsas-1-to-37,image,png,521175,33cb30f1,production-candidate,,nexsas-images-reconstructed.zip,User-supplied NextSaaS source; retain purchase/license documentation.,0
NSA-0ae32f16-912484,nexsas-images/nexsas-1-to-37/ns-img-48.png,nexsas-1-to-37,image,png,912484,0ae32f16,production-candidate,,nexsas-images-reconstructed.zip,User-supplied NextSaaS source; retain purchase/license documentation.,0
NSA-5b3fa7ec-385032,nexsas-images/nexsas-1-to-37/ns-img-480.png,nexsas-1-to-37,image,png,385032,5b3fa7ec,production-candidate,,nexsas-images-reconstructed.zip,User-supplied NextSaaS source; retain purchase/license documentation.,0
NSA-9825bb0a-897003,nexsas-images/nexsas-1-to-37/ns-img-481.png,nexsas-1-to-37,image,png,897003,9825bb0a,production-candidate,,nexsas-images-reconstructed.zip,User-supplied NextSaaS source; retain purchase/license documentation.,0
NSA-ea2a623d-553240,nexsas-images/nexsas-1-to-37/ns-img-482.png,nexsas-1-to-37,image,png,553240,ea2a623d,production-candidate,,nexsas-images-reconstructed.zip,User-supplied NextSaaS source; retain purchase/license documentation.,0
NSA-495fa355-441811,nexsas-images/nexsas-1-to-37/ns-img-483.png,nexsas-1-to-37,image,png,441811,495fa355,production-candidate,,nexsas-images-reconstructed.zip,User-supplied NextSaaS source; retain purchase/license documentation.,0
NSA-7c31f43b-867496,nexsas-images/nexsas-1-to-37/ns-img-484.png,nexsas-1-to-37,image,png,867496,7c31f43b,production-candidate,,nexsas-images-reconstructed.zip,User-supplied NextSaaS source; retain purchase/license documentation.,0
NSA-c451822c-479957,nexsas-images/nexsas-1-to-37/ns-img-485.png,nexsas-1-to-37,image,png,479957,c451822c,production-candidate,,nexsas-images-reconstructed.zip,User-supplied NextSaaS source; retain purchase/license documentation.,0
NSA-1eea0847-407080,nexsas-images/nexsas-1-to-37/ns-img-486.png,nexsas-1-to-37,image,png,407080,1eea0847,production-candidate,,nexsas-images-reconstructed.zip,User-supplied NextSaaS source; retain purchase/license documentation.,0
NSA-65b406ac-809203,nexsas-images/nexsas-1-to-37/ns-img-487.png,nexsas-1-to-37,image,png,809203,65b406ac,production-candidate,,nexsas-images-reconstructed.zip,User-supplied NextSaaS source; retain purchase/license documentation.,0
NSA-70343feb-441955,nexsas-images/nexsas-1-to-37/ns-img-488.png,nexsas-1-to-37,image,png,441955,70343feb,production-candidate,,nexsas-images-reconstructed.zip,User-supplied NextSaaS source; retain purchase/license documentation.,0
NSA-c97de31f-585971,nexsas-images/nexsas-1-to-37/ns-img-489.png,nexsas-1-to-37,image,png,585971,c97de31f,production-candidate,,nexsas-images-reconstructed.zip,User-supplied NextSaaS source; retain purchase/license documentation.,0
NSA-d99836cc-61406,nexsas-images/nexsas-1-to-37/ns-img-49.png,nexsas-1-to-37,image,png,61406,d99836cc,production-candidate,,nexsas-images-reconstructed.zip,User-supplied NextSaaS source; retain purchase/license documentation.,0
NSA-9368cf0b-245543,nexsas-images/nexsas-1-to-37/ns-img-490.jpg,nexsas-1-to-37,image,jpg,245543,9368cf0b,production-candidate,,nexsas-images-reconstructed.zip,User-supplied NextSaaS source; retain purchase/license documentation.,0
NSA-4df0042e-426348,nexsas-images/nexsas-1-to-37/ns-img-491.jpg,nexsas-1-to-37,image,jpg,426348,4df0042e,production-candidate,,nexsas-images-reconstructed.zip,User-supplied NextSaaS source; retain purchase/license documentation.,0
NSA-267e1485-969324,nexsas-images/nexsas-1-to-37/ns-img-5.png,nexsas-1-to-37,image,png,969324,267e1485,production-candidate,,nexsas-images-reconstructed.zip,User-supplied NextSaaS source; retain purchase/license documentation.,0
NSA-2421865e-119314,nexsas-images/nexsas-1-to-37/ns-img-50.png,nexsas-1-to-37,image,png,119314,2421865e,production-candidate,,nexsas-images-reconstructed.zip,User-supplied NextSaaS source; retain purchase/license documentation.,0
NSA-5ae5790c-223338,nexsas-images/nexsas-1-to-37/ns-img-500.png,nexsas-1-to-37,image,png,223338,5ae5790c,production-candidate,,nexsas-images-reconstructed.zip,User-supplied NextSaaS source; retain purchase/license documentation.,0
NSA-fc8dfed4-1805562,nexsas-images/nexsas-1-to-37/ns-img-502.png,nexsas-1-to-37,image,png,1805562,fc8dfed4,production-candidate,,nexsas-images-reconstructed.zip,User-supplied NextSaaS source; retain purchase/license documentation.,0
NSA-cb1f160c-1143732,nexsas-images/nexsas-1-to-37/ns-img-503.png,nexsas-1-to-37,image,png,1143732,cb1f160c,production-candidate,,nexsas-images-reconstructed.zip,User-supplied NextSaaS source; retain purchase/license documentation.,0
NSA-b70cb741-212471,nexsas-images/nexsas-1-to-37/ns-img-505.png,nexsas-1-to-37,image,png,212471,b70cb741,production-candidate,,nexsas-images-reconstructed.zip,User-supplied NextSaaS source; retain purchase/license documentation.,0
NSA-69c68d27-931936,nexsas-images/nexsas-1-to-37/ns-img-506.png,nexsas-1-to-37,image,png,931936,69c68d27,production-candidate,,nexsas-images-reconstructed.zip,User-supplied NextSaaS source; retain purchase/license documentation.,0
NSA-3a06a95c-92030,nexsas-images/nexsas-1-to-37/ns-img-507.png,nexsas-1-to-37,image,png,92030,3a06a95c,production-candidate,,nexsas-images-reconstructed.zip,User-supplied NextSaaS source; retain purchase/license documentation.,0
NSA-9cbd4bba-19554,nexsas-images/nexsas-1-to-37/ns-img-51.svg,nexsas-1-to-37,vector,svg,19554,9cbd4bba,production-candidate,,nexsas-images-reconstructed.zip,User-supplied NextSaaS source; retain purchase/license documentation.,0
NSA-3c3f1b98-1313459,nexsas-images/nexsas-1-to-37/ns-img-511.png,nexsas-1-to-37,image,png,1313459,3c3f1b98,production-candidate,,nexsas-images-reconstructed.zip,User-supplied NextSaaS source; retain purchase/license documentation.,0
NSA-5d0ffdc8-1258613,nexsas-images/nexsas-1-to-37/ns-img-512.png,nexsas-1-to-37,image,png,1258613,5d0ffdc8,production-candidate,,nexsas-images-reconstructed.zip,User-supplied NextSaaS source; retain purchase/license documentation.,0
NSA-e3bfd551-1025822,nexsas-images/nexsas-1-to-37/ns-img-513.png,nexsas-1-to-37,image,png,1025822,e3bfd551,production-candidate,,nexsas-images-reconstructed.zip,User-supplied NextSaaS source; retain purchase/license documentation.,0
NSA-7663455d-646232,nexsas-images/nexsas-1-to-37/ns-img-514.png,nexsas-1-to-37,image,png,646232,7663455d,production-candidate,,nexsas-images-reconstructed.zip,User-supplied NextSaaS source; retain purchase/license documentation.,0
NSA-67fc8bab-316218,nexsas-images/nexsas-1-to-37/ns-img-519.png,nexsas-1-to-37,image,png,316218,67fc8bab,production-candidate,,nexsas-images-reconstructed.zip,User-supplied NextSaaS source; retain purchase/license documentation.,0
NSA-5221300b-883124,nexsas-images/nexsas-1-to-37/ns-img-525.png,nexsas-1-to-37,image,png,883124,5221300b,production-candidate,,nexsas-images-reconstructed.zip,User-supplied NextSaaS source; retain purchase/license documentation.,0
NSA-6a6603b8-707326,nexsas-images/nexsas-1-to-37/ns-img-526.png,nexsas-1-to-37,image,png,707326,6a6603b8,production-candidate,,nexsas-images-reconstructed.zip,User-supplied NextSaaS source; retain purchase/license documentation.,0
NSA-c0689a55-1617805,nexsas-images/nexsas-1-to-37/ns-img-527.png,nexsas-1-to-37,image,png,1617805,c0689a55,production-candidate,,nexsas-images-reconstructed.zip,User-supplied NextSaaS source; retain purchase/license documentation.,0
NSA-fdfaa857-762339,nexsas-images/nexsas-1-to-37/ns-img-528.png,nexsas-1-to-37,image,png,762339,fdfaa857,production-candidate,,nexsas-images-reconstructed.zip,User-supplied NextSaaS source; retain purchase/license documentation.,0
NSA-db801eae-15718,nexsas-images/nexsas-1-to-37/ns-img-53.svg,nexsas-1-to-37,vector,svg,15718,db801eae,production-candidate,,nexsas-images-reconstructed.zip,User-supplied NextSaaS source; retain purchase/license documentation.,0
NSA-4fae757c-888621,nexsas-images/nexsas-1-to-37/ns-img-530.png,nexsas-1-to-37,image,png,888621,4fae757c,production-candidate,,nexsas-images-reconstructed.zip,User-supplied NextSaaS source; retain purchase/license documentation.,0
NSA-aa51f660-774239,nexsas-images/nexsas-1-to-37/ns-img-531.png,nexsas-1-to-37,image,png,774239,aa51f660,production-candidate,,nexsas-images-reconstructed.zip,User-supplied NextSaaS source; retain purchase/license documentation.,0
NSA-b6c9c7e8-539085,nexsas-images/nexsas-1-to-37/ns-img-534.png,nexsas-1-to-37,image,png,539085,b6c9c7e8,production-candidate,,nexsas-images-reconstructed.zip,User-supplied NextSaaS source; retain purchase/license documentation.,0
NSA-c5aec293-828696,nexsas-images/nexsas-1-to-37/ns-img-535.png,nexsas-1-to-37,image,png,828696,c5aec293,production-candidate,,nexsas-images-reconstructed.zip,User-supplied NextSaaS source; retain purchase/license documentation.,0
NSA-ebfbe3fb-783247,nexsas-images/nexsas-1-to-37/ns-img-537.png,nexsas-1-to-37,image,png,783247,ebfbe3fb,production-candidate,,nexsas-images-reconstructed.zip,User-supplied NextSaaS source; retain purchase/license documentation.,0
NSA-79c340ac-374442,nexsas-images/nexsas-1-to-37/ns-img-538.png,nexsas-1-to-37,image,png,374442,79c340ac,production-candidate,,nexsas-images-reconstructed.zip,User-supplied NextSaaS source; retain purchase/license documentation.,0
NSA-09a530ad-13464,nexsas-images/nexsas-1-to-37/ns-img-54.svg,nexsas-1-to-37,vector,svg,13464,09a530ad,production-candidate,,nexsas-images-reconstructed.zip,User-supplied NextSaaS source; retain purchase/license documentation.,0
NSA-9f0f8b02-522288,nexsas-images/nexsas-1-to-37/ns-img-540.png,nexsas-1-to-37,image,png,522288,9f0f8b02,production-candidate,,nexsas-images-reconstructed.zip,User-supplied NextSaaS source; retain purchase/license documentation.,0
NSA-1b6e5fa9-512555,nexsas-images/nexsas-1-to-37/ns-img-541.png,nexsas-1-to-37,image,png,512555,1b6e5fa9,production-candidate,,nexsas-images-reconstructed.zip,User-supplied NextSaaS source; retain purchase/license documentation.,0
NSA-45c22c54-85260,nexsas-images/nexsas-1-to-37/ns-img-55.svg,nexsas-1-to-37,vector,svg,85260,45c22c54,production-candidate,,nexsas-images-reconstructed.zip,User-supplied NextSaaS source; retain purchase/license documentation.,0
NSA-adbefd2d-551900,nexsas-images/nexsas-1-to-37/ns-img-56.png,nexsas-1-to-37,image,png,551900,adbefd2d,production-candidate,,nexsas-images-reconstructed.zip,User-supplied NextSaaS source; retain purchase/license documentation.,0
NSA-69f24e7e-516065,nexsas-images/nexsas-1-to-37/ns-img-6.png,nexsas-1-to-37,image,png,516065,69f24e7e,production-candidate,,nexsas-images-reconstructed.zip,User-supplied NextSaaS source; retain purchase/license documentation.,0
NSA-0acee961-27295,nexsas-images/nexsas-1-to-37/ns-img-60.svg,nexsas-1-to-37,vector,svg,27295,0acee961,production-candidate,,nexsas-images-reconstructed.zip,User-supplied NextSaaS source; retain purchase/license documentation.,0
NSA-10b74cb6-21919,nexsas-images/nexsas-1-to-37/ns-img-61.svg,nexsas-1-to-37,vector,svg,21919,10b74cb6,production-candidate,,nexsas-images-reconstructed.zip,User-supplied NextSaaS source; retain purchase/license documentation.,0
NSA-3455acec-22133,nexsas-images/nexsas-1-to-37/ns-img-62.svg,nexsas-1-to-37,vector,svg,22133,3455acec,production-candidate,,nexsas-images-reconstructed.zip,User-supplied NextSaaS source; retain purchase/license documentation.,0
NSA-90ed4522-18276,nexsas-images/nexsas-1-to-37/ns-img-63.png,nexsas-1-to-37,image,png,18276,90ed4522,production-candidate,,nexsas-images-reconstructed.zip,User-supplied NextSaaS source; retain purchase/license documentation.,0
NSA-7f322a93-13927,nexsas-images/nexsas-1-to-37/ns-img-64.svg,nexsas-1-to-37,vector,svg,13927,7f322a93,production-candidate,,nexsas-images-reconstructed.zip,User-supplied NextSaaS source; retain purchase/license documentation.,0
NSA-9561b3ae-13927,nexsas-images/nexsas-1-to-37/ns-img-65.svg,nexsas-1-to-37,vector,svg,13927,9561b3ae,production-candidate,,nexsas-images-reconstructed.zip,User-supplied NextSaaS source; retain purchase/license documentation.,0
NSA-b56cc799-1540519,nexsas-images/nexsas-1-to-37/ns-img-74.png,nexsas-1-to-37,image,png,1540519,b56cc799,production-candidate,,nexsas-images-reconstructed.zip,User-supplied NextSaaS source; retain purchase/license documentation.,0
NSA-bc6f73a0-403038,nexsas-images/nexsas-1-to-37/ns-img-75.png,nexsas-1-to-37,image,png,403038,bc6f73a0,production-candidate,,nexsas-images-reconstructed.zip,User-supplied NextSaaS source; retain purchase/license documentation.,0
NSA-580b4ff6-1226978,nexsas-images/nexsas-1-to-37/ns-img-76.png,nexsas-1-to-37,image,png,1226978,580b4ff6,production-candidate,,nexsas-images-reconstructed.zip,User-supplied NextSaaS source; retain purchase/license documentation.,0
NSA-c3158bb1-1044730,nexsas-images/nexsas-1-to-37/ns-img-8.png,nexsas-1-to-37,image,png,1044730,c3158bb1,production-candidate,,nexsas-images-reconstructed.zip,User-supplied NextSaaS source; retain purchase/license documentation.,0
NSA-1d181a54-526961,nexsas-images/nexsas-1-to-37/ns-img-80.png,nexsas-1-to-37,image,png,526961,1d181a54,production-candidate,,nexsas-images-reconstructed.zip,User-supplied NextSaaS source; retain purchase/license documentation.,0
NSA-7d44586c-39015,nexsas-images/nexsas-1-to-37/ns-img-82.png,nexsas-1-to-37,image,png,39015,7d44586c,production-candidate,,nexsas-images-reconstructed.zip,User-supplied NextSaaS source; retain purchase/license documentation.,0
NSA-3b76dafc-17608,nexsas-images/nexsas-1-to-37/ns-img-83.png,nexsas-1-to-37,image,png,17608,3b76dafc,production-candidate,,nexsas-images-reconstructed.zip,User-supplied NextSaaS source; retain purchase/license documentation.,0
NSA-83c05b10-1326501,nexsas-images/nexsas-1-to-37/ns-img-85.png,nexsas-1-to-37,image,png,1326501,83c05b10,production-candidate,,nexsas-images-reconstructed.zip,User-supplied NextSaaS source; retain purchase/license documentation.,0
NSA-2559cc13-18945,nexsas-images/nexsas-1-to-37/ns-img-86.png,nexsas-1-to-37,image,png,18945,2559cc13,production-candidate,,nexsas-images-reconstructed.zip,User-supplied NextSaaS source; retain purchase/license documentation.,0
NSA-74ecf936-56741,nexsas-images/nexsas-1-to-37/ns-img-87.png,nexsas-1-to-37,image,png,56741,74ecf936,production-candidate,,nexsas-images-reconstructed.zip,User-supplied NextSaaS source; retain purchase/license documentation.,0
NSA-c9f3ca35-24852,nexsas-images/nexsas-1-to-37/ns-img-88.png,nexsas-1-to-37,image,png,24852,c9f3ca35,production-candidate,,nexsas-images-reconstructed.zip,User-supplied NextSaaS source; retain purchase/license documentation.,0
NSA-a648e7ea-22007,nexsas-images/nexsas-1-to-37/ns-img-89.png,nexsas-1-to-37,image,png,22007,a648e7ea,production-candidate,,nexsas-images-reconstructed.zip,User-supplied NextSaaS source; retain purchase/license documentation.,0
NSA-24ddb6d6-1112144,nexsas-images/nexsas-1-to-37/ns-img-9.png,nexsas-1-to-37,image,png,1112144,24ddb6d6,production-candidate,,nexsas-images-reconstructed.zip,User-supplied NextSaaS source; retain purchase/license documentation.,0
NSA-5e352dbd-28896,nexsas-images/nexsas-1-to-37/ns-img-90.png,nexsas-1-to-37,image,png,28896,5e352dbd,production-candidate,,nexsas-images-reconstructed.zip,User-supplied NextSaaS source; retain purchase/license documentation.,0
NSA-c15e14df-31167,nexsas-images/nexsas-1-to-37/ns-img-91.png,nexsas-1-to-37,image,png,31167,c15e14df,production-candidate,,nexsas-images-reconstructed.zip,User-supplied NextSaaS source; retain purchase/license documentation.,0
NSA-776f8343-25543,nexsas-images/nexsas-1-to-37/ns-img-92.png,nexsas-1-to-37,image,png,25543,776f8343,production-candidate,,nexsas-images-reconstructed.zip,User-supplied NextSaaS source; retain purchase/license documentation.,0
NSA-ba8c7dd9-180013,nexsas-images/nexsas-1-to-37/ns-img-93.png,nexsas-1-to-37,image,png,180013,ba8c7dd9,production-candidate,,nexsas-images-reconstructed.zip,User-supplied NextSaaS source; retain purchase/license documentation.,0
NSA-d81173dc-31560,nexsas-images/nexsas-1-to-37/ns-img-94.png,nexsas-1-to-37,image,png,31560,d81173dc,production-candidate,,nexsas-images-reconstructed.zip,User-supplied NextSaaS source; retain purchase/license documentation.,0
NSA-6a95e136-1410201,nexsas-images/nexsas-1-to-37/ns-img-95.png,nexsas-1-to-37,image,png,1410201,6a95e136,production-candidate,,nexsas-images-reconstructed.zip,User-supplied NextSaaS source; retain purchase/license documentation.,0
NSA-6465617f-879749,nexsas-images/nexsas-1-to-37/ns-img-98.svg,nexsas-1-to-37,vector,svg,879749,6465617f,production-candidate,,nexsas-images-reconstructed.zip,User-supplied NextSaaS source; retain purchase/license documentation.,0
NSA-d1719a49-1212,nexsas-images/nexsas-1-to-37/ns-img-99.svg,nexsas-1-to-37,vector,svg,1212,d1719a49,production-candidate,,nexsas-images-reconstructed.zip,User-supplied NextSaaS source; retain purchase/license documentation.,0
NSA-a99125d7-29511,nexsas-images/nexsas-1-to-37/ns-img-dark-1.svg,nexsas-1-to-37,vector,svg,29511,a99125d7,production-candidate,,nexsas-images-reconstructed.zip,User-supplied NextSaaS source; retain purchase/license documentation.,0
NSA-a10772c3-460221,nexsas-images/nexsas-1-to-37/ns-img-dark-10.png,nexsas-1-to-37,image,png,460221,a10772c3,production-candidate,,nexsas-images-reconstructed.zip,User-supplied NextSaaS source; retain purchase/license documentation.,0
NSA-d7f032e7-20142,nexsas-images/nexsas-1-to-37/ns-img-dark-100.png,nexsas-1-to-37,image,png,20142,d7f032e7,production-candidate,,nexsas-images-reconstructed.zip,User-supplied NextSaaS source; retain purchase/license documentation.,0
NSA-345eec2a-122349,nexsas-images/nexsas-1-to-37/ns-img-dark-101.png,nexsas-1-to-37,image,png,122349,345eec2a,production-candidate,,nexsas-images-reconstructed.zip,User-supplied NextSaaS source; retain purchase/license documentation.,0
NSA-41029001-44561,nexsas-images/nexsas-1-to-37/ns-img-dark-102.png,nexsas-1-to-37,image,png,44561,41029001,production-candidate,,nexsas-images-reconstructed.zip,User-supplied NextSaaS source; retain purchase/license documentation.,0
NSA-baa6749e-1282,nexsas-images/nexsas-1-to-37/ns-img-dark-103.png,nexsas-1-to-37,image,png,1282,baa6749e,production-candidate,,nexsas-images-reconstructed.zip,User-supplied NextSaaS source; retain purchase/license documentation.,0
NSA-50061212-61724,nexsas-images/nexsas-1-to-37/ns-img-dark-104.png,nexsas-1-to-37,image,png,61724,50061212,production-candidate,,nexsas-images-reconstructed.zip,User-supplied NextSaaS source; retain purchase/license documentation.,0
NSA-cfdd0fce-345220,nexsas-images/nexsas-1-to-37/ns-img-dark-105.png,nexsas-1-to-37,image,png,345220,cfdd0fce,production-candidate,,nexsas-images-reconstructed.zip,User-supplied NextSaaS source; retain purchase/license documentation.,0
NSA-065edab4-19040,nexsas-images/nexsas-1-to-37/ns-img-dark-106.png,nexsas-1-to-37,image,png,19040,065edab4,production-candidate,,nexsas-images-reconstructed.zip,User-supplied NextSaaS source; retain purchase/license documentation.,0
NSA-160ef81f-16158,nexsas-images/nexsas-1-to-37/ns-img-dark-107.png,nexsas-1-to-37,image,png,16158,160ef81f,production-candidate,,nexsas-images-reconstructed.zip,User-supplied NextSaaS source; retain purchase/license documentation.,0
NSA-cbb840c6-24866,nexsas-images/nexsas-1-to-37/ns-img-dark-108.png,nexsas-1-to-37,image,png,24866,cbb840c6,production-candidate,,nexsas-images-reconstructed.zip,User-supplied NextSaaS source; retain purchase/license documentation.,0
NSA-ac2cfbbb-22302,nexsas-images/nexsas-1-to-37/ns-img-dark-109.png,nexsas-1-to-37,image,png,22302,ac2cfbbb,production-candidate,,nexsas-images-reconstructed.zip,User-supplied NextSaaS source; retain purchase/license documentation.,0
NSA-f8f6a7a4-4142,nexsas-images/nexsas-1-to-37/ns-img-dark-110.svg,nexsas-1-to-37,vector,svg,4142,f8f6a7a4,production-candidate,,nexsas-images-reconstructed.zip,User-supplied NextSaaS source; retain purchase/license documentation.,0
NSA-6e4322db-12225,nexsas-images/nexsas-1-to-37/ns-img-dark-111.png,nexsas-1-to-37,image,png,12225,6e4322db,production-candidate,,nexsas-images-reconstructed.zip,User-supplied NextSaaS source; retain purchase/license documentation.,0
NSA-8d0fa035-483915,nexsas-images/nexsas-1-to-37/ns-img-dark-112.png,nexsas-1-to-37,image,png,483915,8d0fa035,production-candidate,,nexsas-images-reconstructed.zip,User-supplied NextSaaS source; retain purchase/license documentation.,0
NSA-0d78b738-46727,nexsas-images/nexsas-1-to-37/ns-img-dark-113.png,nexsas-1-to-37,image,png,46727,0d78b738,production-candidate,,nexsas-images-reconstructed.zip,User-supplied NextSaaS source; retain purchase/license documentation.,0
NSA-75aea6df-26430,nexsas-images/nexsas-1-to-37/ns-img-dark-114.png,nexsas-1-to-37,image,png,26430,75aea6df,production-candidate,,nexsas-images-reconstructed.zip,User-supplied NextSaaS source; retain purchase/license documentation.,0
NSA-d026d333-146369,nexsas-images/nexsas-1-to-37/ns-img-dark-115.png,nexsas-1-to-37,image,png,146369,d026d333,production-candidate,,nexsas-images-reconstructed.zip,User-supplied NextSaaS source; retain purchase/license documentation.,0
NSA-5480563a-91960,nexsas-images/nexsas-1-to-37/ns-img-dark-12.png,nexsas-1-to-37,image,png,91960,5480563a,production-candidate,,nexsas-images-reconstructed.zip,User-supplied NextSaaS source; retain purchase/license documentation.,0
NSA-3877d7a0-70182,nexsas-images/nexsas-1-to-37/ns-img-dark-126.svg,nexsas-1-to-37,vector,svg,70182,3877d7a0,production-candidate,,nexsas-images-reconstructed.zip,User-supplied NextSaaS source; retain purchase/license documentation.,0
NSA-e25d1dc6-81015,nexsas-images/nexsas-1-to-37/ns-img-dark-127.png,nexsas-1-to-37,image,png,81015,e25d1dc6,production-candidate,,nexsas-images-reconstructed.zip,User-supplied NextSaaS source; retain purchase/license documentation.,0
NSA-5067153e-57117,nexsas-images/nexsas-1-to-37/ns-img-dark-128.svg,nexsas-1-to-37,vector,svg,57117,5067153e,production-candidate,,nexsas-images-reconstructed.zip,User-supplied NextSaaS source; retain purchase/license documentation.,0
NSA-bd55d96c-6284,nexsas-images/nexsas-1-to-37/ns-img-dark-129.png,nexsas-1-to-37,image,png,6284,bd55d96c,production-candidate,,nexsas-images-reconstructed.zip,User-supplied NextSaaS source; retain purchase/license documentation.,0
NSA-276814d9-20328,nexsas-images/nexsas-1-to-37/ns-img-dark-13.svg,nexsas-1-to-37,vector,svg,20328,276814d9,production-candidate,,nexsas-images-reconstructed.zip,User-supplied NextSaaS source; retain purchase/license documentation.,0
NSA-30bc9c70-38336,nexsas-images/nexsas-1-to-37/ns-img-dark-130.svg,nexsas-1-to-37,vector,svg,38336,30bc9c70,production-candidate,,nexsas-images-reconstructed.zip,User-supplied NextSaaS source; retain purchase/license documentation.,0
NSA-d79acbb2-27499,nexsas-images/nexsas-1-to-37/ns-img-dark-131.png,nexsas-1-to-37,image,png,27499,d79acbb2,production-candidate,,nexsas-images-reconstructed.zip,User-supplied NextSaaS source; retain purchase/license documentation.,0
NSA-258b848c-41562,nexsas-images/nexsas-1-to-37/ns-img-dark-132.png,nexsas-1-to-37,image,png,41562,258b848c,production-candidate,,nexsas-images-reconstructed.zip,User-supplied NextSaaS source; retain purchase/license documentation.,0
NSA-2f8d2256-70737,nexsas-images/nexsas-1-to-37/ns-img-dark-133.png,nexsas-1-to-37,image,png,70737,2f8d2256,production-candidate,,nexsas-images-reconstructed.zip,User-supplied NextSaaS source; retain purchase/license documentation.,0
NSA-68b11559-32618,nexsas-images/nexsas-1-to-37/ns-img-dark-134.png,nexsas-1-to-37,image,png,32618,68b11559,production-candidate,,nexsas-images-reconstructed.zip,User-supplied NextSaaS source; retain purchase/license documentation.,0
NSA-3b4a7a7c-8077,nexsas-images/nexsas-1-to-37/ns-img-dark-135.png,nexsas-1-to-37,image,png,8077,3b4a7a7c,production-candidate,,nexsas-images-reconstructed.zip,User-supplied NextSaaS source; retain purchase/license documentation.,0
NSA-3a8eb151-23796,nexsas-images/nexsas-1-to-37/ns-img-dark-136.png,nexsas-1-to-37,image,png,23796,3a8eb151,production-candidate,,nexsas-images-reconstructed.zip,User-supplied NextSaaS source; retain purchase/license documentation.,0
NSA-50b178e5-566384,nexsas-images/nexsas-1-to-37/ns-img-dark-137.jpg,nexsas-1-to-37,image,jpg,566384,50b178e5,production-candidate,,nexsas-images-reconstructed.zip,User-supplied NextSaaS source; retain purchase/license documentation.,0
NSA-db53c244-942562,nexsas-images/nexsas-1-to-37/ns-img-dark-138.png,nexsas-1-to-37,image,png,942562,db53c244,production-candidate,,nexsas-images-reconstructed.zip,User-supplied NextSaaS source; retain purchase/license documentation.,0
NSA-b699be7c-911293,nexsas-images/nexsas-1-to-37/ns-img-dark-139.png,nexsas-1-to-37,image,png,911293,b699be7c,production-candidate,,nexsas-images-reconstructed.zip,User-supplied NextSaaS source; retain purchase/license documentation.,0
NSA-f758520d-24141,nexsas-images/nexsas-1-to-37/ns-img-dark-14.png,nexsas-1-to-37,image,png,24141,f758520d,production-candidate,,nexsas-images-reconstructed.zip,User-supplied NextSaaS source; retain purchase/license documentation.,0
NSA-e8a10bb2-758087,nexsas-images/nexsas-1-to-37/ns-img-dark-140.jpg,nexsas-1-to-37,image,jpg,758087,e8a10bb2,production-candidate,,nexsas-images-reconstructed.zip,User-supplied NextSaaS source; retain purchase/license documentation.,0
NSA-55d9523f-326390,nexsas-images/nexsas-1-to-37/ns-img-dark-142.png,nexsas-1-to-37,image,png,326390,55d9523f,production-candidate,,nexsas-images-reconstructed.zip,User-supplied NextSaaS source; retain purchase/license documentation.,0
NSA-2e697a6e-14030,nexsas-images/nexsas-1-to-37/ns-img-dark-143.png,nexsas-1-to-37,image,png,14030,2e697a6e,production-candidate,,nexsas-images-reconstructed.zip,User-supplied NextSaaS source; retain purchase/license documentation.,0
NSA-b0f5a8fe-1300,nexsas-images/nexsas-1-to-37/ns-img-dark-144.svg,nexsas-1-to-37,vector,svg,1300,b0f5a8fe,production-candidate,,nexsas-images-reconstructed.zip,User-supplied NextSaaS source; retain purchase/license documentation.,0
NSA-3944faf8-16077,nexsas-images/nexsas-1-to-37/ns-img-dark-145.svg,nexsas-1-to-37,vector,svg,16077,3944faf8,production-candidate,,nexsas-images-reconstructed.zip,User-supplied NextSaaS source; retain purchase/license documentation.,0
NSA-286d5757-62699,nexsas-images/nexsas-1-to-37/ns-img-dark-146.svg,nexsas-1-to-37,vector,svg,62699,286d5757,production-candidate,,nexsas-images-reconstructed.zip,User-supplied NextSaaS source; retain purchase/license documentation.,0
NSA-a487e656-188612,nexsas-images/nexsas-1-to-37/ns-img-dark-147.png,nexsas-1-to-37,image,png,188612,a487e656,production-candidate,,nexsas-images-reconstructed.zip,User-supplied NextSaaS source; retain purchase/license documentation.,0
NSA-745d51d4-86508,nexsas-images/nexsas-1-to-37/ns-img-dark-148.svg,nexsas-1-to-37,vector,svg,86508,745d51d4,production-candidate,,nexsas-images-reconstructed.zip,User-supplied NextSaaS source; retain purchase/license documentation.,0
NSA-c3f1f0ef-203583,nexsas-images/nexsas-1-to-37/ns-img-dark-149.png,nexsas-1-to-37,image,png,203583,c3f1f0ef,production-candidate,,nexsas-images-reconstructed.zip,User-supplied NextSaaS source; retain purchase/license documentation.,0
NSA-de7bd89d-17064,nexsas-images/nexsas-1-to-37/ns-img-dark-15.png,nexsas-1-to-37,image,png,17064,de7bd89d,production-candidate,,nexsas-images-reconstructed.zip,User-supplied NextSaaS source; retain purchase/license documentation.,0
NSA-3f1f0e79-201065,nexsas-images/nexsas-1-to-37/ns-img-dark-150.png,nexsas-1-to-37,image,png,201065,3f1f0e79,production-candidate,,nexsas-images-reconstructed.zip,User-supplied NextSaaS source; retain purchase/license documentation.,0
NSA-e300a266-11041,nexsas-images/nexsas-1-to-37/ns-img-dark-151.png,nexsas-1-to-37,image,png,11041,e300a266,production-candidate,,nexsas-images-reconstructed.zip,User-supplied NextSaaS source; retain purchase/license documentation.,0
NSA-1c846443-32509,nexsas-images/nexsas-1-to-37/ns-img-dark-152.png,nexsas-1-to-37,image,png,32509,1c846443,production-candidate,,nexsas-images-reconstructed.zip,User-supplied NextSaaS source; retain purchase/license documentation.,0
NSA-959d17ab-8624,nexsas-images/nexsas-1-to-37/ns-img-dark-153.png,nexsas-1-to-37,image,png,8624,959d17ab,production-candidate,,nexsas-images-reconstructed.zip,User-supplied NextSaaS source; retain purchase/license documentation.,0
NSA-a746be42-20459,nexsas-images/nexsas-1-to-37/ns-img-dark-154.png,nexsas-1-to-37,image,png,20459,a746be42,production-candidate,,nexsas-images-reconstructed.zip,User-supplied NextSaaS source; retain purchase/license documentation.,0
NSA-861d745e-68222,nexsas-images/nexsas-1-to-37/ns-img-dark-155.png,nexsas-1-to-37,image,png,68222,861d745e,production-candidate,,nexsas-images-reconstructed.zip,User-supplied NextSaaS source; retain purchase/license documentation.,0
NSA-7afd4727-16915,nexsas-images/nexsas-1-to-37/ns-img-dark-156.png,nexsas-1-to-37,image,png,16915,7afd4727,production-candidate,,nexsas-images-reconstructed.zip,User-supplied NextSaaS source; retain purchase/license documentation.,0
NSA-8c5c930f-30794,nexsas-images/nexsas-1-to-37/ns-img-dark-157.svg,nexsas-1-to-37,vector,svg,30794,8c5c930f,production-candidate,,nexsas-images-reconstructed.zip,User-supplied NextSaaS source; retain purchase/license documentation.,0
NSA-f9b5a10a-116106,nexsas-images/nexsas-1-to-37/ns-img-dark-158.png,nexsas-1-to-37,image,png,116106,f9b5a10a,production-candidate,,nexsas-images-reconstructed.zip,User-supplied NextSaaS source; retain purchase/license documentation.,0
NSA-6a351dba-16059,nexsas-images/nexsas-1-to-37/ns-img-dark-159.png,nexsas-1-to-37,image,png,16059,6a351dba,production-candidate,,nexsas-images-reconstructed.zip,User-supplied NextSaaS source; retain purchase/license documentation.,0
NSA-b953f142-21884,nexsas-images/nexsas-1-to-37/ns-img-dark-16.png,nexsas-1-to-37,image,png,21884,b953f142,production-candidate,,nexsas-images-reconstructed.zip,User-supplied NextSaaS source; retain purchase/license documentation.,0
NSA-08a2eb7f-17348,nexsas-images/nexsas-1-to-37/ns-img-dark-160.png,nexsas-1-to-37,image,png,17348,08a2eb7f,production-candidate,,nexsas-images-reconstructed.zip,User-supplied NextSaaS source; retain purchase/license documentation.,0
NSA-f3323a4e-19533,nexsas-images/nexsas-1-to-37/ns-img-dark-162.svg,nexsas-1-to-37,vector,svg,19533,f3323a4e,production-candidate,,nexsas-images-reconstructed.zip,User-supplied NextSaaS source; retain purchase/license documentation.,0
NSA-9bd085af-492591,nexsas-images/nexsas-1-to-37/ns-img-dark-163.png,nexsas-1-to-37,image,png,492591,9bd085af,production-candidate,,nexsas-images-reconstructed.zip,User-supplied NextSaaS source; retain purchase/license documentation.,0
NSA-083b1389-13072,nexsas-images/nexsas-1-to-37/ns-img-dark-164.png,nexsas-1-to-37,image,png,13072,083b1389,production-candidate,,nexsas-images-reconstructed.zip,User-supplied NextSaaS source; retain purchase/license documentation.,0
NSA-7efca7b7-10868,nexsas-images/nexsas-1-to-37/ns-img-dark-165.png,nexsas-1-to-37,image,png,10868,7efca7b7,production-candidate,,nexsas-images-reconstructed.zip,User-supplied NextSaaS source; retain purchase/license documentation.,0
NSA-72d10360-13007,nexsas-images/nexsas-1-to-37/ns-img-dark-166.png,nexsas-1-to-37,image,png,13007,72d10360,production-candidate,,nexsas-images-reconstructed.zip,User-supplied NextSaaS source; retain purchase/license documentation.,0
NSA-485d2eec-16333,nexsas-images/nexsas-1-to-37/ns-img-dark-167.png,nexsas-1-to-37,image,png,16333,485d2eec,production-candidate,,nexsas-images-reconstructed.zip,User-supplied NextSaaS source; retain purchase/license documentation.,0
NSA-238c09d7-44770,nexsas-images/nexsas-1-to-37/ns-img-dark-168.png,nexsas-1-to-37,image,png,44770,238c09d7,production-candidate,,nexsas-images-reconstructed.zip,User-supplied NextSaaS source; retain purchase/license documentation.,0
NSA-9b1eb559-24064,nexsas-images/nexsas-1-to-37/ns-img-dark-169.png,nexsas-1-to-37,image,png,24064,9b1eb559,production-candidate,,nexsas-images-reconstructed.zip,User-supplied NextSaaS source; retain purchase/license documentation.,0
NSA-40033b25-7702,nexsas-images/nexsas-1-to-37/ns-img-dark-170.png,nexsas-1-to-37,image,png,7702,40033b25,production-candidate,,nexsas-images-reconstructed.zip,User-supplied NextSaaS source; retain purchase/license documentation.,0
NSA-58ba3a15-59271,nexsas-images/nexsas-1-to-37/ns-img-dark-171.png,nexsas-1-to-37,image,png,59271,58ba3a15,production-candidate,,nexsas-images-reconstructed.zip,User-supplied NextSaaS source; retain purchase/license documentation.,0
NSA-1934d752-184384,nexsas-images/nexsas-1-to-37/ns-img-dark-172.png,nexsas-1-to-37,image,png,184384,1934d752,production-candidate,,nexsas-images-reconstructed.zip,User-supplied NextSaaS source; retain purchase/license documentation.,0
NSA-8622f2e1-21223,nexsas-images/nexsas-1-to-37/ns-img-dark-173.png,nexsas-1-to-37,image,png,21223,8622f2e1,production-candidate,,nexsas-images-reconstructed.zip,User-supplied NextSaaS source; retain purchase/license documentation.,0
NSA-d995e01c-102440,nexsas-images/nexsas-1-to-37/ns-img-dark-174.png,nexsas-1-to-37,image,png,102440,d995e01c,production-candidate,,nexsas-images-reconstructed.zip,User-supplied NextSaaS source; retain purchase/license documentation.,0
NSA-b1fe968e-10647,nexsas-images/nexsas-1-to-37/ns-img-dark-175.png,nexsas-1-to-37,image,png,10647,b1fe968e,production-candidate,,nexsas-images-reconstructed.zip,User-supplied NextSaaS source; retain purchase/license documentation.,0
NSA-4a828d70-37722,nexsas-images/nexsas-1-to-37/ns-img-dark-176.png,nexsas-1-to-37,image,png,37722,4a828d70,production-candidate,,nexsas-images-reconstructed.zip,User-supplied NextSaaS source; retain purchase/license documentation.,0
NSA-90bec116-85604,nexsas-images/nexsas-1-to-37/ns-img-dark-177.png,nexsas-1-to-37,image,png,85604,90bec116,production-candidate,,nexsas-images-reconstructed.zip,User-supplied NextSaaS source; retain purchase/license documentation.,0
NSA-ddf7c3ad-18164,nexsas-images/nexsas-1-to-37/ns-img-dark-178.png,nexsas-1-to-37,image,png,18164,ddf7c3ad,production-candidate,,nexsas-images-reconstructed.zip,User-supplied NextSaaS source; retain purchase/license documentation.,0
NSA-1e24bf03-118774,nexsas-images/nexsas-1-to-37/ns-img-dark-179.png,nexsas-1-to-37,image,png,118774,1e24bf03,production-candidate,,nexsas-images-reconstructed.zip,User-supplied NextSaaS source; retain purchase/license documentation.,0
NSA-e406a3a6-24856,nexsas-images/nexsas-1-to-37/ns-img-dark-180.png,nexsas-1-to-37,image,png,24856,e406a3a6,production-candidate,,nexsas-images-reconstructed.zip,User-supplied NextSaaS source; retain purchase/license documentation.,0
NSA-b05e5c3a-89556,nexsas-images/nexsas-1-to-37/ns-img-dark-181.png,nexsas-1-to-37,image,png,89556,b05e5c3a,production-candidate,,nexsas-images-reconstructed.zip,User-supplied NextSaaS source; retain purchase/license documentation.,0
NSA-7f0c7859-19024,nexsas-images/nexsas-1-to-37/ns-img-dark-182.png,nexsas-1-to-37,image,png,19024,7f0c7859,production-candidate,,nexsas-images-reconstructed.zip,User-supplied NextSaaS source; retain purchase/license documentation.,0
NSA-4b63096f-53782,nexsas-images/nexsas-1-to-37/ns-img-dark-183.png,nexsas-1-to-37,image,png,53782,4b63096f,production-candidate,,nexsas-images-reconstructed.zip,User-supplied NextSaaS source; retain purchase/license documentation.,0
NSA-bbb394ea-200575,nexsas-images/nexsas-1-to-37/ns-img-dark-184.png,nexsas-1-to-37,image,png,200575,bbb394ea,production-candidate,,nexsas-images-reconstructed.zip,User-supplied NextSaaS source; retain purchase/license documentation.,0
NSA-fd131c77-20674,nexsas-images/nexsas-1-to-37/ns-img-dark-185.png,nexsas-1-to-37,image,png,20674,fd131c77,production-candidate,,nexsas-images-reconstructed.zip,User-supplied NextSaaS source; retain purchase/license documentation.,0
NSA-46d19117-289235,nexsas-images/nexsas-1-to-37/ns-img-dark-186.png,nexsas-1-to-37,image,png,289235,46d19117,production-candidate,,nexsas-images-reconstructed.zip,User-supplied NextSaaS source; retain purchase/license documentation.,0
NSA-f1cb5db2-23184,nexsas-images/nexsas-1-to-37/ns-img-dark-187.png,nexsas-1-to-37,image,png,23184,f1cb5db2,production-candidate,,nexsas-images-reconstructed.zip,User-supplied NextSaaS source; retain purchase/license documentation.,0
NSA-c586f59f-20786,nexsas-images/nexsas-1-to-37/ns-img-dark-188.png,nexsas-1-to-37,image,png,20786,c586f59f,production-candidate,,nexsas-images-reconstructed.zip,User-supplied NextSaaS source; retain purchase/license documentation.,0
NSA-989292c7-15199,nexsas-images/nexsas-1-to-37/ns-img-dark-189.png,nexsas-1-to-37,image,png,15199,989292c7,production-candidate,,nexsas-images-reconstructed.zip,User-supplied NextSaaS source; retain purchase/license documentation.,0
NSA-95204c34-19621,nexsas-images/nexsas-1-to-37/ns-img-dark-190.png,nexsas-1-to-37,image,png,19621,95204c34,production-candidate,,nexsas-images-reconstructed.zip,User-supplied NextSaaS source; retain purchase/license documentation.,0
NSA-4edb55ec-48187,nexsas-images/nexsas-1-to-37/ns-img-dark-191.png,nexsas-1-to-37,image,png,48187,4edb55ec,production-candidate,,nexsas-images-reconstructed.zip,User-supplied NextSaaS source; retain purchase/license documentation.,0
NSA-dd63d26d-60781,nexsas-images/nexsas-1-to-37/ns-img-dark-192.png,nexsas-1-to-37,image,png,60781,dd63d26d,production-candidate,,nexsas-images-reconstructed.zip,User-supplied NextSaaS source; retain purchase/license documentation.,0
NSA-8ffaaab1-21801,nexsas-images/nexsas-1-to-37/ns-img-dark-193.png,nexsas-1-to-37,image,png,21801,8ffaaab1,production-candidate,,nexsas-images-reconstructed.zip,User-supplied NextSaaS source; retain purchase/license documentation.,0
NSA-239206f3-525131,nexsas-images/nexsas-1-to-37/ns-img-dark-194.jpg,nexsas-1-to-37,image,jpg,525131,239206f3,production-candidate,,nexsas-images-reconstructed.zip,User-supplied NextSaaS source; retain purchase/license documentation.,0
NSA-2d96ff03-606862,nexsas-images/nexsas-1-to-37/ns-img-dark-195.png,nexsas-1-to-37,image,png,606862,2d96ff03,production-candidate,,nexsas-images-reconstructed.zip,User-supplied NextSaaS source; retain purchase/license documentation.,0
NSA-e1bace67-164808,nexsas-images/nexsas-1-to-37/ns-img-dark-196.png,nexsas-1-to-37,image,png,164808,e1bace67,production-candidate,,nexsas-images-reconstructed.zip,User-supplied NextSaaS source; retain purchase/license documentation.,0
NSA-da6eb035-147883,nexsas-images/nexsas-1-to-37/ns-img-dark-197.png,nexsas-1-to-37,image,png,147883,da6eb035,production-candidate,,nexsas-images-reconstructed.zip,User-supplied NextSaaS source; retain purchase/license documentation.,0
NSA-bc31485c-142558,nexsas-images/nexsas-1-to-37/ns-img-dark-198.png,nexsas-1-to-37,image,png,142558,bc31485c,production-candidate,,nexsas-images-reconstructed.zip,User-supplied NextSaaS source; retain purchase/license documentation.,0
NSA-7eb78726-151042,nexsas-images/nexsas-1-to-37/ns-img-dark-199.jpg,nexsas-1-to-37,image,jpg,151042,7eb78726,production-candidate,,nexsas-images-reconstructed.zip,User-supplied NextSaaS source; retain purchase/license documentation.,0
NSA-91e35608-131096,nexsas-images/nexsas-1-to-37/ns-img-dark-2.png,nexsas-1-to-37,image,png,131096,91e35608,production-candidate,,nexsas-images-reconstructed.zip,User-supplied NextSaaS source; retain purchase/license documentation.,0
NSA-d39036bb-22720,nexsas-images/nexsas-1-to-37/ns-img-dark-200.png,nexsas-1-to-37,image,png,22720,d39036bb,production-candidate,,nexsas-images-reconstructed.zip,User-supplied NextSaaS source; retain purchase/license documentation.,0
NSA-525380b3-59526,nexsas-images/nexsas-1-to-37/ns-img-dark-201.png,nexsas-1-to-37,image,png,59526,525380b3,production-candidate,,nexsas-images-reconstructed.zip,User-supplied NextSaaS source; retain purchase/license documentation.,0
NSA-b9729bf8-35504,nexsas-images/nexsas-1-to-37/ns-img-dark-202.png,nexsas-1-to-37,image,png,35504,b9729bf8,production-candidate,,nexsas-images-reconstructed.zip,User-supplied NextSaaS source; retain purchase/license documentation.,0
NSA-ab8b372a-337219,nexsas-images/nexsas-1-to-37/ns-img-dark-203.png,nexsas-1-to-37,image,png,337219,ab8b372a,production-candidate,,nexsas-images-reconstructed.zip,User-supplied NextSaaS source; retain purchase/license documentation.,0
NSA-6475c7d6-6595,nexsas-images/nexsas-1-to-37/ns-img-dark-23.png,nexsas-1-to-37,image,png,6595,6475c7d6,production-candidate,,nexsas-images-reconstructed.zip,User-supplied NextSaaS source; retain purchase/license documentation.,0
NSA-0ff47914-869424,nexsas-images/nexsas-1-to-37/ns-img-dark-24.png,nexsas-1-to-37,image,png,869424,0ff47914,production-candidate,,nexsas-images-reconstructed.zip,User-supplied NextSaaS source; retain purchase/license documentation.,0
NSA-b4e0bb46-57891,nexsas-images/nexsas-1-to-37/ns-img-dark-25.png,nexsas-1-to-37,image,png,57891,b4e0bb46,production-candidate,,nexsas-images-reconstructed.zip,User-supplied NextSaaS source; retain purchase/license documentation.,0
NSA-66bc49bb-19613,nexsas-images/nexsas-1-to-37/ns-img-dark-26.png,nexsas-1-to-37,image,png,19613,66bc49bb,production-candidate,,nexsas-images-reconstructed.zip,User-supplied NextSaaS source; retain purchase/license documentation.,0
NSA-34369343-912754,nexsas-images/nexsas-1-to-37/ns-img-dark-27.png,nexsas-1-to-37,image,png,912754,34369343,production-candidate,,nexsas-images-reconstructed.zip,User-supplied NextSaaS source; retain purchase/license documentation.,0
NSA-88b3b3d4-63655,nexsas-images/nexsas-1-to-37/ns-img-dark-28.png,nexsas-1-to-37,image,png,63655,88b3b3d4,production-candidate,,nexsas-images-reconstructed.zip,User-supplied NextSaaS source; retain purchase/license documentation.,0
NSA-851ad137-214282,nexsas-images/nexsas-1-to-37/ns-img-dark-29.png,nexsas-1-to-37,image,png,214282,851ad137,production-candidate,,nexsas-images-reconstructed.zip,User-supplied NextSaaS source; retain purchase/license documentation.,0
NSA-276247d5-38188,nexsas-images/nexsas-1-to-37/ns-img-dark-3.png,nexsas-1-to-37,image,png,38188,276247d5,production-candidate,,nexsas-images-reconstructed.zip,User-supplied NextSaaS source; retain purchase/license documentation.,0
NSA-ce36de6d-19415,nexsas-images/nexsas-1-to-37/ns-img-dark-30.svg,nexsas-1-to-37,vector,svg,19415,ce36de6d,production-candidate,,nexsas-images-reconstructed.zip,User-supplied NextSaaS source; retain purchase/license documentation.,0
NSA-188f0b34-15716,nexsas-images/nexsas-1-to-37/ns-img-dark-32.svg,nexsas-1-to-37,vector,svg,15716,188f0b34,production-candidate,,nexsas-images-reconstructed.zip,User-supplied NextSaaS source; retain purchase/license documentation.,0
NSA-6b69dba1-13597,nexsas-images/nexsas-1-to-37/ns-img-dark-33.svg,nexsas-1-to-37,vector,svg,13597,6b69dba1,production-candidate,,nexsas-images-reconstructed.zip,User-supplied NextSaaS source; retain purchase/license documentation.,0
NSA-aaf1ed9e-86226,nexsas-images/nexsas-1-to-37/ns-img-dark-34.svg,nexsas-1-to-37,vector,svg,86226,aaf1ed9e,production-candidate,,nexsas-images-reconstructed.zip,User-supplied NextSaaS source; retain purchase/license documentation.,0
NSA-ce54666f-27276,nexsas-images/nexsas-1-to-37/ns-img-dark-38.svg,nexsas-1-to-37,vector,svg,27276,ce54666f,production-candidate,,nexsas-images-reconstructed.zip,User-supplied NextSaaS source; retain purchase/license documentation.,0
NSA-e7af693b-21923,nexsas-images/nexsas-1-to-37/ns-img-dark-39.svg,nexsas-1-to-37,vector,svg,21923,e7af693b,production-candidate,,nexsas-images-reconstructed.zip,User-supplied NextSaaS source; retain purchase/license documentation.,0
NSA-cde30b75-11678,nexsas-images/nexsas-1-to-37/ns-img-dark-4.svg,nexsas-1-to-37,vector,svg,11678,cde30b75,production-candidate,,nexsas-images-reconstructed.zip,User-supplied NextSaaS source; retain purchase/license documentation.,0
NSA-2178230a-22267,nexsas-images/nexsas-1-to-37/ns-img-dark-40.svg,nexsas-1-to-37,vector,svg,22267,2178230a,production-candidate,,nexsas-images-reconstructed.zip,User-supplied NextSaaS source; retain purchase/license documentation.,0
NSA-9be1713d-53929,nexsas-images/nexsas-1-to-37/ns-img-dark-41.svg,nexsas-1-to-37,vector,svg,53929,9be1713d,production-candidate,,nexsas-images-reconstructed.zip,User-supplied NextSaaS source; retain purchase/license documentation.,0
NSA-2e4463a3-53929,nexsas-images/nexsas-1-to-37/ns-img-dark-42.svg,nexsas-1-to-37,vector,svg,53929,2e4463a3,production-candidate,,nexsas-images-reconstructed.zip,User-supplied NextSaaS source; retain purchase/license documentation.,0
NSA-5f5da4e5-450874,nexsas-images/nexsas-1-to-37/ns-img-dark-50.png,nexsas-1-to-37,image,png,450874,5f5da4e5,production-candidate,,nexsas-images-reconstructed.zip,User-supplied NextSaaS source; retain purchase/license documentation.,0
NSA-5157f03b-1312477,nexsas-images/nexsas-1-to-37/ns-img-dark-51.png,nexsas-1-to-37,image,png,1312477,5157f03b,production-candidate,,nexsas-images-reconstructed.zip,User-supplied NextSaaS source; retain purchase/license documentation.,0
NSA-a136b461-525922,nexsas-images/nexsas-1-to-37/ns-img-dark-54.png,nexsas-1-to-37,image,png,525922,a136b461,production-candidate,,nexsas-images-reconstructed.zip,User-supplied NextSaaS source; retain purchase/license documentation.,0
NSA-aa58b344-38627,nexsas-images/nexsas-1-to-37/ns-img-dark-56.png,nexsas-1-to-37,image,png,38627,aa58b344,production-candidate,,nexsas-images-reconstructed.zip,User-supplied NextSaaS source; retain purchase/license documentation.,0
NSA-4cf79c24-17026,nexsas-images/nexsas-1-to-37/ns-img-dark-57.png,nexsas-1-to-37,image,png,17026,4cf79c24,production-candidate,,nexsas-images-reconstructed.zip,User-supplied NextSaaS source; retain purchase/license documentation.,0
NSA-f77a897e-20079,nexsas-images/nexsas-1-to-37/ns-img-dark-59.png,nexsas-1-to-37,image,png,20079,f77a897e,production-candidate,,nexsas-images-reconstructed.zip,User-supplied NextSaaS source; retain purchase/license documentation.,0
NSA-3845adfd-54545,nexsas-images/nexsas-1-to-37/ns-img-dark-60.png,nexsas-1-to-37,image,png,54545,3845adfd,production-candidate,,nexsas-images-reconstructed.zip,User-supplied NextSaaS source; retain purchase/license documentation.,0
NSA-39ab6042-15508,nexsas-images/nexsas-1-to-37/ns-img-dark-61.png,nexsas-1-to-37,image,png,15508,39ab6042,production-candidate,,nexsas-images-reconstructed.zip,User-supplied NextSaaS source; retain purchase/license documentation.,0
NSA-2d7f311e-14377,nexsas-images/nexsas-1-to-37/ns-img-dark-62.png,nexsas-1-to-37,image,png,14377,2d7f311e,production-candidate,,nexsas-images-reconstructed.zip,User-supplied NextSaaS source; retain purchase/license documentation.,0
NSA-90f2ea27-29348,nexsas-images/nexsas-1-to-37/ns-img-dark-63.png,nexsas-1-to-37,image,png,29348,90f2ea27,production-candidate,,nexsas-images-reconstructed.zip,User-supplied NextSaaS source; retain purchase/license documentation.,0
NSA-c1087ef1-31759,nexsas-images/nexsas-1-to-37/ns-img-dark-64.png,nexsas-1-to-37,image,png,31759,c1087ef1,production-candidate,,nexsas-images-reconstructed.zip,User-supplied NextSaaS source; retain purchase/license documentation.,0
NSA-d07439ef-28654,nexsas-images/nexsas-1-to-37/ns-img-dark-65.png,nexsas-1-to-37,image,png,28654,d07439ef,production-candidate,,nexsas-images-reconstructed.zip,User-supplied NextSaaS source; retain purchase/license documentation.,0
NSA-f34f136a-184856,nexsas-images/nexsas-1-to-37/ns-img-dark-66.png,nexsas-1-to-37,image,png,184856,f34f136a,production-candidate,,nexsas-images-reconstructed.zip,User-supplied NextSaaS source; retain purchase/license documentation.,0
NSA-b627732e-30184,nexsas-images/nexsas-1-to-37/ns-img-dark-67.png,nexsas-1-to-37,image,png,30184,b627732e,production-candidate,,nexsas-images-reconstructed.zip,User-supplied NextSaaS source; retain purchase/license documentation.,0
NSA-1fe984b5-1526859,nexsas-images/nexsas-1-to-37/ns-img-dark-68.png,nexsas-1-to-37,image,png,1526859,1fe984b5,production-candidate,,nexsas-images-reconstructed.zip,User-supplied NextSaaS source; retain purchase/license documentation.,0
NSA-863e638a-882792,nexsas-images/nexsas-1-to-37/ns-img-dark-71.svg,nexsas-1-to-37,vector,svg,882792,863e638a,production-candidate,,nexsas-images-reconstructed.zip,User-supplied NextSaaS source; retain purchase/license documentation.,0
NSA-5afef9ba-12056,nexsas-images/nexsas-1-to-37/ns-img-dark-72.png,nexsas-1-to-37,image,png,12056,5afef9ba,production-candidate,,nexsas-images-reconstructed.zip,User-supplied NextSaaS source; retain purchase/license documentation.,0
NSA-39045037-132500,nexsas-images/nexsas-1-to-37/ns-img-dark-73.png,nexsas-1-to-37,image,png,132500,39045037,production-candidate,,nexsas-images-reconstructed.zip,User-supplied NextSaaS source; retain purchase/license documentation.,0
NSA-c634bcd8-20576,nexsas-images/nexsas-1-to-37/ns-img-dark-78.png,nexsas-1-to-37,image,png,20576,c634bcd8,production-candidate,,nexsas-images-reconstructed.zip,User-supplied NextSaaS source; retain purchase/license documentation.,0
NSA-50d7cf98-36766,nexsas-images/nexsas-1-to-37/ns-img-dark-79.png,nexsas-1-to-37,image,png,36766,50d7cf98,production-candidate,,nexsas-images-reconstructed.zip,User-supplied NextSaaS source; retain purchase/license documentation.,0
NSA-f6d545e0-18237,nexsas-images/nexsas-1-to-37/ns-img-dark-80.png,nexsas-1-to-37,image,png,18237,f6d545e0,production-candidate,,nexsas-images-reconstructed.zip,User-supplied NextSaaS source; retain purchase/license documentation.,0
NSA-6f39edc9-211906,nexsas-images/nexsas-1-to-37/ns-img-dark-81.svg,nexsas-1-to-37,vector,svg,211906,6f39edc9,production-candidate,,nexsas-images-reconstructed.zip,User-supplied NextSaaS source; retain purchase/license documentation.,0
NSA-40814ffe-34558,nexsas-images/nexsas-1-to-37/ns-img-dark-82.png,nexsas-1-to-37,image,png,34558,40814ffe,production-candidate,,nexsas-images-reconstructed.zip,User-supplied NextSaaS source; retain purchase/license documentation.,0
NSA-0ffb100f-23931,nexsas-images/nexsas-1-to-37/ns-img-dark-83.png,nexsas-1-to-37,image,png,23931,0ffb100f,production-candidate,,nexsas-images-reconstructed.zip,User-supplied NextSaaS source; retain purchase/license documentation.,0
NSA-b31dd7d8-32923,nexsas-images/nexsas-1-to-37/ns-img-dark-84.png,nexsas-1-to-37,image,png,32923,b31dd7d8,production-candidate,,nexsas-images-reconstructed.zip,User-supplied NextSaaS source; retain purchase/license documentation.,0
NSA-bae07495-14715,nexsas-images/nexsas-1-to-37/ns-img-dark-85.png,nexsas-1-to-37,image,png,14715,bae07495,production-candidate,,nexsas-images-reconstructed.zip,User-supplied NextSaaS source; retain purchase/license documentation.,0
NSA-99d5e126-28304,nexsas-images/nexsas-1-to-37/ns-img-dark-86.png,nexsas-1-to-37,image,png,28304,99d5e126,production-candidate,,nexsas-images-reconstructed.zip,User-supplied NextSaaS source; retain purchase/license documentation.,0
NSA-80444c56-1063590,nexsas-images/nexsas-1-to-37/ns-img-dark-87.png,nexsas-1-to-37,image,png,1063590,80444c56,production-candidate,,nexsas-images-reconstructed.zip,User-supplied NextSaaS source; retain purchase/license documentation.,0
NSA-3b1c4333-59057,nexsas-images/nexsas-1-to-37/ns-img-dark-88.png,nexsas-1-to-37,image,png,59057,3b1c4333,production-candidate,,nexsas-images-reconstructed.zip,User-supplied NextSaaS source; retain purchase/license documentation.,0
NSA-f8ff7bce-389677,nexsas-images/nexsas-1-to-37/ns-img-dark-90.png,nexsas-1-to-37,image,png,389677,f8ff7bce,production-candidate,,nexsas-images-reconstructed.zip,User-supplied NextSaaS source; retain purchase/license documentation.,0
NSA-a6c61e41-306530,nexsas-images/nexsas-1-to-37/ns-img-dark-91.png,nexsas-1-to-37,image,png,306530,a6c61e41,production-candidate,,nexsas-images-reconstructed.zip,User-supplied NextSaaS source; retain purchase/license documentation.,0
NSA-ee2050ea-450862,nexsas-images/nexsas-1-to-37/ns-img-dark-92.png,nexsas-1-to-37,image,png,450862,ee2050ea,production-candidate,,nexsas-images-reconstructed.zip,User-supplied NextSaaS source; retain purchase/license documentation.,0
NSA-bceb81ce-15333,nexsas-images/nexsas-1-to-37/ns-img-dark-94.png,nexsas-1-to-37,image,png,15333,bceb81ce,production-candidate,,nexsas-images-reconstructed.zip,User-supplied NextSaaS source; retain purchase/license documentation.,0
NSA-922ecef6-24434,nexsas-images/nexsas-1-to-37/ns-img-dark-95.png,nexsas-1-to-37,image,png,24434,922ecef6,production-candidate,,nexsas-images-reconstructed.zip,User-supplied NextSaaS source; retain purchase/license documentation.,0
NSA-7f6a41e4-11420,nexsas-images/nexsas-1-to-37/ns-img-dark-96.png,nexsas-1-to-37,image,png,11420,7f6a41e4,production-candidate,,nexsas-images-reconstructed.zip,User-supplied NextSaaS source; retain purchase/license documentation.,0
NSA-d6eba840-1855533,nexsas-images/nexsas-1-to-37/ns-img-dark-97.svg,nexsas-1-to-37,vector,svg,1855533,d6eba840,production-candidate,,nexsas-images-reconstructed.zip,User-supplied NextSaaS source; retain purchase/license documentation.,0
NSA-860c3562-6982,nexsas-images/nexsas-1-to-37/ns-img-dark-98.png,nexsas-1-to-37,image,png,6982,860c3562,production-candidate,,nexsas-images-reconstructed.zip,User-supplied NextSaaS source; retain purchase/license documentation.,0
NSA-d8dd7cfb-8812,nexsas-images/nexsas-1-to-37/ns-img-dark-99.png,nexsas-1-to-37,image,png,8812,d8dd7cfb,production-candidate,,nexsas-images-reconstructed.zip,User-supplied NextSaaS source; retain purchase/license documentation.,0
NSA-77ab34df-7872,nexsas-images/nexsas-1-to-37/shared/logo-green.svg,nexsas-1-to-37,logo,svg,7872,77ab34df,replace-before-launch,,nexsas-images-reconstructed.zip,User-supplied NextSaaS source; retain purchase/license documentation.,0
