route,pageId,pageType,sourceFamily,sourceTemplateKey,indexable
/,COR-001,Home,automation-saas,automation-saas:index,True
/about,COR-002,Company,ai-agency,ai-agency:index,True
/about/leadership,COR-003,Company,app-development,app-development:index,True
/about/team,COR-004,Company,automation-saas,automation-saas:index,True
/careers,COR-005,Company,creative-portfolio,creative-portfolio:index,True
/partners,COR-006,Company,ai-agency,ai-agency:index,True
/global-delivery,COR-007,Company,app-development,app-development:index,True
/quality-engineering,COR-008,Company,automation-saas,automation-saas:index,True
/security,COR-009,Company,creative-portfolio,creative-portfolio:index,True
/responsible-ai,COR-010,Company,automation-saas,automation-saas:index,True
/accessibility,COR-011,Company,app-development,app-development:index,True
/contact,COR-012,Company,automation-saas,automation-saas:index,True
/start-project,COR-013,Company,creative-portfolio,creative-portfolio:index,True
/engagement-models,COR-014,Company,ai-agency,ai-agency:index,True
/services,SRV-000,Service Hub,app-development,app-development:services,True
/services/ai-automation,SRV-001,Service,automation-saas,automation-saas:index,True
/services/ai-automation/ai-workflow-automation,SRV-001-1,Subservice,automation-saas,automation-saas:index,True
/services/ai-automation/business-process-automation,SRV-001-2,Subservice,automation-saas,automation-saas:index,True
/services/ai-automation/document-processing-automation,SRV-001-3,Subservice,automation-saas,automation-saas:index,True
/services/custom-software-development,SRV-002,Service,app-development,app-development:index,True
/services/custom-software-development/custom-software-development,SRV-002-1,Subservice,app-development,app-development:index,True
/services/custom-software-development/custom-software-cost,SRV-002-2,Subservice,app-development,app-development:index,True
/services/custom-software-development/software-requirements,SRV-002-3,Subservice,app-development,app-development:index,True
/services/digital-product-design,SRV-003,Service,app-development,app-development:index,True
/services/digital-product-design/product-discovery,SRV-003-1,Subservice,app-development,app-development:index,True
/services/digital-product-design/ux-research,SRV-003-2,Subservice,app-development,app-development:index,True
/services/digital-product-design/digital-product-strategy,SRV-003-3,Subservice,app-development,app-development:index,True
/services/web-digital-experiences,SRV-004,Service,automation-saas,automation-saas:index,True
/services/web-digital-experiences/b2b-web-design,SRV-004-1,Subservice,creative-portfolio,creative-portfolio:index,True
/services/web-digital-experiences/corporate-website-redesign,SRV-004-2,Subservice,ai-agency,ai-agency:index,True
/services/web-digital-experiences/headless-cms-development,SRV-004-3,Subservice,app-development,app-development:index,True
/services/ecommerce-unified-commerce,SRV-005,Service,app-development,app-development:index,True
/services/ecommerce-unified-commerce/ecommerce-development,SRV-005-1,Subservice,app-development,app-development:index,True
/services/ecommerce-unified-commerce/ecommerce-platform-selection,SRV-005-2,Subservice,app-development,app-development:index,True
/services/ecommerce-unified-commerce/headless-commerce,SRV-005-3,Subservice,app-development,app-development:index,True
/services/pos-retail-inventory,SRV-006,Service,automation-saas,automation-saas:index,True
/services/pos-retail-inventory/pos-system,SRV-006-1,Subservice,creative-portfolio,creative-portfolio:index,True
/services/pos-retail-inventory/offline-pos-system,SRV-006-2,Subservice,ai-agency,ai-agency:index,True
/services/pos-retail-inventory/inventory-accuracy,SRV-006-3,Subservice,app-development,app-development:index,True
/services/managed-business-operations,SRV-007,Service,automation-saas,automation-saas:index,True
/services/managed-business-operations/business-process-outsourcing,SRV-007-1,Subservice,creative-portfolio,creative-portfolio:index,True
/services/managed-business-operations/managed-business-operations,SRV-007-2,Subservice,ai-agency,ai-agency:index,True
/services/managed-business-operations/build-operate-transfer,SRV-007-3,Subservice,app-development,app-development:index,True
/services/finance-operations,SRV-008,Service,automation-saas,automation-saas:index,True
/services/finance-operations/accounts-payable-outsourcing,SRV-008-1,Subservice,creative-portfolio,creative-portfolio:index,True
/services/finance-operations/accounts-receivable-outsourcing,SRV-008-2,Subservice,ai-agency,ai-agency:index,True
/services/finance-operations/bank-reconciliation-services,SRV-008-3,Subservice,app-development,app-development:index,True
/services/customer-experience-operations,SRV-009,Service,automation-saas,automation-saas:index,True
/services/customer-experience-operations/customer-support-outsourcing,SRV-009-1,Subservice,creative-portfolio,creative-portfolio:index,True
/services/customer-experience-operations/omnichannel-customer-service,SRV-009-2,Subservice,ai-agency,ai-agency:index,True
/services/customer-experience-operations/customer-service-ticketing,SRV-009-3,Subservice,app-development,app-development:index,True
/services/product-operations,SRV-010,Service,app-development,app-development:index,True
/services/product-operations/product-operations,SRV-010-1,Subservice,app-development,app-development:index,True
/services/product-operations/product-backlog-management,SRV-010-2,Subservice,app-development,app-development:index,True
/services/product-operations/release-management,SRV-010-3,Subservice,app-development,app-development:index,True
/services/supply-chain-procurement-operations,SRV-011,Service,automation-saas,automation-saas:index,True
/services/supply-chain-procurement-operations/procurement-outsourcing,SRV-011-1,Subservice,creative-portfolio,creative-portfolio:index,True
/services/supply-chain-procurement-operations/supplier-onboarding,SRV-011-2,Subservice,ai-agency,ai-agency:index,True
/services/supply-chain-procurement-operations/purchase-order-management,SRV-011-3,Subservice,app-development,app-development:index,True
/services/data-analytics-reporting,SRV-012,Service,automation-saas,automation-saas:index,True
/services/data-analytics-reporting/master-data-management,SRV-012-1,Subservice,creative-portfolio,creative-portfolio:index,True
/services/data-analytics-reporting/data-cleaning-services,SRV-012-2,Subservice,ai-agency,ai-agency:index,True
/services/data-analytics-reporting/business-intelligence-dashboards,SRV-012-3,Subservice,app-development,app-development:index,True
/services/seo-digital-growth,SRV-013,Service,automation-saas,automation-saas:index,True
/services/seo-digital-growth/technical-seo,SRV-013-1,Subservice,creative-portfolio,creative-portfolio:index,True
/services/seo-digital-growth/b2b-seo,SRV-013-2,Subservice,ai-agency,ai-agency:index,True
/services/seo-digital-growth/international-seo,SRV-013-3,Subservice,app-development,app-development:index,True
/services/cloud-integration-it-operations,SRV-014,Service,automation-saas,automation-saas:index,True
/services/cloud-integration-it-operations/cloud-migration,SRV-014-1,Subservice,creative-portfolio,creative-portfolio:index,True
/services/cloud-integration-it-operations/api-integration,SRV-014-2,Subservice,ai-agency,ai-agency:index,True
/services/cloud-integration-it-operations/identity-and-access-management,SRV-014-3,Subservice,app-development,app-development:index,True
/services/business-transformation-strategy,SRV-015,Service,automation-saas,automation-saas:index,True
/services/business-transformation-strategy/digital-transformation-strategy,SRV-015-1,Subservice,creative-portfolio,creative-portfolio:index,True
/services/business-transformation-strategy/business-operating-model,SRV-015-2,Subservice,ai-agency,ai-agency:index,True
/services/business-transformation-strategy/business-process-mapping,SRV-015-3,Subservice,app-development,app-development:index,True
/solutions,SOL-000,Solution Hub,automation-saas,automation-saas:index,True
/solutions/ai-and-automation-for-growing-businesses,SOL-001,Solution,automation-saas,automation-saas:index,True
/solutions/ai-and-automation-transformation-and-managed-delivery,SOL-002,Solution,automation-saas,automation-saas:index,True
/solutions/custom-software-for-growing-businesses,SOL-003,Solution,app-development,app-development:index,True
/solutions/custom-software-transformation-and-managed-delivery,SOL-004,Solution,app-development,app-development:index,True
/solutions/digital-product-design-for-growing-businesses,SOL-005,Solution,app-development,app-development:index,True
/solutions/digital-product-design-transformation-and-managed-delivery,SOL-006,Solution,app-development,app-development:index,True
/solutions/web-and-digital-experiences-for-growing-businesses,SOL-007,Solution,app-development,app-development:index,True
/solutions/web-and-digital-experiences-transformation-and-managed-delivery,SOL-008,Solution,automation-saas,automation-saas:index,True
/solutions/ecommerce-and-unified-commerce-for-growing-businesses,SOL-009,Solution,app-development,app-development:index,True
/solutions/ecommerce-and-unified-commerce-transformation-and-managed-delivery,SOL-010,Solution,app-development,app-development:index,True
/solutions/pos-retail-and-inventory-for-growing-businesses,SOL-011,Solution,app-development,app-development:index,True
/solutions/pos-retail-and-inventory-transformation-and-managed-delivery,SOL-012,Solution,automation-saas,automation-saas:index,True
/solutions/managed-business-operations-for-growing-businesses,SOL-013,Solution,creative-portfolio,creative-portfolio:index,True
/solutions/managed-business-operations-transformation-and-managed-delivery,SOL-014,Solution,ai-agency,ai-agency:index,True
/solutions/finance-operations-for-growing-businesses,SOL-015,Solution,app-development,app-development:index,True
/solutions/finance-operations-transformation-and-managed-delivery,SOL-016,Solution,automation-saas,automation-saas:index,True
/solutions/customer-experience-operations-for-growing-businesses,SOL-017,Solution,creative-portfolio,creative-portfolio:index,True
/solutions/customer-experience-operations-transformation-and-managed-delivery,SOL-018,Solution,ai-agency,ai-agency:index,True
/solutions/product-operations-for-growing-businesses,SOL-019,Solution,app-development,app-development:index,True
/solutions/product-operations-transformation-and-managed-delivery,SOL-020,Solution,app-development,app-development:index,True
/solutions/supply-chain-and-procurement-for-growing-businesses,SOL-021,Solution,creative-portfolio,creative-portfolio:index,True
/solutions/supply-chain-and-procurement-transformation-and-managed-delivery,SOL-022,Solution,ai-agency,ai-agency:index,True
/solutions/data-and-analytics-for-growing-businesses,SOL-023,Solution,app-development,app-development:index,True
/solutions/data-and-analytics-transformation-and-managed-delivery,SOL-024,Solution,automation-saas,automation-saas:index,True
/solutions/seo-and-digital-growth-for-growing-businesses,SOL-025,Solution,creative-portfolio,creative-portfolio:index,True
/solutions/seo-and-digital-growth-transformation-and-managed-delivery,SOL-026,Solution,ai-agency,ai-agency:index,True
/solutions/cloud-integration-and-it-operations-for-growing-businesses,SOL-027,Solution,app-development,app-development:index,True
/solutions/cloud-integration-and-it-operations-transformation-and-managed-delivery,SOL-028,Solution,automation-saas,automation-saas:index,True
/solutions/business-transformation-and-strategy-for-growing-businesses,SOL-029,Solution,creative-portfolio,creative-portfolio:index,True
/solutions/business-transformation-and-strategy-transformation-and-managed-delivery,SOL-030,Solution,ai-agency,ai-agency:index,True
/industries,IND-000,Industry Hub,app-development,app-development:index,True
/industries/retail,IND-001,Industry,automation-saas,automation-saas:index,True
/industries/ecommerce,IND-002,Industry,automation-saas,automation-saas:index,True
/industries/distribution,IND-003,Industry,automation-saas,automation-saas:index,True
/industries/manufacturing,IND-004,Industry,automation-saas,automation-saas:index,True
/industries/professional-services,IND-005,Industry,automation-saas,automation-saas:index,True
/industries/financial-services,IND-006,Industry,automation-saas,automation-saas:index,True
/industries/healthcare,IND-007,Industry,automation-saas,automation-saas:index,True
/industries/hospitality,IND-008,Industry,automation-saas,automation-saas:index,True
/industries/restaurants-and-food-service,IND-009,Industry,automation-saas,automation-saas:index,True
/industries/logistics,IND-010,Industry,automation-saas,automation-saas:index,True
/industries/real-estate,IND-011,Industry,automation-saas,automation-saas:index,True
/industries/construction,IND-012,Industry,automation-saas,automation-saas:index,True
/industries/education,IND-013,Industry,automation-saas,automation-saas:index,True
/industries/media-and-entertainment,IND-014,Industry,automation-saas,automation-saas:index,True
/industries/saas-and-technology,IND-015,Industry,automation-saas,automation-saas:index,True
/industries/startups,IND-016,Industry,automation-saas,automation-saas:index,True
/industries/enterprise,IND-017,Industry,automation-saas,automation-saas:index,True
/industries/agencies,IND-018,Industry,automation-saas,automation-saas:index,True
/industries/consumer-goods,IND-019,Industry,automation-saas,automation-saas:index,True
/industries/nonprofits,IND-020,Industry,automation-saas,automation-saas:index,True
/locations,LOC-000,Location Hub,automation-saas,automation-saas:index,True
/locations/uk,LOC-001,Location,creative-portfolio,creative-portfolio:contact,True
/locations/australia,LOC-002,Location,ai-agency,ai-agency:contact,True
/locations/uae,LOC-003,Location,app-development,app-development:contact,True
/locations/singapore,LOC-004,Location,automation-saas,automation-saas:contact,True
/products,PRD-000,Product Hub,app-development,app-development:features,True
/products/afluma-commerce,PRD-001,Product,app-development,app-development:features,True
/products/serenops,PRD-002,Product,app-development,app-development:features,True
/products/daily-fitness,PRD-003,Product,app-development,app-development:features,True
/work,WRK-000,Work Hub,creative-portfolio,creative-portfolio:case-study,True
/work/case-study-01,WRK-001,Case Study,creative-portfolio,creative-portfolio:case-study-details,True
/work/case-study-02,WRK-002,Case Study,creative-portfolio,creative-portfolio:case-study-details,True
/work/case-study-03,WRK-003,Case Study,creative-portfolio,creative-portfolio:case-study-details,True
/work/case-study-04,WRK-004,Case Study,creative-portfolio,creative-portfolio:case-study-details,True
/work/case-study-05,WRK-005,Case Study,creative-portfolio,creative-portfolio:case-study-details,True
/work/case-study-06,WRK-006,Case Study,creative-portfolio,creative-portfolio:case-study-details,True
/work/case-study-07,WRK-007,Case Study,creative-portfolio,creative-portfolio:case-study-details,True
/work/case-study-08,WRK-008,Case Study,creative-portfolio,creative-portfolio:case-study-details,True
/work/case-study-09,WRK-009,Case Study,creative-portfolio,creative-portfolio:case-study-details,True
/work/case-study-10,WRK-010,Case Study,creative-portfolio,creative-portfolio:case-study-details,True
/insights,INS-0000,Insights Hub,automation-saas,automation-saas:blog,True
/insights/ai-and-automation,INSH-01,Pillar Hub,automation-saas,automation-saas:index,True
/insights/custom-software,INSH-02,Pillar Hub,app-development,app-development:index,True
/insights/digital-product-design,INSH-03,Pillar Hub,app-development,app-development:index,True
/insights/web-and-digital-experiences,INSH-04,Pillar Hub,automation-saas,automation-saas:index,True
/insights/ecommerce-and-unified-commerce,INSH-05,Pillar Hub,app-development,app-development:index,True
/insights/pos-retail-and-inventory,INSH-06,Pillar Hub,ai-agency,ai-agency:index,True
/insights/managed-business-operations,INSH-07,Pillar Hub,app-development,app-development:index,True
/insights/finance-operations,INSH-08,Pillar Hub,automation-saas,automation-saas:index,True
/insights/customer-experience-operations,INSH-09,Pillar Hub,creative-portfolio,creative-portfolio:index,True
/insights/product-operations,INSH-10,Pillar Hub,app-development,app-development:index,True
/insights/supply-chain-and-procurement,INSH-11,Pillar Hub,app-development,app-development:index,True
/insights/data-and-analytics,INSH-12,Pillar Hub,automation-saas,automation-saas:index,True
/insights/seo-and-digital-growth,INSH-13,Pillar Hub,creative-portfolio,creative-portfolio:index,True
/insights/cloud-integration-and-it-operations,INSH-14,Pillar Hub,ai-agency,ai-agency:index,True
/insights/business-transformation-and-strategy,INSH-15,Pillar Hub,app-development,app-development:index,True
/privacy,LEG-001,Legal,automation-saas,automation-saas:index,True
/terms,LEG-002,Legal,creative-portfolio,creative-portfolio:legal,True
/cookies,LEG-003,Legal,ai-agency,ai-agency:legal,True
/data-processing,LEG-004,Legal,app-development,app-development:legal,True
/acceptable-use,LEG-005,Legal,automation-saas,automation-saas:index,True
/sitemap,LEG-006,Company,creative-portfolio,creative-portfolio:index,True
/ai-workflow-automation-a-practical-guide-for-operations-leaders,INS-0001,Insight Article,automation-saas,automation-saas:blog-details,False
/how-to-implement-ai-workflow-automation-without-disrupting-operations,INS-0002,Insight Article,automation-saas,automation-saas:blog-details,False
/ai-workflow-automation-implementation-checklist-people-process-technology-and-controls,INS-0003,Insight Article,automation-saas,automation-saas:blog-details,False
/10-ai-workflow-automation-mistakes-that-increase-cost-risk-and-rework,INS-0004,Insight Article,automation-saas,automation-saas:blog-details,False
/how-to-measure-the-roi-of-ai-workflow-automation,INS-0005,Insight Article,automation-saas,automation-saas:blog-details,False
/ai-workflow-automation-in-house-team-vs-managed-service,INS-0006,Insight Article,automation-saas,automation-saas:blog-details,False
/ai-workflow-automation-roadmap-from-assessment-to-continuous-improvement,INS-0007,Insight Article,automation-saas,automation-saas:blog-details,False
/ai-workflow-automation-use-cases-for-retail-services-and-software-businesses,INS-0008,Insight Article,automation-saas,automation-saas:blog-details,False
/where-ai-and-automation-fit-into-ai-workflow-automation,INS-0009,Insight Article,automation-saas,automation-saas:blog-details,False
/when-should-a-business-invest-in-ai-workflow-automation,INS-0010,Insight Article,automation-saas,automation-saas:blog-details,False
/business-process-automation-a-practical-guide-for-operations-leaders,INS-0011,Insight Article,automation-saas,automation-saas:blog-details,False
/how-to-implement-business-process-automation-without-disrupting-operations,INS-0012,Insight Article,automation-saas,automation-saas:blog-details,False
/business-process-automation-implementation-checklist-people-process-technology-and-controls,INS-0013,Insight Article,automation-saas,automation-saas:blog-details,False
/10-business-process-automation-mistakes-that-increase-cost-risk-and-rework,INS-0014,Insight Article,automation-saas,automation-saas:blog-details,False
/how-to-measure-the-roi-of-business-process-automation,INS-0015,Insight Article,automation-saas,automation-saas:blog-details,False
/business-process-automation-in-house-team-vs-managed-service,INS-0016,Insight Article,automation-saas,automation-saas:blog-details,False
/business-process-automation-roadmap-from-assessment-to-continuous-improvement,INS-0017,Insight Article,automation-saas,automation-saas:blog-details,False
/business-process-automation-use-cases-for-retail-services-and-software-businesses,INS-0018,Insight Article,automation-saas,automation-saas:blog-details,False
/where-ai-and-automation-fit-into-business-process-automation,INS-0019,Insight Article,automation-saas,automation-saas:blog-details,False
/when-should-a-business-invest-in-business-process-automation,INS-0020,Insight Article,automation-saas,automation-saas:blog-details,False
/document-processing-automation-a-practical-guide-for-operations-leaders,INS-0021,Insight Article,automation-saas,automation-saas:blog-details,False
/how-to-implement-document-processing-automation-without-disrupting-operations,INS-0022,Insight Article,automation-saas,automation-saas:blog-details,False
/document-processing-automation-implementation-checklist-people-process-technology-and-controls,INS-0023,Insight Article,automation-saas,automation-saas:blog-details,False
/10-document-processing-automation-mistakes-that-increase-cost-risk-and-rework,INS-0024,Insight Article,automation-saas,automation-saas:blog-details,False
/how-to-measure-the-roi-of-document-processing-automation,INS-0025,Insight Article,automation-saas,automation-saas:blog-details,False
/document-processing-automation-in-house-team-vs-managed-service,INS-0026,Insight Article,automation-saas,automation-saas:blog-details,False
/document-processing-automation-roadmap-from-assessment-to-continuous-improvement,INS-0027,Insight Article,automation-saas,automation-saas:blog-details,False
/document-processing-automation-use-cases-for-retail-services-and-software-businesses,INS-0028,Insight Article,automation-saas,automation-saas:blog-details,False
/where-ai-and-automation-fit-into-document-processing-automation,INS-0029,Insight Article,automation-saas,automation-saas:blog-details,False
/when-should-a-business-invest-in-document-processing-automation,INS-0030,Insight Article,automation-saas,automation-saas:blog-details,False
/customer-service-automation-a-practical-guide-for-operations-leaders,INS-0031,Insight Article,automation-saas,automation-saas:blog-details,False
/how-to-implement-customer-service-automation-without-disrupting-operations,INS-0032,Insight Article,automation-saas,automation-saas:blog-details,False
/customer-service-automation-implementation-checklist-people-process-technology-and-controls,INS-0033,Insight Article,automation-saas,automation-saas:blog-details,False
/10-customer-service-automation-mistakes-that-increase-cost-risk-and-rework,INS-0034,Insight Article,automation-saas,automation-saas:blog-details,False
/how-to-measure-the-roi-of-customer-service-automation,INS-0035,Insight Article,automation-saas,automation-saas:blog-details,False
/customer-service-automation-in-house-team-vs-managed-service,INS-0036,Insight Article,automation-saas,automation-saas:blog-details,False
/customer-service-automation-roadmap-from-assessment-to-continuous-improvement,INS-0037,Insight Article,automation-saas,automation-saas:blog-details,False
/customer-service-automation-use-cases-for-retail-services-and-software-businesses,INS-0038,Insight Article,automation-saas,automation-saas:blog-details,False
/where-ai-and-automation-fit-into-customer-service-automation,INS-0039,Insight Article,automation-saas,automation-saas:blog-details,False
/when-should-a-business-invest-in-customer-service-automation,INS-0040,Insight Article,automation-saas,automation-saas:blog-details,False
/sales-automation-a-practical-guide-for-operations-leaders,INS-0041,Insight Article,automation-saas,automation-saas:blog-details,False
/how-to-implement-sales-automation-without-disrupting-operations,INS-0042,Insight Article,automation-saas,automation-saas:blog-details,False
/sales-automation-implementation-checklist-people-process-technology-and-controls,INS-0043,Insight Article,automation-saas,automation-saas:blog-details,False
/10-sales-automation-mistakes-that-increase-cost-risk-and-rework,INS-0044,Insight Article,automation-saas,automation-saas:blog-details,False
/how-to-measure-the-roi-of-sales-automation,INS-0045,Insight Article,automation-saas,automation-saas:blog-details,False
/sales-automation-in-house-team-vs-managed-service,INS-0046,Insight Article,automation-saas,automation-saas:blog-details,False
/sales-automation-roadmap-from-assessment-to-continuous-improvement,INS-0047,Insight Article,automation-saas,automation-saas:blog-details,False
/sales-automation-use-cases-for-retail-services-and-software-businesses,INS-0048,Insight Article,automation-saas,automation-saas:blog-details,False
/where-ai-and-automation-fit-into-sales-automation,INS-0049,Insight Article,automation-saas,automation-saas:blog-details,False
/when-should-a-business-invest-in-sales-automation,INS-0050,Insight Article,automation-saas,automation-saas:blog-details,False
/finance-automation-a-practical-guide-for-operations-leaders,INS-0051,Insight Article,automation-saas,automation-saas:blog-details,False
/how-to-implement-finance-automation-without-disrupting-operations,INS-0052,Insight Article,automation-saas,automation-saas:blog-details,False
/finance-automation-implementation-checklist-people-process-technology-and-controls,INS-0053,Insight Article,automation-saas,automation-saas:blog-details,False
/10-finance-automation-mistakes-that-increase-cost-risk-and-rework,INS-0054,Insight Article,automation-saas,automation-saas:blog-details,False
/how-to-measure-the-roi-of-finance-automation,INS-0055,Insight Article,automation-saas,automation-saas:blog-details,False
/finance-automation-in-house-team-vs-managed-service,INS-0056,Insight Article,automation-saas,automation-saas:blog-details,False
/finance-automation-roadmap-from-assessment-to-continuous-improvement,INS-0057,Insight Article,automation-saas,automation-saas:blog-details,False
/finance-automation-use-cases-for-retail-services-and-software-businesses,INS-0058,Insight Article,automation-saas,automation-saas:blog-details,False
/where-ai-and-automation-fit-into-finance-automation,INS-0059,Insight Article,automation-saas,automation-saas:blog-details,False
/when-should-a-business-invest-in-finance-automation,INS-0060,Insight Article,automation-saas,automation-saas:blog-details,False
/inventory-automation-a-practical-guide-for-operations-leaders,INS-0061,Insight Article,automation-saas,automation-saas:blog-details,False
/how-to-implement-inventory-automation-without-disrupting-operations,INS-0062,Insight Article,automation-saas,automation-saas:blog-details,False
/inventory-automation-implementation-checklist-people-process-technology-and-controls,INS-0063,Insight Article,automation-saas,automation-saas:blog-details,False
/10-inventory-automation-mistakes-that-increase-cost-risk-and-rework,INS-0064,Insight Article,automation-saas,automation-saas:blog-details,False
/how-to-measure-the-roi-of-inventory-automation,INS-0065,Insight Article,automation-saas,automation-saas:blog-details,False
/inventory-automation-in-house-team-vs-managed-service,INS-0066,Insight Article,automation-saas,automation-saas:blog-details,False
/inventory-automation-roadmap-from-assessment-to-continuous-improvement,INS-0067,Insight Article,automation-saas,automation-saas:blog-details,False
/inventory-automation-use-cases-for-retail-services-and-software-businesses,INS-0068,Insight Article,automation-saas,automation-saas:blog-details,False
/where-ai-and-automation-fit-into-inventory-automation,INS-0069,Insight Article,automation-saas,automation-saas:blog-details,False
/when-should-a-business-invest-in-inventory-automation,INS-0070,Insight Article,automation-saas,automation-saas:blog-details,False
/ai-governance-a-practical-guide-for-operations-leaders,INS-0071,Insight Article,automation-saas,automation-saas:blog-details,False
/how-to-implement-ai-governance-without-disrupting-operations,INS-0072,Insight Article,automation-saas,automation-saas:blog-details,False
/ai-governance-implementation-checklist-people-process-technology-and-controls,INS-0073,Insight Article,automation-saas,automation-saas:blog-details,False
/10-ai-governance-mistakes-that-increase-cost-risk-and-rework,INS-0074,Insight Article,automation-saas,automation-saas:blog-details,False
/how-to-measure-the-roi-of-ai-governance,INS-0075,Insight Article,automation-saas,automation-saas:blog-details,False
/ai-governance-in-house-team-vs-managed-service,INS-0076,Insight Article,automation-saas,automation-saas:blog-details,False
/ai-governance-roadmap-from-assessment-to-continuous-improvement,INS-0077,Insight Article,automation-saas,automation-saas:blog-details,False
/ai-governance-use-cases-for-retail-services-and-software-businesses,INS-0078,Insight Article,automation-saas,automation-saas:blog-details,False
/where-ai-and-automation-fit-into-ai-governance,INS-0079,Insight Article,automation-saas,automation-saas:blog-details,False
/when-should-a-business-invest-in-ai-governance,INS-0080,Insight Article,automation-saas,automation-saas:blog-details,False
/agentic-ai-for-business-a-practical-guide-for-operations-leaders,INS-0081,Insight Article,automation-saas,automation-saas:blog-details,False
/how-to-implement-agentic-ai-for-business-without-disrupting-operations,INS-0082,Insight Article,automation-saas,automation-saas:blog-details,False
/agentic-ai-for-business-implementation-checklist-people-process-technology-and-controls,INS-0083,Insight Article,automation-saas,automation-saas:blog-details,False
/10-agentic-ai-for-business-mistakes-that-increase-cost-risk-and-rework,INS-0084,Insight Article,automation-saas,automation-saas:blog-details,False
/how-to-measure-the-roi-of-agentic-ai-for-business,INS-0085,Insight Article,automation-saas,automation-saas:blog-details,False
/agentic-ai-for-business-in-house-team-vs-managed-service,INS-0086,Insight Article,automation-saas,automation-saas:blog-details,False
/agentic-ai-for-business-roadmap-from-assessment-to-continuous-improvement,INS-0087,Insight Article,automation-saas,automation-saas:blog-details,False
/agentic-ai-for-business-use-cases-for-retail-services-and-software-businesses,INS-0088,Insight Article,automation-saas,automation-saas:blog-details,False
/where-ai-and-automation-fit-into-agentic-ai-for-business,INS-0089,Insight Article,automation-saas,automation-saas:blog-details,False
/when-should-a-business-invest-in-agentic-ai-for-business,INS-0090,Insight Article,automation-saas,automation-saas:blog-details,False
/rpa-modernization-a-practical-guide-for-operations-leaders,INS-0091,Insight Article,automation-saas,automation-saas:blog-details,False
/how-to-implement-rpa-modernization-without-disrupting-operations,INS-0092,Insight Article,automation-saas,automation-saas:blog-details,False
/rpa-modernization-implementation-checklist-people-process-technology-and-controls,INS-0093,Insight Article,automation-saas,automation-saas:blog-details,False
/10-rpa-modernization-mistakes-that-increase-cost-risk-and-rework,INS-0094,Insight Article,automation-saas,automation-saas:blog-details,False
/how-to-measure-the-roi-of-rpa-modernization,INS-0095,Insight Article,automation-saas,automation-saas:blog-details,False
/rpa-modernization-in-house-team-vs-managed-service,INS-0096,Insight Article,automation-saas,automation-saas:blog-details,False
/rpa-modernization-roadmap-from-assessment-to-continuous-improvement,INS-0097,Insight Article,automation-saas,automation-saas:blog-details,False
/rpa-modernization-use-cases-for-retail-services-and-software-businesses,INS-0098,Insight Article,automation-saas,automation-saas:blog-details,False
/where-ai-and-automation-fit-into-rpa-modernization,INS-0099,Insight Article,automation-saas,automation-saas:blog-details,False
/when-should-a-business-invest-in-rpa-modernization,INS-0100,Insight Article,automation-saas,automation-saas:blog-details,False
/custom-software-development-a-practical-guide-for-technology-leaders,INS-0101,Insight Article,app-development,app-development:blog-details,False
/how-to-implement-custom-software-development-without-disrupting-operations,INS-0102,Insight Article,app-development,app-development:blog-details,False
/custom-software-development-implementation-checklist-people-process-technology-and-controls,INS-0103,Insight Article,app-development,app-development:blog-details,False
/10-custom-software-development-mistakes-that-increase-cost-risk-and-rework,INS-0104,Insight Article,app-development,app-development:blog-details,False
/how-to-measure-the-roi-of-custom-software-development,INS-0105,Insight Article,app-development,app-development:blog-details,False
/custom-software-development-in-house-team-vs-managed-service,INS-0106,Insight Article,app-development,app-development:blog-details,False
/custom-software-development-roadmap-from-assessment-to-continuous-improvement,INS-0107,Insight Article,app-development,app-development:blog-details,False
/custom-software-development-use-cases-for-growing-businesses-and-complex-operational-environments,INS-0108,Insight Article,app-development,app-development:blog-details,False
/where-ai-and-automation-fit-into-custom-software-development,INS-0109,Insight Article,automation-saas,automation-saas:blog-details,False
/when-should-a-business-invest-in-custom-software-development,INS-0110,Insight Article,app-development,app-development:blog-details,False
/custom-software-cost-a-practical-guide-for-technology-leaders,INS-0111,Insight Article,app-development,app-development:blog-details,False
/how-to-implement-custom-software-cost-without-disrupting-operations,INS-0112,Insight Article,app-development,app-development:blog-details,False
/custom-software-cost-implementation-checklist-people-process-technology-and-controls,INS-0113,Insight Article,app-development,app-development:blog-details,False
/10-custom-software-cost-mistakes-that-increase-cost-risk-and-rework,INS-0114,Insight Article,app-development,app-development:blog-details,False
/how-to-measure-the-roi-of-custom-software-cost,INS-0115,Insight Article,app-development,app-development:blog-details,False
/custom-software-cost-in-house-team-vs-managed-service,INS-0116,Insight Article,app-development,app-development:blog-details,False
/custom-software-cost-roadmap-from-assessment-to-continuous-improvement,INS-0117,Insight Article,app-development,app-development:blog-details,False
/custom-software-cost-use-cases-for-growing-businesses-and-complex-operational-environments,INS-0118,Insight Article,app-development,app-development:blog-details,False
/where-ai-and-automation-fit-into-custom-software-cost,INS-0119,Insight Article,automation-saas,automation-saas:blog-details,False
/when-should-a-business-invest-in-custom-software-cost,INS-0120,Insight Article,app-development,app-development:blog-details,False
/software-requirements-a-practical-guide-for-technology-leaders,INS-0121,Insight Article,app-development,app-development:blog-details,False
/how-to-implement-software-requirements-without-disrupting-operations,INS-0122,Insight Article,app-development,app-development:blog-details,False
/software-requirements-implementation-checklist-people-process-technology-and-controls,INS-0123,Insight Article,app-development,app-development:blog-details,False
/10-software-requirements-mistakes-that-increase-cost-risk-and-rework,INS-0124,Insight Article,app-development,app-development:blog-details,False
/how-to-measure-the-roi-of-software-requirements,INS-0125,Insight Article,app-development,app-development:blog-details,False
/software-requirements-in-house-team-vs-managed-service,INS-0126,Insight Article,app-development,app-development:blog-details,False
/software-requirements-roadmap-from-assessment-to-continuous-improvement,INS-0127,Insight Article,app-development,app-development:blog-details,False
/software-requirements-use-cases-for-growing-businesses-and-complex-operational-environments,INS-0128,Insight Article,app-development,app-development:blog-details,False
/where-ai-and-automation-fit-into-software-requirements,INS-0129,Insight Article,automation-saas,automation-saas:blog-details,False
/when-should-a-business-invest-in-software-requirements,INS-0130,Insight Article,app-development,app-development:blog-details,False
/mvp-development-a-practical-guide-for-technology-leaders,INS-0131,Insight Article,app-development,app-development:blog-details,False
/how-to-implement-mvp-development-without-disrupting-operations,INS-0132,Insight Article,app-development,app-development:blog-details,False
/mvp-development-implementation-checklist-people-process-technology-and-controls,INS-0133,Insight Article,app-development,app-development:blog-details,False
/10-mvp-development-mistakes-that-increase-cost-risk-and-rework,INS-0134,Insight Article,app-development,app-development:blog-details,False
/how-to-measure-the-roi-of-mvp-development,INS-0135,Insight Article,app-development,app-development:blog-details,False
/mvp-development-in-house-team-vs-managed-service,INS-0136,Insight Article,app-development,app-development:blog-details,False
/mvp-development-roadmap-from-assessment-to-continuous-improvement,INS-0137,Insight Article,app-development,app-development:blog-details,False
/mvp-development-use-cases-for-growing-businesses-and-complex-operational-environments,INS-0138,Insight Article,app-development,app-development:blog-details,False
/where-ai-and-automation-fit-into-mvp-development,INS-0139,Insight Article,automation-saas,automation-saas:blog-details,False
/when-should-a-business-invest-in-mvp-development,INS-0140,Insight Article,app-development,app-development:blog-details,False
/saas-development-a-practical-guide-for-technology-leaders,INS-0141,Insight Article,app-development,app-development:blog-details,False
/how-to-implement-saas-development-without-disrupting-operations,INS-0142,Insight Article,app-development,app-development:blog-details,False
/saas-development-implementation-checklist-people-process-technology-and-controls,INS-0143,Insight Article,app-development,app-development:blog-details,False
/10-saas-development-mistakes-that-increase-cost-risk-and-rework,INS-0144,Insight Article,app-development,app-development:blog-details,False
/how-to-measure-the-roi-of-saas-development,INS-0145,Insight Article,app-development,app-development:blog-details,False
/saas-development-in-house-team-vs-managed-service,INS-0146,Insight Article,app-development,app-development:blog-details,False
/saas-development-roadmap-from-assessment-to-continuous-improvement,INS-0147,Insight Article,app-development,app-development:blog-details,False
/saas-development-use-cases-for-growing-businesses-and-complex-operational-environments,INS-0148,Insight Article,app-development,app-development:blog-details,False
/where-ai-and-automation-fit-into-saas-development,INS-0149,Insight Article,automation-saas,automation-saas:blog-details,False
/when-should-a-business-invest-in-saas-development,INS-0150,Insight Article,app-development,app-development:blog-details,False
/legacy-software-modernization-a-practical-guide-for-technology-leaders,INS-0151,Insight Article,app-development,app-development:blog-details,False
/how-to-implement-legacy-software-modernization-without-disrupting-operations,INS-0152,Insight Article,app-development,app-development:blog-details,False
/legacy-software-modernization-implementation-checklist-people-process-technology-and-controls,INS-0153,Insight Article,app-development,app-development:blog-details,False
/10-legacy-software-modernization-mistakes-that-increase-cost-risk-and-rework,INS-0154,Insight Article,app-development,app-development:blog-details,False
/how-to-measure-the-roi-of-legacy-software-modernization,INS-0155,Insight Article,app-development,app-development:blog-details,False
/legacy-software-modernization-in-house-team-vs-managed-service,INS-0156,Insight Article,app-development,app-development:blog-details,False
/legacy-software-modernization-roadmap-from-assessment-to-continuous-improvement,INS-0157,Insight Article,app-development,app-development:blog-details,False
/legacy-software-modernization-use-cases-for-growing-businesses-and-complex-operational-environments,INS-0158,Insight Article,app-development,app-development:blog-details,False
/where-ai-and-automation-fit-into-legacy-software-modernization,INS-0159,Insight Article,automation-saas,automation-saas:blog-details,False
/when-should-a-business-invest-in-legacy-software-modernization,INS-0160,Insight Article,app-development,app-development:blog-details,False
/api-integration-services-a-practical-guide-for-technology-leaders,INS-0161,Insight Article,app-development,app-development:blog-details,False
/how-to-implement-api-integration-services-without-disrupting-operations,INS-0162,Insight Article,app-development,app-development:blog-details,False
/api-integration-services-implementation-checklist-people-process-technology-and-controls,INS-0163,Insight Article,app-development,app-development:blog-details,False
/10-api-integration-services-mistakes-that-increase-cost-risk-and-rework,INS-0164,Insight Article,app-development,app-development:blog-details,False
/how-to-measure-the-roi-of-api-integration-services,INS-0165,Insight Article,app-development,app-development:blog-details,False
/api-integration-services-in-house-team-vs-managed-service,INS-0166,Insight Article,app-development,app-development:blog-details,False
/api-integration-services-roadmap-from-assessment-to-continuous-improvement,INS-0167,Insight Article,app-development,app-development:blog-details,False
/api-integration-services-use-cases-for-growing-businesses-and-complex-operational-environments,INS-0168,Insight Article,app-development,app-development:blog-details,False
/where-ai-and-automation-fit-into-api-integration-services,INS-0169,Insight Article,automation-saas,automation-saas:blog-details,False
/when-should-a-business-invest-in-api-integration-services,INS-0170,Insight Article,app-development,app-development:blog-details,False
/cloud-native-application-development-a-practical-guide-for-technology-leaders,INS-0171,Insight Article,app-development,app-development:blog-details,False
/how-to-implement-cloud-native-application-development-without-disrupting-operations,INS-0172,Insight Article,app-development,app-development:blog-details,False
/cloud-native-application-development-implementation-checklist-people-process-technology-and-controls,INS-0173,Insight Article,app-development,app-development:blog-details,False
/10-cloud-native-application-development-mistakes-that-increase-cost-risk-and-rework,INS-0174,Insight Article,app-development,app-development:blog-details,False
/how-to-measure-the-roi-of-cloud-native-application-development,INS-0175,Insight Article,app-development,app-development:blog-details,False
/cloud-native-application-development-in-house-team-vs-managed-service,INS-0176,Insight Article,app-development,app-development:blog-details,False
/cloud-native-application-development-roadmap-from-assessment-to-continuous-improvement,INS-0177,Insight Article,app-development,app-development:blog-details,False
/cloud-native-application-development-use-cases-for-growing-businesses-and-complex-operational-environments,INS-0178,Insight Article,app-development,app-development:blog-details,False
/where-ai-and-automation-fit-into-cloud-native-application-development,INS-0179,Insight Article,automation-saas,automation-saas:blog-details,False
/when-should-a-business-invest-in-cloud-native-application-development,INS-0180,Insight Article,app-development,app-development:blog-details,False
/software-testing-services-a-practical-guide-for-technology-leaders,INS-0181,Insight Article,app-development,app-development:blog-details,False
/how-to-implement-software-testing-services-without-disrupting-operations,INS-0182,Insight Article,app-development,app-development:blog-details,False
/software-testing-services-implementation-checklist-people-process-technology-and-controls,INS-0183,Insight Article,app-development,app-development:blog-details,False
/10-software-testing-services-mistakes-that-increase-cost-risk-and-rework,INS-0184,Insight Article,app-development,app-development:blog-details,False
/how-to-measure-the-roi-of-software-testing-services,INS-0185,Insight Article,app-development,app-development:blog-details,False
/software-testing-services-in-house-team-vs-managed-service,INS-0186,Insight Article,app-development,app-development:blog-details,False
/software-testing-services-roadmap-from-assessment-to-continuous-improvement,INS-0187,Insight Article,app-development,app-development:blog-details,False
/software-testing-services-use-cases-for-growing-businesses-and-complex-operational-environments,INS-0188,Insight Article,app-development,app-development:blog-details,False
/where-ai-and-automation-fit-into-software-testing-services,INS-0189,Insight Article,automation-saas,automation-saas:blog-details,False
/when-should-a-business-invest-in-software-testing-services,INS-0190,Insight Article,app-development,app-development:blog-details,False
/dedicated-development-team-a-practical-guide-for-technology-leaders,INS-0191,Insight Article,app-development,app-development:blog-details,False
/how-to-implement-dedicated-development-team-without-disrupting-operations,INS-0192,Insight Article,app-development,app-development:blog-details,False
/dedicated-development-team-implementation-checklist-people-process-technology-and-controls,INS-0193,Insight Article,app-development,app-development:blog-details,False
/10-dedicated-development-team-mistakes-that-increase-cost-risk-and-rework,INS-0194,Insight Article,app-development,app-development:blog-details,False
/how-to-measure-the-roi-of-dedicated-development-team,INS-0195,Insight Article,app-development,app-development:blog-details,False
/dedicated-development-team-in-house-team-vs-managed-service,INS-0196,Insight Article,app-development,app-development:blog-details,False
/dedicated-development-team-roadmap-from-assessment-to-continuous-improvement,INS-0197,Insight Article,app-development,app-development:blog-details,False
/dedicated-development-team-use-cases-for-growing-businesses-and-complex-operational-environments,INS-0198,Insight Article,app-development,app-development:blog-details,False
/where-ai-and-automation-fit-into-dedicated-development-team,INS-0199,Insight Article,automation-saas,automation-saas:blog-details,False
/when-should-a-business-invest-in-dedicated-development-team,INS-0200,Insight Article,app-development,app-development:blog-details,False
/product-discovery-a-practical-guide-for-product-teams,INS-0201,Insight Article,app-development,app-development:blog-details,False
/how-to-implement-product-discovery-without-disrupting-operations,INS-0202,Insight Article,app-development,app-development:blog-details,False
/product-discovery-implementation-checklist-people-process-technology-and-controls,INS-0203,Insight Article,app-development,app-development:blog-details,False
/10-product-discovery-mistakes-that-increase-cost-risk-and-rework,INS-0204,Insight Article,app-development,app-development:blog-details,False
/how-to-measure-the-roi-of-product-discovery,INS-0205,Insight Article,app-development,app-development:blog-details,False
/product-discovery-in-house-team-vs-managed-service,INS-0206,Insight Article,app-development,app-development:blog-details,False
/product-discovery-roadmap-from-assessment-to-continuous-improvement,INS-0207,Insight Article,app-development,app-development:blog-details,False
/product-discovery-use-cases-for-saas-ecommerce-and-digital-service-businesses,INS-0208,Insight Article,app-development,app-development:blog-details,False
/where-ai-and-automation-fit-into-product-discovery,INS-0209,Insight Article,automation-saas,automation-saas:blog-details,False
/when-should-a-business-invest-in-product-discovery,INS-0210,Insight Article,app-development,app-development:blog-details,False
/ux-research-a-practical-guide-for-product-teams,INS-0211,Insight Article,app-development,app-development:blog-details,False
/how-to-implement-ux-research-without-disrupting-operations,INS-0212,Insight Article,app-development,app-development:blog-details,False
/ux-research-implementation-checklist-people-process-technology-and-controls,INS-0213,Insight Article,app-development,app-development:blog-details,False
/10-ux-research-mistakes-that-increase-cost-risk-and-rework,INS-0214,Insight Article,app-development,app-development:blog-details,False
/how-to-measure-the-roi-of-ux-research,INS-0215,Insight Article,app-development,app-development:blog-details,False
/ux-research-in-house-team-vs-managed-service,INS-0216,Insight Article,app-development,app-development:blog-details,False
/ux-research-roadmap-from-assessment-to-continuous-improvement,INS-0217,Insight Article,app-development,app-development:blog-details,False
/ux-research-use-cases-for-saas-ecommerce-and-digital-service-businesses,INS-0218,Insight Article,app-development,app-development:blog-details,False
/where-ai-and-automation-fit-into-ux-research,INS-0219,Insight Article,automation-saas,automation-saas:blog-details,False
/when-should-a-business-invest-in-ux-research,INS-0220,Insight Article,app-development,app-development:blog-details,False
/digital-product-strategy-a-practical-guide-for-product-teams,INS-0221,Insight Article,app-development,app-development:blog-details,False
/how-to-implement-digital-product-strategy-without-disrupting-operations,INS-0222,Insight Article,app-development,app-development:blog-details,False
/digital-product-strategy-implementation-checklist-people-process-technology-and-controls,INS-0223,Insight Article,app-development,app-development:blog-details,False
/10-digital-product-strategy-mistakes-that-increase-cost-risk-and-rework,INS-0224,Insight Article,app-development,app-development:blog-details,False
/how-to-measure-the-roi-of-digital-product-strategy,INS-0225,Insight Article,app-development,app-development:blog-details,False
/digital-product-strategy-in-house-team-vs-managed-service,INS-0226,Insight Article,app-development,app-development:blog-details,False
/digital-product-strategy-roadmap-from-assessment-to-continuous-improvement,INS-0227,Insight Article,app-development,app-development:blog-details,False
/digital-product-strategy-use-cases-for-saas-ecommerce-and-digital-service-businesses,INS-0228,Insight Article,app-development,app-development:blog-details,False
/where-ai-and-automation-fit-into-digital-product-strategy,INS-0229,Insight Article,automation-saas,automation-saas:blog-details,False
/when-should-a-business-invest-in-digital-product-strategy,INS-0230,Insight Article,app-development,app-development:blog-details,False
/design-systems-a-practical-guide-for-product-teams,INS-0231,Insight Article,app-development,app-development:blog-details,False
/how-to-implement-design-systems-without-disrupting-operations,INS-0232,Insight Article,app-development,app-development:blog-details,False
/design-systems-implementation-checklist-people-process-technology-and-controls,INS-0233,Insight Article,app-development,app-development:blog-details,False
/10-design-systems-mistakes-that-increase-cost-risk-and-rework,INS-0234,Insight Article,app-development,app-development:blog-details,False
/how-to-measure-the-roi-of-design-systems,INS-0235,Insight Article,app-development,app-development:blog-details,False
/design-systems-in-house-team-vs-managed-service,INS-0236,Insight Article,app-development,app-development:blog-details,False
/design-systems-roadmap-from-assessment-to-continuous-improvement,INS-0237,Insight Article,app-development,app-development:blog-details,False
/design-systems-use-cases-for-saas-ecommerce-and-digital-service-businesses,INS-0238,Insight Article,app-development,app-development:blog-details,False
/where-ai-and-automation-fit-into-design-systems,INS-0239,Insight Article,automation-saas,automation-saas:blog-details,False
/when-should-a-business-invest-in-design-systems,INS-0240,Insight Article,app-development,app-development:blog-details,False
/rapid-prototyping-a-practical-guide-for-product-teams,INS-0241,Insight Article,app-development,app-development:blog-details,False
/how-to-implement-rapid-prototyping-without-disrupting-operations,INS-0242,Insight Article,app-development,app-development:blog-details,False
/rapid-prototyping-implementation-checklist-people-process-technology-and-controls,INS-0243,Insight Article,app-development,app-development:blog-details,False
/10-rapid-prototyping-mistakes-that-increase-cost-risk-and-rework,INS-0244,Insight Article,app-development,app-development:blog-details,False
/how-to-measure-the-roi-of-rapid-prototyping,INS-0245,Insight Article,app-development,app-development:blog-details,False
/rapid-prototyping-in-house-team-vs-managed-service,INS-0246,Insight Article,app-development,app-development:blog-details,False
/rapid-prototyping-roadmap-from-assessment-to-continuous-improvement,INS-0247,Insight Article,app-development,app-development:blog-details,False
/rapid-prototyping-use-cases-for-saas-ecommerce-and-digital-service-businesses,INS-0248,Insight Article,app-development,app-development:blog-details,False
/where-ai-and-automation-fit-into-rapid-prototyping,INS-0249,Insight Article,automation-saas,automation-saas:blog-details,False
/when-should-a-business-invest-in-rapid-prototyping,INS-0250,Insight Article,app-development,app-development:blog-details,False
/usability-testing-a-practical-guide-for-product-teams,INS-0251,Insight Article,app-development,app-development:blog-details,False
/how-to-implement-usability-testing-without-disrupting-operations,INS-0252,Insight Article,app-development,app-development:blog-details,False
/usability-testing-implementation-checklist-people-process-technology-and-controls,INS-0253,Insight Article,app-development,app-development:blog-details,False
/10-usability-testing-mistakes-that-increase-cost-risk-and-rework,INS-0254,Insight Article,app-development,app-development:blog-details,False
/how-to-measure-the-roi-of-usability-testing,INS-0255,Insight Article,app-development,app-development:blog-details,False
/usability-testing-in-house-team-vs-managed-service,INS-0256,Insight Article,app-development,app-development:blog-details,False
/usability-testing-roadmap-from-assessment-to-continuous-improvement,INS-0257,Insight Article,app-development,app-development:blog-details,False
/usability-testing-use-cases-for-saas-ecommerce-and-digital-service-businesses,INS-0258,Insight Article,app-development,app-development:blog-details,False
/where-ai-and-automation-fit-into-usability-testing,INS-0259,Insight Article,automation-saas,automation-saas:blog-details,False
/when-should-a-business-invest-in-usability-testing,INS-0260,Insight Article,app-development,app-development:blog-details,False
/mobile-app-ux-design-a-practical-guide-for-product-teams,INS-0261,Insight Article,app-development,app-development:blog-details,False
/how-to-implement-mobile-app-ux-design-without-disrupting-operations,INS-0262,Insight Article,app-development,app-development:blog-details,False
/mobile-app-ux-design-implementation-checklist-people-process-technology-and-controls,INS-0263,Insight Article,app-development,app-development:blog-details,False
/10-mobile-app-ux-design-mistakes-that-increase-cost-risk-and-rework,INS-0264,Insight Article,app-development,app-development:blog-details,False
/how-to-measure-the-roi-of-mobile-app-ux-design,INS-0265,Insight Article,app-development,app-development:blog-details,False
/mobile-app-ux-design-in-house-team-vs-managed-service,INS-0266,Insight Article,app-development,app-development:blog-details,False
/mobile-app-ux-design-roadmap-from-assessment-to-continuous-improvement,INS-0267,Insight Article,app-development,app-development:blog-details,False
/mobile-app-ux-design-use-cases-for-saas-ecommerce-and-digital-service-businesses,INS-0268,Insight Article,app-development,app-development:blog-details,False
/where-ai-and-automation-fit-into-mobile-app-ux-design,INS-0269,Insight Article,automation-saas,automation-saas:blog-details,False
/when-should-a-business-invest-in-mobile-app-ux-design,INS-0270,Insight Article,app-development,app-development:blog-details,False
/dashboard-ux-design-a-practical-guide-for-product-teams,INS-0271,Insight Article,app-development,app-development:blog-details,False
/how-to-implement-dashboard-ux-design-without-disrupting-operations,INS-0272,Insight Article,app-development,app-development:blog-details,False
/dashboard-ux-design-implementation-checklist-people-process-technology-and-controls,INS-0273,Insight Article,app-development,app-development:blog-details,False
/10-dashboard-ux-design-mistakes-that-increase-cost-risk-and-rework,INS-0274,Insight Article,app-development,app-development:blog-details,False
/how-to-measure-the-roi-of-dashboard-ux-design,INS-0275,Insight Article,app-development,app-development:blog-details,False
/dashboard-ux-design-in-house-team-vs-managed-service,INS-0276,Insight Article,app-development,app-development:blog-details,False
/dashboard-ux-design-roadmap-from-assessment-to-continuous-improvement,INS-0277,Insight Article,app-development,app-development:blog-details,False
/dashboard-ux-design-use-cases-for-saas-ecommerce-and-digital-service-businesses,INS-0278,Insight Article,app-development,app-development:blog-details,False
/where-ai-and-automation-fit-into-dashboard-ux-design,INS-0279,Insight Article,automation-saas,automation-saas:blog-details,False
/when-should-a-business-invest-in-dashboard-ux-design,INS-0280,Insight Article,app-development,app-development:blog-details,False
/web-accessibility-design-a-practical-guide-for-product-teams,INS-0281,Insight Article,app-development,app-development:blog-details,False
/how-to-implement-web-accessibility-design-without-disrupting-operations,INS-0282,Insight Article,app-development,app-development:blog-details,False
/web-accessibility-design-implementation-checklist-people-process-technology-and-controls,INS-0283,Insight Article,app-development,app-development:blog-details,False
/10-web-accessibility-design-mistakes-that-increase-cost-risk-and-rework,INS-0284,Insight Article,app-development,app-development:blog-details,False
/how-to-measure-the-roi-of-web-accessibility-design,INS-0285,Insight Article,app-development,app-development:blog-details,False
/web-accessibility-design-in-house-team-vs-managed-service,INS-0286,Insight Article,app-development,app-development:blog-details,False
/web-accessibility-design-roadmap-from-assessment-to-continuous-improvement,INS-0287,Insight Article,app-development,app-development:blog-details,False
/web-accessibility-design-use-cases-for-saas-ecommerce-and-digital-service-businesses,INS-0288,Insight Article,app-development,app-development:blog-details,False
/where-ai-and-automation-fit-into-web-accessibility-design,INS-0289,Insight Article,automation-saas,automation-saas:blog-details,False
/when-should-a-business-invest-in-web-accessibility-design,INS-0290,Insight Article,app-development,app-development:blog-details,False
/design-to-development-handoff-a-practical-guide-for-product-teams,INS-0291,Insight Article,app-development,app-development:blog-details,False
/how-to-implement-design-to-development-handoff-without-disrupting-operations,INS-0292,Insight Article,app-development,app-development:blog-details,False
/design-to-development-handoff-implementation-checklist-people-process-technology-and-controls,INS-0293,Insight Article,app-development,app-development:blog-details,False
/10-design-to-development-handoff-mistakes-that-increase-cost-risk-and-rework,INS-0294,Insight Article,app-development,app-development:blog-details,False
/how-to-measure-the-roi-of-design-to-development-handoff,INS-0295,Insight Article,app-development,app-development:blog-details,False
/design-to-development-handoff-in-house-team-vs-managed-service,INS-0296,Insight Article,app-development,app-development:blog-details,False
/design-to-development-handoff-roadmap-from-assessment-to-continuous-improvement,INS-0297,Insight Article,app-development,app-development:blog-details,False
/design-to-development-handoff-use-cases-for-saas-ecommerce-and-digital-service-businesses,INS-0298,Insight Article,app-development,app-development:blog-details,False
/where-ai-and-automation-fit-into-design-to-development-handoff,INS-0299,Insight Article,automation-saas,automation-saas:blog-details,False
/when-should-a-business-invest-in-design-to-development-handoff,INS-0300,Insight Article,app-development,app-development:blog-details,False
/b2b-web-design-a-practical-guide-for-b2b-teams,INS-0301,Insight Article,ai-agency,ai-agency:blog-details,False
/how-to-implement-b2b-web-design-without-disrupting-operations,INS-0302,Insight Article,app-development,app-development:blog-details,False
/b2b-web-design-implementation-checklist-people-process-technology-and-controls,INS-0303,Insight Article,automation-saas,automation-saas:blog-details,False
/10-b2b-web-design-mistakes-that-increase-cost-risk-and-rework,INS-0304,Insight Article,creative-portfolio,creative-portfolio:blog-details,False
/how-to-measure-the-roi-of-b2b-web-design,INS-0305,Insight Article,ai-agency,ai-agency:blog-details,False
/b2b-web-design-in-house-team-vs-managed-service,INS-0306,Insight Article,app-development,app-development:blog-details,False
/b2b-web-design-roadmap-from-assessment-to-continuous-improvement,INS-0307,Insight Article,automation-saas,automation-saas:blog-details,False
/b2b-web-design-use-cases-for-b2b-professional-services-and-international-businesses,INS-0308,Insight Article,creative-portfolio,creative-portfolio:blog-details,False
/where-ai-and-automation-fit-into-b2b-web-design,INS-0309,Insight Article,automation-saas,automation-saas:blog-details,False
/when-should-a-business-invest-in-b2b-web-design,INS-0310,Insight Article,app-development,app-development:blog-details,False
/corporate-website-redesign-a-practical-guide-for-b2b-teams,INS-0311,Insight Article,automation-saas,automation-saas:blog-details,False
/how-to-implement-corporate-website-redesign-without-disrupting-operations,INS-0312,Insight Article,creative-portfolio,creative-portfolio:blog-details,False
/corporate-website-redesign-implementation-checklist-people-process-technology-and-controls,INS-0313,Insight Article,ai-agency,ai-agency:blog-details,False
/10-corporate-website-redesign-mistakes-that-increase-cost-risk-and-rework,INS-0314,Insight Article,app-development,app-development:blog-details,False
/how-to-measure-the-roi-of-corporate-website-redesign,INS-0315,Insight Article,automation-saas,automation-saas:blog-details,False
/corporate-website-redesign-in-house-team-vs-managed-service,INS-0316,Insight Article,creative-portfolio,creative-portfolio:blog-details,False
/corporate-website-redesign-roadmap-from-assessment-to-continuous-improvement,INS-0317,Insight Article,ai-agency,ai-agency:blog-details,False
/corporate-website-redesign-use-cases-for-b2b-professional-services-and-international-businesses,INS-0318,Insight Article,app-development,app-development:blog-details,False
/where-ai-and-automation-fit-into-corporate-website-redesign,INS-0319,Insight Article,automation-saas,automation-saas:blog-details,False
/when-should-a-business-invest-in-corporate-website-redesign,INS-0320,Insight Article,creative-portfolio,creative-portfolio:blog-details,False
/headless-cms-development-a-practical-guide-for-b2b-teams,INS-0321,Insight Article,ai-agency,ai-agency:blog-details,False
/how-to-implement-headless-cms-development-without-disrupting-operations,INS-0322,Insight Article,app-development,app-development:blog-details,False
/headless-cms-development-implementation-checklist-people-process-technology-and-controls,INS-0323,Insight Article,automation-saas,automation-saas:blog-details,False
/10-headless-cms-development-mistakes-that-increase-cost-risk-and-rework,INS-0324,Insight Article,creative-portfolio,creative-portfolio:blog-details,False
/how-to-measure-the-roi-of-headless-cms-development,INS-0325,Insight Article,ai-agency,ai-agency:blog-details,False
/headless-cms-development-in-house-team-vs-managed-service,INS-0326,Insight Article,app-development,app-development:blog-details,False
/headless-cms-development-roadmap-from-assessment-to-continuous-improvement,INS-0327,Insight Article,automation-saas,automation-saas:blog-details,False
/headless-cms-development-use-cases-for-b2b-professional-services-and-international-businesses,INS-0328,Insight Article,creative-portfolio,creative-portfolio:blog-details,False
/where-ai-and-automation-fit-into-headless-cms-development,INS-0329,Insight Article,automation-saas,automation-saas:blog-details,False
/when-should-a-business-invest-in-headless-cms-development,INS-0330,Insight Article,app-development,app-development:blog-details,False
/next-js-development-a-practical-guide-for-b2b-teams,INS-0331,Insight Article,automation-saas,automation-saas:blog-details,False
/how-to-implement-next-js-development-without-disrupting-operations,INS-0332,Insight Article,creative-portfolio,creative-portfolio:blog-details,False
/next-js-development-implementation-checklist-people-process-technology-and-controls,INS-0333,Insight Article,ai-agency,ai-agency:blog-details,False
/10-next-js-development-mistakes-that-increase-cost-risk-and-rework,INS-0334,Insight Article,app-development,app-development:blog-details,False
/how-to-measure-the-roi-of-next-js-development,INS-0335,Insight Article,automation-saas,automation-saas:blog-details,False
/next-js-development-in-house-team-vs-managed-service,INS-0336,Insight Article,creative-portfolio,creative-portfolio:blog-details,False
/next-js-development-roadmap-from-assessment-to-continuous-improvement,INS-0337,Insight Article,ai-agency,ai-agency:blog-details,False
/next-js-development-use-cases-for-b2b-professional-services-and-international-businesses,INS-0338,Insight Article,app-development,app-development:blog-details,False
/where-ai-and-automation-fit-into-next-js-development,INS-0339,Insight Article,automation-saas,automation-saas:blog-details,False
/when-should-a-business-invest-in-next-js-development,INS-0340,Insight Article,creative-portfolio,creative-portfolio:blog-details,False
/website-performance-optimization-a-practical-guide-for-b2b-teams,INS-0341,Insight Article,ai-agency,ai-agency:blog-details,False
/how-to-implement-website-performance-optimization-without-disrupting-operations,INS-0342,Insight Article,app-development,app-development:blog-details,False
/website-performance-optimization-implementation-checklist-people-process-technology-and-controls,INS-0343,Insight Article,automation-saas,automation-saas:blog-details,False
/10-website-performance-optimization-mistakes-that-increase-cost-risk-and-rework,INS-0344,Insight Article,creative-portfolio,creative-portfolio:blog-details,False
/how-to-measure-the-roi-of-website-performance-optimization,INS-0345,Insight Article,ai-agency,ai-agency:blog-details,False
/website-performance-optimization-in-house-team-vs-managed-service,INS-0346,Insight Article,app-development,app-development:blog-details,False
/website-performance-optimization-roadmap-from-assessment-to-continuous-improvement,INS-0347,Insight Article,automation-saas,automation-saas:blog-details,False
/website-performance-optimization-use-cases-for-b2b-professional-services-and-international-businesses,INS-0348,Insight Article,creative-portfolio,creative-portfolio:blog-details,False
/where-ai-and-automation-fit-into-website-performance-optimization,INS-0349,Insight Article,automation-saas,automation-saas:blog-details,False
/when-should-a-business-invest-in-website-performance-optimization,INS-0350,Insight Article,app-development,app-development:blog-details,False
/website-accessibility-a-practical-guide-for-b2b-teams,INS-0351,Insight Article,automation-saas,automation-saas:blog-details,False
/how-to-implement-website-accessibility-without-disrupting-operations,INS-0352,Insight Article,creative-portfolio,creative-portfolio:blog-details,False
/website-accessibility-implementation-checklist-people-process-technology-and-controls,INS-0353,Insight Article,ai-agency,ai-agency:blog-details,False
/10-website-accessibility-mistakes-that-increase-cost-risk-and-rework,INS-0354,Insight Article,app-development,app-development:blog-details,False
/how-to-measure-the-roi-of-website-accessibility,INS-0355,Insight Article,automation-saas,automation-saas:blog-details,False
/website-accessibility-in-house-team-vs-managed-service,INS-0356,Insight Article,creative-portfolio,creative-portfolio:blog-details,False
/website-accessibility-roadmap-from-assessment-to-continuous-improvement,INS-0357,Insight Article,ai-agency,ai-agency:blog-details,False
/website-accessibility-use-cases-for-b2b-professional-services-and-international-businesses,INS-0358,Insight Article,app-development,app-development:blog-details,False
/where-ai-and-automation-fit-into-website-accessibility,INS-0359,Insight Article,automation-saas,automation-saas:blog-details,False
/when-should-a-business-invest-in-website-accessibility,INS-0360,Insight Article,creative-portfolio,creative-portfolio:blog-details,False
/conversion-focused-web-design-a-practical-guide-for-b2b-teams,INS-0361,Insight Article,ai-agency,ai-agency:blog-details,False
/how-to-implement-conversion-focused-web-design-without-disrupting-operations,INS-0362,Insight Article,app-development,app-development:blog-details,False
/conversion-focused-web-design-implementation-checklist-people-process-technology-and-controls,INS-0363,Insight Article,automation-saas,automation-saas:blog-details,False
/10-conversion-focused-web-design-mistakes-that-increase-cost-risk-and-rework,INS-0364,Insight Article,creative-portfolio,creative-portfolio:blog-details,False
/how-to-measure-the-roi-of-conversion-focused-web-design,INS-0365,Insight Article,ai-agency,ai-agency:blog-details,False
/conversion-focused-web-design-in-house-team-vs-managed-service,INS-0366,Insight Article,app-development,app-development:blog-details,False
/conversion-focused-web-design-roadmap-from-assessment-to-continuous-improvement,INS-0367,Insight Article,automation-saas,automation-saas:blog-details,False
/conversion-focused-web-design-use-cases-for-b2b-professional-services-and-international-businesses,INS-0368,Insight Article,creative-portfolio,creative-portfolio:blog-details,False
/where-ai-and-automation-fit-into-conversion-focused-web-design,INS-0369,Insight Article,automation-saas,automation-saas:blog-details,False
/when-should-a-business-invest-in-conversion-focused-web-design,INS-0370,Insight Article,app-development,app-development:blog-details,False
/international-website-architecture-a-practical-guide-for-b2b-teams,INS-0371,Insight Article,automation-saas,automation-saas:blog-details,False
/how-to-implement-international-website-architecture-without-disrupting-operations,INS-0372,Insight Article,creative-portfolio,creative-portfolio:blog-details,False
/international-website-architecture-implementation-checklist-people-process-technology-and-controls,INS-0373,Insight Article,ai-agency,ai-agency:blog-details,False
/10-international-website-architecture-mistakes-that-increase-cost-risk-and-rework,INS-0374,Insight Article,app-development,app-development:blog-details,False
/how-to-measure-the-roi-of-international-website-architecture,INS-0375,Insight Article,automation-saas,automation-saas:blog-details,False
/international-website-architecture-in-house-team-vs-managed-service,INS-0376,Insight Article,creative-portfolio,creative-portfolio:blog-details,False
/international-website-architecture-roadmap-from-assessment-to-continuous-improvement,INS-0377,Insight Article,ai-agency,ai-agency:blog-details,False
/international-website-architecture-use-cases-for-b2b-professional-services-and-international-businesses,INS-0378,Insight Article,app-development,app-development:blog-details,False
/where-ai-and-automation-fit-into-international-website-architecture,INS-0379,Insight Article,automation-saas,automation-saas:blog-details,False
/when-should-a-business-invest-in-international-website-architecture,INS-0380,Insight Article,creative-portfolio,creative-portfolio:blog-details,False
/website-maintenance-services-a-practical-guide-for-b2b-teams,INS-0381,Insight Article,ai-agency,ai-agency:blog-details,False
/how-to-implement-website-maintenance-services-without-disrupting-operations,INS-0382,Insight Article,app-development,app-development:blog-details,False
/website-maintenance-services-implementation-checklist-people-process-technology-and-controls,INS-0383,Insight Article,automation-saas,automation-saas:blog-details,False
/10-website-maintenance-services-mistakes-that-increase-cost-risk-and-rework,INS-0384,Insight Article,creative-portfolio,creative-portfolio:blog-details,False
/how-to-measure-the-roi-of-website-maintenance-services,INS-0385,Insight Article,ai-agency,ai-agency:blog-details,False
/website-maintenance-services-in-house-team-vs-managed-service,INS-0386,Insight Article,app-development,app-development:blog-details,False
/website-maintenance-services-roadmap-from-assessment-to-continuous-improvement,INS-0387,Insight Article,automation-saas,automation-saas:blog-details,False
/website-maintenance-services-use-cases-for-b2b-professional-services-and-international-businesses,INS-0388,Insight Article,creative-portfolio,creative-portfolio:blog-details,False
/where-ai-and-automation-fit-into-website-maintenance-services,INS-0389,Insight Article,automation-saas,automation-saas:blog-details,False
/when-should-a-business-invest-in-website-maintenance-services,INS-0390,Insight Article,app-development,app-development:blog-details,False
/website-analytics-a-practical-guide-for-b2b-teams,INS-0391,Insight Article,automation-saas,automation-saas:blog-details,False
/how-to-implement-website-analytics-without-disrupting-operations,INS-0392,Insight Article,creative-portfolio,creative-portfolio:blog-details,False
/website-analytics-implementation-checklist-people-process-technology-and-controls,INS-0393,Insight Article,ai-agency,ai-agency:blog-details,False
/10-website-analytics-mistakes-that-increase-cost-risk-and-rework,INS-0394,Insight Article,app-development,app-development:blog-details,False
/how-to-measure-the-roi-of-website-analytics,INS-0395,Insight Article,automation-saas,automation-saas:blog-details,False
/website-analytics-in-house-team-vs-managed-service,INS-0396,Insight Article,creative-portfolio,creative-portfolio:blog-details,False
/website-analytics-roadmap-from-assessment-to-continuous-improvement,INS-0397,Insight Article,ai-agency,ai-agency:blog-details,False
/website-analytics-use-cases-for-b2b-professional-services-and-international-businesses,INS-0398,Insight Article,app-development,app-development:blog-details,False
/where-ai-and-automation-fit-into-website-analytics,INS-0399,Insight Article,automation-saas,automation-saas:blog-details,False
/when-should-a-business-invest-in-website-analytics,INS-0400,Insight Article,creative-portfolio,creative-portfolio:blog-details,False
/ecommerce-development-a-practical-guide-for-commerce-teams,INS-0401,Insight Article,app-development,app-development:blog-details,False
/how-to-implement-ecommerce-development-without-disrupting-operations,INS-0402,Insight Article,app-development,app-development:blog-details,False
/ecommerce-development-implementation-checklist-people-process-technology-and-controls,INS-0403,Insight Article,app-development,app-development:blog-details,False
/10-ecommerce-development-mistakes-that-increase-cost-risk-and-rework,INS-0404,Insight Article,app-development,app-development:blog-details,False
/how-to-measure-the-roi-of-ecommerce-development,INS-0405,Insight Article,app-development,app-development:blog-details,False
/ecommerce-development-in-house-team-vs-managed-service,INS-0406,Insight Article,app-development,app-development:blog-details,False
/ecommerce-development-roadmap-from-assessment-to-continuous-improvement,INS-0407,Insight Article,app-development,app-development:blog-details,False
/ecommerce-development-use-cases-for-retailers-distributors-and-ecommerce-businesses,INS-0408,Insight Article,app-development,app-development:blog-details,False
/where-ai-and-automation-fit-into-ecommerce-development,INS-0409,Insight Article,automation-saas,automation-saas:blog-details,False
/when-should-a-business-invest-in-ecommerce-development,INS-0410,Insight Article,app-development,app-development:blog-details,False
/ecommerce-platform-selection-a-practical-guide-for-commerce-teams,INS-0411,Insight Article,app-development,app-development:blog-details,False
/how-to-implement-ecommerce-platform-selection-without-disrupting-operations,INS-0412,Insight Article,app-development,app-development:blog-details,False
/ecommerce-platform-selection-implementation-checklist-people-process-technology-and-controls,INS-0413,Insight Article,app-development,app-development:blog-details,False
/10-ecommerce-platform-selection-mistakes-that-increase-cost-risk-and-rework,INS-0414,Insight Article,app-development,app-development:blog-details,False
/how-to-measure-the-roi-of-ecommerce-platform-selection,INS-0415,Insight Article,app-development,app-development:blog-details,False
/ecommerce-platform-selection-in-house-team-vs-managed-service,INS-0416,Insight Article,app-development,app-development:blog-details,False
/ecommerce-platform-selection-roadmap-from-assessment-to-continuous-improvement,INS-0417,Insight Article,app-development,app-development:blog-details,False
/ecommerce-platform-selection-use-cases-for-retailers-distributors-and-ecommerce-businesses,INS-0418,Insight Article,app-development,app-development:blog-details,False
/where-ai-and-automation-fit-into-ecommerce-platform-selection,INS-0419,Insight Article,automation-saas,automation-saas:blog-details,False
/when-should-a-business-invest-in-ecommerce-platform-selection,INS-0420,Insight Article,app-development,app-development:blog-details,False
/headless-commerce-a-practical-guide-for-commerce-teams,INS-0421,Insight Article,app-development,app-development:blog-details,False
/how-to-implement-headless-commerce-without-disrupting-operations,INS-0422,Insight Article,app-development,app-development:blog-details,False
/headless-commerce-implementation-checklist-people-process-technology-and-controls,INS-0423,Insight Article,app-development,app-development:blog-details,False
/10-headless-commerce-mistakes-that-increase-cost-risk-and-rework,INS-0424,Insight Article,app-development,app-development:blog-details,False
/how-to-measure-the-roi-of-headless-commerce,INS-0425,Insight Article,app-development,app-development:blog-details,False
/headless-commerce-in-house-team-vs-managed-service,INS-0426,Insight Article,app-development,app-development:blog-details,False
/headless-commerce-roadmap-from-assessment-to-continuous-improvement,INS-0427,Insight Article,app-development,app-development:blog-details,False
/headless-commerce-use-cases-for-retailers-distributors-and-ecommerce-businesses,INS-0428,Insight Article,app-development,app-development:blog-details,False
/where-ai-and-automation-fit-into-headless-commerce,INS-0429,Insight Article,automation-saas,automation-saas:blog-details,False
/when-should-a-business-invest-in-headless-commerce,INS-0430,Insight Article,app-development,app-development:blog-details,False
/checkout-optimization-a-practical-guide-for-commerce-teams,INS-0431,Insight Article,app-development,app-development:blog-details,False
/how-to-implement-checkout-optimization-without-disrupting-operations,INS-0432,Insight Article,app-development,app-development:blog-details,False
/checkout-optimization-implementation-checklist-people-process-technology-and-controls,INS-0433,Insight Article,app-development,app-development:blog-details,False
/10-checkout-optimization-mistakes-that-increase-cost-risk-and-rework,INS-0434,Insight Article,app-development,app-development:blog-details,False
/how-to-measure-the-roi-of-checkout-optimization,INS-0435,Insight Article,app-development,app-development:blog-details,False
/checkout-optimization-in-house-team-vs-managed-service,INS-0436,Insight Article,app-development,app-development:blog-details,False
/checkout-optimization-roadmap-from-assessment-to-continuous-improvement,INS-0437,Insight Article,app-development,app-development:blog-details,False
/checkout-optimization-use-cases-for-retailers-distributors-and-ecommerce-businesses,INS-0438,Insight Article,app-development,app-development:blog-details,False
/where-ai-and-automation-fit-into-checkout-optimization,INS-0439,Insight Article,automation-saas,automation-saas:blog-details,False
/when-should-a-business-invest-in-checkout-optimization,INS-0440,Insight Article,app-development,app-development:blog-details,False
/product-catalog-management-a-practical-guide-for-commerce-teams,INS-0441,Insight Article,app-development,app-development:blog-details,False
/how-to-implement-product-catalog-management-without-disrupting-operations,INS-0442,Insight Article,app-development,app-development:blog-details,False
/product-catalog-management-implementation-checklist-people-process-technology-and-controls,INS-0443,Insight Article,app-development,app-development:blog-details,False
/10-product-catalog-management-mistakes-that-increase-cost-risk-and-rework,INS-0444,Insight Article,app-development,app-development:blog-details,False
/how-to-measure-the-roi-of-product-catalog-management,INS-0445,Insight Article,app-development,app-development:blog-details,False
/product-catalog-management-in-house-team-vs-managed-service,INS-0446,Insight Article,app-development,app-development:blog-details,False
/product-catalog-management-roadmap-from-assessment-to-continuous-improvement,INS-0447,Insight Article,app-development,app-development:blog-details,False
/product-catalog-management-use-cases-for-retailers-distributors-and-ecommerce-businesses,INS-0448,Insight Article,app-development,app-development:blog-details,False
/where-ai-and-automation-fit-into-product-catalog-management,INS-0449,Insight Article,automation-saas,automation-saas:blog-details,False
/when-should-a-business-invest-in-product-catalog-management,INS-0450,Insight Article,app-development,app-development:blog-details,False
/omnichannel-commerce-a-practical-guide-for-commerce-teams,INS-0451,Insight Article,app-development,app-development:blog-details,False
/how-to-implement-omnichannel-commerce-without-disrupting-operations,INS-0452,Insight Article,app-development,app-development:blog-details,False
/omnichannel-commerce-implementation-checklist-people-process-technology-and-controls,INS-0453,Insight Article,app-development,app-development:blog-details,False
/10-omnichannel-commerce-mistakes-that-increase-cost-risk-and-rework,INS-0454,Insight Article,app-development,app-development:blog-details,False
/how-to-measure-the-roi-of-omnichannel-commerce,INS-0455,Insight Article,app-development,app-development:blog-details,False
/omnichannel-commerce-in-house-team-vs-managed-service,INS-0456,Insight Article,app-development,app-development:blog-details,False
/omnichannel-commerce-roadmap-from-assessment-to-continuous-improvement,INS-0457,Insight Article,app-development,app-development:blog-details,False
/omnichannel-commerce-use-cases-for-retailers-distributors-and-ecommerce-businesses,INS-0458,Insight Article,app-development,app-development:blog-details,False
/where-ai-and-automation-fit-into-omnichannel-commerce,INS-0459,Insight Article,automation-saas,automation-saas:blog-details,False
/when-should-a-business-invest-in-omnichannel-commerce,INS-0460,Insight Article,app-development,app-development:blog-details,False
/payment-gateway-integration-a-practical-guide-for-commerce-teams,INS-0461,Insight Article,app-development,app-development:blog-details,False
/how-to-implement-payment-gateway-integration-without-disrupting-operations,INS-0462,Insight Article,app-development,app-development:blog-details,False
/payment-gateway-integration-implementation-checklist-people-process-technology-and-controls,INS-0463,Insight Article,app-development,app-development:blog-details,False
/10-payment-gateway-integration-mistakes-that-increase-cost-risk-and-rework,INS-0464,Insight Article,app-development,app-development:blog-details,False
/how-to-measure-the-roi-of-payment-gateway-integration,INS-0465,Insight Article,app-development,app-development:blog-details,False
/payment-gateway-integration-in-house-team-vs-managed-service,INS-0466,Insight Article,app-development,app-development:blog-details,False
/payment-gateway-integration-roadmap-from-assessment-to-continuous-improvement,INS-0467,Insight Article,app-development,app-development:blog-details,False
/payment-gateway-integration-use-cases-for-retailers-distributors-and-ecommerce-businesses,INS-0468,Insight Article,app-development,app-development:blog-details,False
/where-ai-and-automation-fit-into-payment-gateway-integration,INS-0469,Insight Article,automation-saas,automation-saas:blog-details,False
/when-should-a-business-invest-in-payment-gateway-integration,INS-0470,Insight Article,app-development,app-development:blog-details,False
/ecommerce-returns-management-a-practical-guide-for-commerce-teams,INS-0471,Insight Article,app-development,app-development:blog-details,False
/how-to-implement-ecommerce-returns-management-without-disrupting-operations,INS-0472,Insight Article,app-development,app-development:blog-details,False
/ecommerce-returns-management-implementation-checklist-people-process-technology-and-controls,INS-0473,Insight Article,app-development,app-development:blog-details,False
/10-ecommerce-returns-management-mistakes-that-increase-cost-risk-and-rework,INS-0474,Insight Article,app-development,app-development:blog-details,False
/how-to-measure-the-roi-of-ecommerce-returns-management,INS-0475,Insight Article,app-development,app-development:blog-details,False
/ecommerce-returns-management-in-house-team-vs-managed-service,INS-0476,Insight Article,app-development,app-development:blog-details,False
/ecommerce-returns-management-roadmap-from-assessment-to-continuous-improvement,INS-0477,Insight Article,app-development,app-development:blog-details,False
/ecommerce-returns-management-use-cases-for-retailers-distributors-and-ecommerce-businesses,INS-0478,Insight Article,app-development,app-development:blog-details,False
/where-ai-and-automation-fit-into-ecommerce-returns-management,INS-0479,Insight Article,automation-saas,automation-saas:blog-details,False
/when-should-a-business-invest-in-ecommerce-returns-management,INS-0480,Insight Article,app-development,app-development:blog-details,False
/b2b-ecommerce-a-practical-guide-for-commerce-teams,INS-0481,Insight Article,app-development,app-development:blog-details,False
/how-to-implement-b2b-ecommerce-without-disrupting-operations,INS-0482,Insight Article,app-development,app-development:blog-details,False
/b2b-ecommerce-implementation-checklist-people-process-technology-and-controls,INS-0483,Insight Article,app-development,app-development:blog-details,False
/10-b2b-ecommerce-mistakes-that-increase-cost-risk-and-rework,INS-0484,Insight Article,app-development,app-development:blog-details,False
/how-to-measure-the-roi-of-b2b-ecommerce,INS-0485,Insight Article,app-development,app-development:blog-details,False
/b2b-ecommerce-in-house-team-vs-managed-service,INS-0486,Insight Article,app-development,app-development:blog-details,False
/b2b-ecommerce-roadmap-from-assessment-to-continuous-improvement,INS-0487,Insight Article,app-development,app-development:blog-details,False
/b2b-ecommerce-use-cases-for-retailers-distributors-and-ecommerce-businesses,INS-0488,Insight Article,app-development,app-development:blog-details,False
/where-ai-and-automation-fit-into-b2b-ecommerce,INS-0489,Insight Article,automation-saas,automation-saas:blog-details,False
/when-should-a-business-invest-in-b2b-ecommerce,INS-0490,Insight Article,app-development,app-development:blog-details,False
/ecommerce-analytics-a-practical-guide-for-commerce-teams,INS-0491,Insight Article,app-development,app-development:blog-details,False
/how-to-implement-ecommerce-analytics-without-disrupting-operations,INS-0492,Insight Article,app-development,app-development:blog-details,False
/ecommerce-analytics-implementation-checklist-people-process-technology-and-controls,INS-0493,Insight Article,app-development,app-development:blog-details,False
/10-ecommerce-analytics-mistakes-that-increase-cost-risk-and-rework,INS-0494,Insight Article,app-development,app-development:blog-details,False
/how-to-measure-the-roi-of-ecommerce-analytics,INS-0495,Insight Article,app-development,app-development:blog-details,False
/ecommerce-analytics-in-house-team-vs-managed-service,INS-0496,Insight Article,app-development,app-development:blog-details,False
/ecommerce-analytics-roadmap-from-assessment-to-continuous-improvement,INS-0497,Insight Article,app-development,app-development:blog-details,False
/ecommerce-analytics-use-cases-for-retailers-distributors-and-ecommerce-businesses,INS-0498,Insight Article,app-development,app-development:blog-details,False
/where-ai-and-automation-fit-into-ecommerce-analytics,INS-0499,Insight Article,automation-saas,automation-saas:blog-details,False
/when-should-a-business-invest-in-ecommerce-analytics,INS-0500,Insight Article,app-development,app-development:blog-details,False
/pos-system-a-practical-guide-for-retail-operators,INS-0501,Insight Article,ai-agency,ai-agency:blog-details,False
/how-to-implement-pos-system-without-disrupting-operations,INS-0502,Insight Article,app-development,app-development:blog-details,False
/pos-system-implementation-checklist-people-process-technology-and-controls,INS-0503,Insight Article,automation-saas,automation-saas:blog-details,False
/10-pos-system-mistakes-that-increase-cost-risk-and-rework,INS-0504,Insight Article,creative-portfolio,creative-portfolio:blog-details,False
/how-to-measure-the-roi-of-pos-system,INS-0505,Insight Article,ai-agency,ai-agency:blog-details,False
/pos-system-in-house-team-vs-managed-service,INS-0506,Insight Article,app-development,app-development:blog-details,False
/pos-system-roadmap-from-assessment-to-continuous-improvement,INS-0507,Insight Article,automation-saas,automation-saas:blog-details,False
/pos-system-use-cases-for-multi-store-retail-distribution-and-hospitality,INS-0508,Insight Article,creative-portfolio,creative-portfolio:blog-details,False
/where-ai-and-automation-fit-into-pos-system,INS-0509,Insight Article,automation-saas,automation-saas:blog-details,False
/when-should-a-business-invest-in-pos-system,INS-0510,Insight Article,app-development,app-development:blog-details,False
/offline-pos-system-a-practical-guide-for-retail-operators,INS-0511,Insight Article,automation-saas,automation-saas:blog-details,False
/how-to-implement-offline-pos-system-without-disrupting-operations,INS-0512,Insight Article,creative-portfolio,creative-portfolio:blog-details,False
/offline-pos-system-implementation-checklist-people-process-technology-and-controls,INS-0513,Insight Article,ai-agency,ai-agency:blog-details,False
/10-offline-pos-system-mistakes-that-increase-cost-risk-and-rework,INS-0514,Insight Article,app-development,app-development:blog-details,False
/how-to-measure-the-roi-of-offline-pos-system,INS-0515,Insight Article,automation-saas,automation-saas:blog-details,False
/offline-pos-system-in-house-team-vs-managed-service,INS-0516,Insight Article,creative-portfolio,creative-portfolio:blog-details,False
/offline-pos-system-roadmap-from-assessment-to-continuous-improvement,INS-0517,Insight Article,ai-agency,ai-agency:blog-details,False
/offline-pos-system-use-cases-for-multi-store-retail-distribution-and-hospitality,INS-0518,Insight Article,app-development,app-development:blog-details,False
/where-ai-and-automation-fit-into-offline-pos-system,INS-0519,Insight Article,automation-saas,automation-saas:blog-details,False
/when-should-a-business-invest-in-offline-pos-system,INS-0520,Insight Article,creative-portfolio,creative-portfolio:blog-details,False
/inventory-accuracy-a-practical-guide-for-retail-operators,INS-0521,Insight Article,ai-agency,ai-agency:blog-details,False
/how-to-implement-inventory-accuracy-without-disrupting-operations,INS-0522,Insight Article,app-development,app-development:blog-details,False
/inventory-accuracy-implementation-checklist-people-process-technology-and-controls,INS-0523,Insight Article,automation-saas,automation-saas:blog-details,False
/10-inventory-accuracy-mistakes-that-increase-cost-risk-and-rework,INS-0524,Insight Article,creative-portfolio,creative-portfolio:blog-details,False
/how-to-measure-the-roi-of-inventory-accuracy,INS-0525,Insight Article,ai-agency,ai-agency:blog-details,False
/inventory-accuracy-in-house-team-vs-managed-service,INS-0526,Insight Article,app-development,app-development:blog-details,False
/inventory-accuracy-roadmap-from-assessment-to-continuous-improvement,INS-0527,Insight Article,automation-saas,automation-saas:blog-details,False
/inventory-accuracy-use-cases-for-multi-store-retail-distribution-and-hospitality,INS-0528,Insight Article,creative-portfolio,creative-portfolio:blog-details,False
/where-ai-and-automation-fit-into-inventory-accuracy,INS-0529,Insight Article,automation-saas,automation-saas:blog-details,False
/when-should-a-business-invest-in-inventory-accuracy,INS-0530,Insight Article,app-development,app-development:blog-details,False
/fifo-inventory-management-a-practical-guide-for-retail-operators,INS-0531,Insight Article,automation-saas,automation-saas:blog-details,False
/how-to-implement-fifo-inventory-management-without-disrupting-operations,INS-0532,Insight Article,creative-portfolio,creative-portfolio:blog-details,False
/fifo-inventory-management-implementation-checklist-people-process-technology-and-controls,INS-0533,Insight Article,ai-agency,ai-agency:blog-details,False
/10-fifo-inventory-management-mistakes-that-increase-cost-risk-and-rework,INS-0534,Insight Article,app-development,app-development:blog-details,False
/how-to-measure-the-roi-of-fifo-inventory-management,INS-0535,Insight Article,automation-saas,automation-saas:blog-details,False
/fifo-inventory-management-in-house-team-vs-managed-service,INS-0536,Insight Article,creative-portfolio,creative-portfolio:blog-details,False
/fifo-inventory-management-roadmap-from-assessment-to-continuous-improvement,INS-0537,Insight Article,ai-agency,ai-agency:blog-details,False
/fifo-inventory-management-use-cases-for-multi-store-retail-distribution-and-hospitality,INS-0538,Insight Article,app-development,app-development:blog-details,False
/where-ai-and-automation-fit-into-fifo-inventory-management,INS-0539,Insight Article,automation-saas,automation-saas:blog-details,False
/when-should-a-business-invest-in-fifo-inventory-management,INS-0540,Insight Article,creative-portfolio,creative-portfolio:blog-details,False
/serial-number-inventory-tracking-a-practical-guide-for-retail-operators,INS-0541,Insight Article,ai-agency,ai-agency:blog-details,False
/how-to-implement-serial-number-inventory-tracking-without-disrupting-operations,INS-0542,Insight Article,app-development,app-development:blog-details,False
/serial-number-inventory-tracking-implementation-checklist-people-process-technology-and-controls,INS-0543,Insight Article,automation-saas,automation-saas:blog-details,False
/10-serial-number-inventory-tracking-mistakes-that-increase-cost-risk-and-rework,INS-0544,Insight Article,creative-portfolio,creative-portfolio:blog-details,False
/how-to-measure-the-roi-of-serial-number-inventory-tracking,INS-0545,Insight Article,ai-agency,ai-agency:blog-details,False
/serial-number-inventory-tracking-in-house-team-vs-managed-service,INS-0546,Insight Article,app-development,app-development:blog-details,False
/serial-number-inventory-tracking-roadmap-from-assessment-to-continuous-improvement,INS-0547,Insight Article,automation-saas,automation-saas:blog-details,False
/serial-number-inventory-tracking-use-cases-for-multi-store-retail-distribution-and-hospitality,INS-0548,Insight Article,creative-portfolio,creative-portfolio:blog-details,False
/where-ai-and-automation-fit-into-serial-number-inventory-tracking,INS-0549,Insight Article,automation-saas,automation-saas:blog-details,False
/when-should-a-business-invest-in-serial-number-inventory-tracking,INS-0550,Insight Article,app-development,app-development:blog-details,False
/multi-store-inventory-a-practical-guide-for-retail-operators,INS-0551,Insight Article,automation-saas,automation-saas:blog-details,False
/how-to-implement-multi-store-inventory-without-disrupting-operations,INS-0552,Insight Article,creative-portfolio,creative-portfolio:blog-details,False
/multi-store-inventory-implementation-checklist-people-process-technology-and-controls,INS-0553,Insight Article,ai-agency,ai-agency:blog-details,False
/10-multi-store-inventory-mistakes-that-increase-cost-risk-and-rework,INS-0554,Insight Article,app-development,app-development:blog-details,False
/how-to-measure-the-roi-of-multi-store-inventory,INS-0555,Insight Article,automation-saas,automation-saas:blog-details,False
/multi-store-inventory-in-house-team-vs-managed-service,INS-0556,Insight Article,creative-portfolio,creative-portfolio:blog-details,False
/multi-store-inventory-roadmap-from-assessment-to-continuous-improvement,INS-0557,Insight Article,ai-agency,ai-agency:blog-details,False
/multi-store-inventory-use-cases-for-multi-store-retail-distribution-and-hospitality,INS-0558,Insight Article,app-development,app-development:blog-details,False
/where-ai-and-automation-fit-into-multi-store-inventory,INS-0559,Insight Article,automation-saas,automation-saas:blog-details,False
/when-should-a-business-invest-in-multi-store-inventory,INS-0560,Insight Article,creative-portfolio,creative-portfolio:blog-details,False
/stock-replenishment-a-practical-guide-for-retail-operators,INS-0561,Insight Article,ai-agency,ai-agency:blog-details,False
/how-to-implement-stock-replenishment-without-disrupting-operations,INS-0562,Insight Article,app-development,app-development:blog-details,False
/stock-replenishment-implementation-checklist-people-process-technology-and-controls,INS-0563,Insight Article,automation-saas,automation-saas:blog-details,False
/10-stock-replenishment-mistakes-that-increase-cost-risk-and-rework,INS-0564,Insight Article,creative-portfolio,creative-portfolio:blog-details,False
/how-to-measure-the-roi-of-stock-replenishment,INS-0565,Insight Article,ai-agency,ai-agency:blog-details,False
/stock-replenishment-in-house-team-vs-managed-service,INS-0566,Insight Article,app-development,app-development:blog-details,False
/stock-replenishment-roadmap-from-assessment-to-continuous-improvement,INS-0567,Insight Article,automation-saas,automation-saas:blog-details,False
/stock-replenishment-use-cases-for-multi-store-retail-distribution-and-hospitality,INS-0568,Insight Article,creative-portfolio,creative-portfolio:blog-details,False
/where-ai-and-automation-fit-into-stock-replenishment,INS-0569,Insight Article,automation-saas,automation-saas:blog-details,False
/when-should-a-business-invest-in-stock-replenishment,INS-0570,Insight Article,app-development,app-development:blog-details,False
/warehouse-inventory-management-a-practical-guide-for-retail-operators,INS-0571,Insight Article,automation-saas,automation-saas:blog-details,False
/how-to-implement-warehouse-inventory-management-without-disrupting-operations,INS-0572,Insight Article,creative-portfolio,creative-portfolio:blog-details,False
/warehouse-inventory-management-implementation-checklist-people-process-technology-and-controls,INS-0573,Insight Article,ai-agency,ai-agency:blog-details,False
/10-warehouse-inventory-management-mistakes-that-increase-cost-risk-and-rework,INS-0574,Insight Article,app-development,app-development:blog-details,False
/how-to-measure-the-roi-of-warehouse-inventory-management,INS-0575,Insight Article,automation-saas,automation-saas:blog-details,False
/warehouse-inventory-management-in-house-team-vs-managed-service,INS-0576,Insight Article,creative-portfolio,creative-portfolio:blog-details,False
/warehouse-inventory-management-roadmap-from-assessment-to-continuous-improvement,INS-0577,Insight Article,ai-agency,ai-agency:blog-details,False
/warehouse-inventory-management-use-cases-for-multi-store-retail-distribution-and-hospitality,INS-0578,Insight Article,app-development,app-development:blog-details,False
/where-ai-and-automation-fit-into-warehouse-inventory-management,INS-0579,Insight Article,automation-saas,automation-saas:blog-details,False
/when-should-a-business-invest-in-warehouse-inventory-management,INS-0580,Insight Article,creative-portfolio,creative-portfolio:blog-details,False
/retail-analytics-a-practical-guide-for-retail-operators,INS-0581,Insight Article,ai-agency,ai-agency:blog-details,False
/how-to-implement-retail-analytics-without-disrupting-operations,INS-0582,Insight Article,app-development,app-development:blog-details,False
/retail-analytics-implementation-checklist-people-process-technology-and-controls,INS-0583,Insight Article,automation-saas,automation-saas:blog-details,False
/10-retail-analytics-mistakes-that-increase-cost-risk-and-rework,INS-0584,Insight Article,creative-portfolio,creative-portfolio:blog-details,False
/how-to-measure-the-roi-of-retail-analytics,INS-0585,Insight Article,ai-agency,ai-agency:blog-details,False
/retail-analytics-in-house-team-vs-managed-service,INS-0586,Insight Article,app-development,app-development:blog-details,False
/retail-analytics-roadmap-from-assessment-to-continuous-improvement,INS-0587,Insight Article,automation-saas,automation-saas:blog-details,False
/retail-analytics-use-cases-for-multi-store-retail-distribution-and-hospitality,INS-0588,Insight Article,creative-portfolio,creative-portfolio:blog-details,False
/where-ai-and-automation-fit-into-retail-analytics,INS-0589,Insight Article,automation-saas,automation-saas:blog-details,False
/when-should-a-business-invest-in-retail-analytics,INS-0590,Insight Article,app-development,app-development:blog-details,False
/pos-integration-a-practical-guide-for-retail-operators,INS-0591,Insight Article,automation-saas,automation-saas:blog-details,False
/how-to-implement-pos-integration-without-disrupting-operations,INS-0592,Insight Article,creative-portfolio,creative-portfolio:blog-details,False
/pos-integration-implementation-checklist-people-process-technology-and-controls,INS-0593,Insight Article,ai-agency,ai-agency:blog-details,False
/10-pos-integration-mistakes-that-increase-cost-risk-and-rework,INS-0594,Insight Article,app-development,app-development:blog-details,False
/how-to-measure-the-roi-of-pos-integration,INS-0595,Insight Article,automation-saas,automation-saas:blog-details,False
/pos-integration-in-house-team-vs-managed-service,INS-0596,Insight Article,creative-portfolio,creative-portfolio:blog-details,False
/pos-integration-roadmap-from-assessment-to-continuous-improvement,INS-0597,Insight Article,ai-agency,ai-agency:blog-details,False
/pos-integration-use-cases-for-multi-store-retail-distribution-and-hospitality,INS-0598,Insight Article,app-development,app-development:blog-details,False
/where-ai-and-automation-fit-into-pos-integration,INS-0599,Insight Article,automation-saas,automation-saas:blog-details,False
/when-should-a-business-invest-in-pos-integration,INS-0600,Insight Article,creative-portfolio,creative-portfolio:blog-details,False
/business-process-outsourcing-a-practical-guide-for-operations-leaders,INS-0601,Insight Article,ai-agency,ai-agency:blog-details,False
/how-to-implement-business-process-outsourcing-without-disrupting-operations,INS-0602,Insight Article,app-development,app-development:blog-details,False
/business-process-outsourcing-implementation-checklist-people-process-technology-and-controls,INS-0603,Insight Article,automation-saas,automation-saas:blog-details,False
/10-business-process-outsourcing-mistakes-that-increase-cost-risk-and-rework,INS-0604,Insight Article,creative-portfolio,creative-portfolio:blog-details,False
/how-to-measure-the-roi-of-business-process-outsourcing,INS-0605,Insight Article,ai-agency,ai-agency:blog-details,False
/business-process-outsourcing-in-house-team-vs-managed-service,INS-0606,Insight Article,app-development,app-development:blog-details,False
/business-process-outsourcing-roadmap-from-assessment-to-continuous-improvement,INS-0607,Insight Article,automation-saas,automation-saas:blog-details,False
/business-process-outsourcing-use-cases-for-growing-smes-and-distributed-enterprises,INS-0608,Insight Article,creative-portfolio,creative-portfolio:blog-details,False
/where-ai-and-automation-fit-into-business-process-outsourcing,INS-0609,Insight Article,automation-saas,automation-saas:blog-details,False
/when-should-a-business-invest-in-business-process-outsourcing,INS-0610,Insight Article,app-development,app-development:blog-details,False
/managed-business-operations-a-practical-guide-for-operations-leaders,INS-0611,Insight Article,automation-saas,automation-saas:blog-details,False
/how-to-implement-managed-business-operations-without-disrupting-operations,INS-0612,Insight Article,creative-portfolio,creative-portfolio:blog-details,False
/managed-business-operations-implementation-checklist-people-process-technology-and-controls,INS-0613,Insight Article,ai-agency,ai-agency:blog-details,False
/10-managed-business-operations-mistakes-that-increase-cost-risk-and-rework,INS-0614,Insight Article,app-development,app-development:blog-details,False
/how-to-measure-the-roi-of-managed-business-operations,INS-0615,Insight Article,automation-saas,automation-saas:blog-details,False
/managed-business-operations-in-house-team-vs-managed-service,INS-0616,Insight Article,creative-portfolio,creative-portfolio:blog-details,False
/managed-business-operations-roadmap-from-assessment-to-continuous-improvement,INS-0617,Insight Article,ai-agency,ai-agency:blog-details,False
/managed-business-operations-use-cases-for-growing-smes-and-distributed-enterprises,INS-0618,Insight Article,app-development,app-development:blog-details,False
/where-ai-and-automation-fit-into-managed-business-operations,INS-0619,Insight Article,automation-saas,automation-saas:blog-details,False
/when-should-a-business-invest-in-managed-business-operations,INS-0620,Insight Article,creative-portfolio,creative-portfolio:blog-details,False
/build-operate-transfer-a-practical-guide-for-operations-leaders,INS-0621,Insight Article,ai-agency,ai-agency:blog-details,False
/how-to-implement-build-operate-transfer-without-disrupting-operations,INS-0622,Insight Article,app-development,app-development:blog-details,False
/build-operate-transfer-implementation-checklist-people-process-technology-and-controls,INS-0623,Insight Article,automation-saas,automation-saas:blog-details,False
/10-build-operate-transfer-mistakes-that-increase-cost-risk-and-rework,INS-0624,Insight Article,creative-portfolio,creative-portfolio:blog-details,False
/how-to-measure-the-roi-of-build-operate-transfer,INS-0625,Insight Article,ai-agency,ai-agency:blog-details,False
/build-operate-transfer-in-house-team-vs-managed-service,INS-0626,Insight Article,app-development,app-development:blog-details,False
/build-operate-transfer-roadmap-from-assessment-to-continuous-improvement,INS-0627,Insight Article,automation-saas,automation-saas:blog-details,False
/build-operate-transfer-use-cases-for-growing-smes-and-distributed-enterprises,INS-0628,Insight Article,creative-portfolio,creative-portfolio:blog-details,False
/where-ai-and-automation-fit-into-build-operate-transfer,INS-0629,Insight Article,automation-saas,automation-saas:blog-details,False
/when-should-a-business-invest-in-build-operate-transfer,INS-0630,Insight Article,app-development,app-development:blog-details,False
/standard-operating-procedures-a-practical-guide-for-operations-leaders,INS-0631,Insight Article,automation-saas,automation-saas:blog-details,False
/how-to-implement-standard-operating-procedures-without-disrupting-operations,INS-0632,Insight Article,creative-portfolio,creative-portfolio:blog-details,False
/standard-operating-procedures-implementation-checklist-people-process-technology-and-controls,INS-0633,Insight Article,ai-agency,ai-agency:blog-details,False
/10-standard-operating-procedures-mistakes-that-increase-cost-risk-and-rework,INS-0634,Insight Article,app-development,app-development:blog-details,False
/how-to-measure-the-roi-of-standard-operating-procedures,INS-0635,Insight Article,automation-saas,automation-saas:blog-details,False
/standard-operating-procedures-in-house-team-vs-managed-service,INS-0636,Insight Article,creative-portfolio,creative-portfolio:blog-details,False
/standard-operating-procedures-roadmap-from-assessment-to-continuous-improvement,INS-0637,Insight Article,ai-agency,ai-agency:blog-details,False
/standard-operating-procedures-use-cases-for-growing-smes-and-distributed-enterprises,INS-0638,Insight Article,app-development,app-development:blog-details,False
/where-ai-and-automation-fit-into-standard-operating-procedures,INS-0639,Insight Article,automation-saas,automation-saas:blog-details,False
/when-should-a-business-invest-in-standard-operating-procedures,INS-0640,Insight Article,creative-portfolio,creative-portfolio:blog-details,False
/service-level-agreement-a-practical-guide-for-operations-leaders,INS-0641,Insight Article,ai-agency,ai-agency:blog-details,False
/how-to-implement-service-level-agreement-without-disrupting-operations,INS-0642,Insight Article,app-development,app-development:blog-details,False
/service-level-agreement-implementation-checklist-people-process-technology-and-controls,INS-0643,Insight Article,automation-saas,automation-saas:blog-details,False
/10-service-level-agreement-mistakes-that-increase-cost-risk-and-rework,INS-0644,Insight Article,creative-portfolio,creative-portfolio:blog-details,False
/how-to-measure-the-roi-of-service-level-agreement,INS-0645,Insight Article,ai-agency,ai-agency:blog-details,False
/service-level-agreement-in-house-team-vs-managed-service,INS-0646,Insight Article,app-development,app-development:blog-details,False
/service-level-agreement-roadmap-from-assessment-to-continuous-improvement,INS-0647,Insight Article,automation-saas,automation-saas:blog-details,False
/service-level-agreement-use-cases-for-growing-smes-and-distributed-enterprises,INS-0648,Insight Article,creative-portfolio,creative-portfolio:blog-details,False
/where-ai-and-automation-fit-into-service-level-agreement,INS-0649,Insight Article,automation-saas,automation-saas:blog-details,False
/when-should-a-business-invest-in-service-level-agreement,INS-0650,Insight Article,app-development,app-development:blog-details,False
/business-process-transition-a-practical-guide-for-operations-leaders,INS-0651,Insight Article,automation-saas,automation-saas:blog-details,False
/how-to-implement-business-process-transition-without-disrupting-operations,INS-0652,Insight Article,creative-portfolio,creative-portfolio:blog-details,False
/business-process-transition-implementation-checklist-people-process-technology-and-controls,INS-0653,Insight Article,ai-agency,ai-agency:blog-details,False
/10-business-process-transition-mistakes-that-increase-cost-risk-and-rework,INS-0654,Insight Article,app-development,app-development:blog-details,False
/how-to-measure-the-roi-of-business-process-transition,INS-0655,Insight Article,automation-saas,automation-saas:blog-details,False
/business-process-transition-in-house-team-vs-managed-service,INS-0656,Insight Article,creative-portfolio,creative-portfolio:blog-details,False
/business-process-transition-roadmap-from-assessment-to-continuous-improvement,INS-0657,Insight Article,ai-agency,ai-agency:blog-details,False
/business-process-transition-use-cases-for-growing-smes-and-distributed-enterprises,INS-0658,Insight Article,app-development,app-development:blog-details,False
/where-ai-and-automation-fit-into-business-process-transition,INS-0659,Insight Article,automation-saas,automation-saas:blog-details,False
/when-should-a-business-invest-in-business-process-transition,INS-0660,Insight Article,creative-portfolio,creative-portfolio:blog-details,False
/operations-quality-assurance-a-practical-guide-for-operations-leaders,INS-0661,Insight Article,ai-agency,ai-agency:blog-details,False
/how-to-implement-operations-quality-assurance-without-disrupting-operations,INS-0662,Insight Article,app-development,app-development:blog-details,False
/operations-quality-assurance-implementation-checklist-people-process-technology-and-controls,INS-0663,Insight Article,automation-saas,automation-saas:blog-details,False
/10-operations-quality-assurance-mistakes-that-increase-cost-risk-and-rework,INS-0664,Insight Article,creative-portfolio,creative-portfolio:blog-details,False
/how-to-measure-the-roi-of-operations-quality-assurance,INS-0665,Insight Article,ai-agency,ai-agency:blog-details,False
/operations-quality-assurance-in-house-team-vs-managed-service,INS-0666,Insight Article,app-development,app-development:blog-details,False
/operations-quality-assurance-roadmap-from-assessment-to-continuous-improvement,INS-0667,Insight Article,automation-saas,automation-saas:blog-details,False
/operations-quality-assurance-use-cases-for-growing-smes-and-distributed-enterprises,INS-0668,Insight Article,creative-portfolio,creative-portfolio:blog-details,False
/where-ai-and-automation-fit-into-operations-quality-assurance,INS-0669,Insight Article,automation-saas,automation-saas:blog-details,False
/when-should-a-business-invest-in-operations-quality-assurance,INS-0670,Insight Article,app-development,app-development:blog-details,False
/dedicated-operations-team-a-practical-guide-for-operations-leaders,INS-0671,Insight Article,automation-saas,automation-saas:blog-details,False
/how-to-implement-dedicated-operations-team-without-disrupting-operations,INS-0672,Insight Article,creative-portfolio,creative-portfolio:blog-details,False
/dedicated-operations-team-implementation-checklist-people-process-technology-and-controls,INS-0673,Insight Article,ai-agency,ai-agency:blog-details,False
/10-dedicated-operations-team-mistakes-that-increase-cost-risk-and-rework,INS-0674,Insight Article,app-development,app-development:blog-details,False
/how-to-measure-the-roi-of-dedicated-operations-team,INS-0675,Insight Article,automation-saas,automation-saas:blog-details,False
/dedicated-operations-team-in-house-team-vs-managed-service,INS-0676,Insight Article,creative-portfolio,creative-portfolio:blog-details,False
/dedicated-operations-team-roadmap-from-assessment-to-continuous-improvement,INS-0677,Insight Article,ai-agency,ai-agency:blog-details,False
/dedicated-operations-team-use-cases-for-growing-smes-and-distributed-enterprises,INS-0678,Insight Article,app-development,app-development:blog-details,False
/where-ai-and-automation-fit-into-dedicated-operations-team,INS-0679,Insight Article,automation-saas,automation-saas:blog-details,False
/when-should-a-business-invest-in-dedicated-operations-team,INS-0680,Insight Article,creative-portfolio,creative-portfolio:blog-details,False
/business-continuity-planning-a-practical-guide-for-operations-leaders,INS-0681,Insight Article,ai-agency,ai-agency:blog-details,False
/how-to-implement-business-continuity-planning-without-disrupting-operations,INS-0682,Insight Article,app-development,app-development:blog-details,False
/business-continuity-planning-implementation-checklist-people-process-technology-and-controls,INS-0683,Insight Article,automation-saas,automation-saas:blog-details,False
/10-business-continuity-planning-mistakes-that-increase-cost-risk-and-rework,INS-0684,Insight Article,creative-portfolio,creative-portfolio:blog-details,False
/how-to-measure-the-roi-of-business-continuity-planning,INS-0685,Insight Article,ai-agency,ai-agency:blog-details,False
/business-continuity-planning-in-house-team-vs-managed-service,INS-0686,Insight Article,app-development,app-development:blog-details,False
/business-continuity-planning-roadmap-from-assessment-to-continuous-improvement,INS-0687,Insight Article,automation-saas,automation-saas:blog-details,False
/business-continuity-planning-use-cases-for-growing-smes-and-distributed-enterprises,INS-0688,Insight Article,creative-portfolio,creative-portfolio:blog-details,False
/where-ai-and-automation-fit-into-business-continuity-planning,INS-0689,Insight Article,automation-saas,automation-saas:blog-details,False
/when-should-a-business-invest-in-business-continuity-planning,INS-0690,Insight Article,app-development,app-development:blog-details,False
/continuous-process-improvement-a-practical-guide-for-operations-leaders,INS-0691,Insight Article,automation-saas,automation-saas:blog-details,False
/how-to-implement-continuous-process-improvement-without-disrupting-operations,INS-0692,Insight Article,creative-portfolio,creative-portfolio:blog-details,False
/continuous-process-improvement-implementation-checklist-people-process-technology-and-controls,INS-0693,Insight Article,ai-agency,ai-agency:blog-details,False
/10-continuous-process-improvement-mistakes-that-increase-cost-risk-and-rework,INS-0694,Insight Article,app-development,app-development:blog-details,False
/how-to-measure-the-roi-of-continuous-process-improvement,INS-0695,Insight Article,automation-saas,automation-saas:blog-details,False
/continuous-process-improvement-in-house-team-vs-managed-service,INS-0696,Insight Article,creative-portfolio,creative-portfolio:blog-details,False
/continuous-process-improvement-roadmap-from-assessment-to-continuous-improvement,INS-0697,Insight Article,ai-agency,ai-agency:blog-details,False
/continuous-process-improvement-use-cases-for-growing-smes-and-distributed-enterprises,INS-0698,Insight Article,app-development,app-development:blog-details,False
/where-ai-and-automation-fit-into-continuous-process-improvement,INS-0699,Insight Article,automation-saas,automation-saas:blog-details,False
/when-should-a-business-invest-in-continuous-process-improvement,INS-0700,Insight Article,creative-portfolio,creative-portfolio:blog-details,False
/accounts-payable-outsourcing-a-practical-guide-for-finance-teams,INS-0701,Insight Article,ai-agency,ai-agency:blog-details,False
/how-to-implement-accounts-payable-outsourcing-without-disrupting-operations,INS-0702,Insight Article,app-development,app-development:blog-details,False
/accounts-payable-outsourcing-implementation-checklist-people-process-technology-and-controls,INS-0703,Insight Article,automation-saas,automation-saas:blog-details,False
/10-accounts-payable-outsourcing-mistakes-that-increase-cost-risk-and-rework,INS-0704,Insight Article,creative-portfolio,creative-portfolio:blog-details,False
/how-to-measure-the-roi-of-accounts-payable-outsourcing,INS-0705,Insight Article,ai-agency,ai-agency:blog-details,False
/accounts-payable-outsourcing-in-house-team-vs-managed-service,INS-0706,Insight Article,app-development,app-development:blog-details,False
/accounts-payable-outsourcing-roadmap-from-assessment-to-continuous-improvement,INS-0707,Insight Article,automation-saas,automation-saas:blog-details,False
/accounts-payable-outsourcing-use-cases-for-commerce-services-and-multi-entity-businesses,INS-0708,Insight Article,app-development,app-development:blog-details,False
/where-ai-and-automation-fit-into-accounts-payable-outsourcing,INS-0709,Insight Article,automation-saas,automation-saas:blog-details,False
/when-should-a-business-invest-in-accounts-payable-outsourcing,INS-0710,Insight Article,app-development,app-development:blog-details,False
/accounts-receivable-outsourcing-a-practical-guide-for-finance-teams,INS-0711,Insight Article,automation-saas,automation-saas:blog-details,False
/how-to-implement-accounts-receivable-outsourcing-without-disrupting-operations,INS-0712,Insight Article,creative-portfolio,creative-portfolio:blog-details,False
/accounts-receivable-outsourcing-implementation-checklist-people-process-technology-and-controls,INS-0713,Insight Article,ai-agency,ai-agency:blog-details,False
/10-accounts-receivable-outsourcing-mistakes-that-increase-cost-risk-and-rework,INS-0714,Insight Article,app-development,app-development:blog-details,False
/how-to-measure-the-roi-of-accounts-receivable-outsourcing,INS-0715,Insight Article,automation-saas,automation-saas:blog-details,False
/accounts-receivable-outsourcing-in-house-team-vs-managed-service,INS-0716,Insight Article,creative-portfolio,creative-portfolio:blog-details,False
/accounts-receivable-outsourcing-roadmap-from-assessment-to-continuous-improvement,INS-0717,Insight Article,ai-agency,ai-agency:blog-details,False
/accounts-receivable-outsourcing-use-cases-for-commerce-services-and-multi-entity-businesses,INS-0718,Insight Article,app-development,app-development:blog-details,False
/where-ai-and-automation-fit-into-accounts-receivable-outsourcing,INS-0719,Insight Article,automation-saas,automation-saas:blog-details,False
/when-should-a-business-invest-in-accounts-receivable-outsourcing,INS-0720,Insight Article,creative-portfolio,creative-portfolio:blog-details,False
/bank-reconciliation-services-a-practical-guide-for-finance-teams,INS-0721,Insight Article,ai-agency,ai-agency:blog-details,False
/how-to-implement-bank-reconciliation-services-without-disrupting-operations,INS-0722,Insight Article,app-development,app-development:blog-details,False
/bank-reconciliation-services-implementation-checklist-people-process-technology-and-controls,INS-0723,Insight Article,automation-saas,automation-saas:blog-details,False
/10-bank-reconciliation-services-mistakes-that-increase-cost-risk-and-rework,INS-0724,Insight Article,creative-portfolio,creative-portfolio:blog-details,False
/how-to-measure-the-roi-of-bank-reconciliation-services,INS-0725,Insight Article,ai-agency,ai-agency:blog-details,False
/bank-reconciliation-services-in-house-team-vs-managed-service,INS-0726,Insight Article,app-development,app-development:blog-details,False
/bank-reconciliation-services-roadmap-from-assessment-to-continuous-improvement,INS-0727,Insight Article,automation-saas,automation-saas:blog-details,False
/bank-reconciliation-services-use-cases-for-commerce-services-and-multi-entity-businesses,INS-0728,Insight Article,app-development,app-development:blog-details,False
/where-ai-and-automation-fit-into-bank-reconciliation-services,INS-0729,Insight Article,automation-saas,automation-saas:blog-details,False
/when-should-a-business-invest-in-bank-reconciliation-services,INS-0730,Insight Article,app-development,app-development:blog-details,False
/payment-reconciliation-a-practical-guide-for-finance-teams,INS-0731,Insight Article,automation-saas,automation-saas:blog-details,False
/how-to-implement-payment-reconciliation-without-disrupting-operations,INS-0732,Insight Article,creative-portfolio,creative-portfolio:blog-details,False
/payment-reconciliation-implementation-checklist-people-process-technology-and-controls,INS-0733,Insight Article,ai-agency,ai-agency:blog-details,False
/10-payment-reconciliation-mistakes-that-increase-cost-risk-and-rework,INS-0734,Insight Article,app-development,app-development:blog-details,False
/how-to-measure-the-roi-of-payment-reconciliation,INS-0735,Insight Article,automation-saas,automation-saas:blog-details,False
/payment-reconciliation-in-house-team-vs-managed-service,INS-0736,Insight Article,creative-portfolio,creative-portfolio:blog-details,False
/payment-reconciliation-roadmap-from-assessment-to-continuous-improvement,INS-0737,Insight Article,ai-agency,ai-agency:blog-details,False
/payment-reconciliation-use-cases-for-commerce-services-and-multi-entity-businesses,INS-0738,Insight Article,app-development,app-development:blog-details,False
/where-ai-and-automation-fit-into-payment-reconciliation,INS-0739,Insight Article,automation-saas,automation-saas:blog-details,False
/when-should-a-business-invest-in-payment-reconciliation,INS-0740,Insight Article,creative-portfolio,creative-portfolio:blog-details,False
/cash-on-delivery-reconciliation-a-practical-guide-for-finance-teams,INS-0741,Insight Article,ai-agency,ai-agency:blog-details,False
/how-to-implement-cash-on-delivery-reconciliation-without-disrupting-operations,INS-0742,Insight Article,app-development,app-development:blog-details,False
/cash-on-delivery-reconciliation-implementation-checklist-people-process-technology-and-controls,INS-0743,Insight Article,automation-saas,automation-saas:blog-details,False
/10-cash-on-delivery-reconciliation-mistakes-that-increase-cost-risk-and-rework,INS-0744,Insight Article,creative-portfolio,creative-portfolio:blog-details,False
/how-to-measure-the-roi-of-cash-on-delivery-reconciliation,INS-0745,Insight Article,ai-agency,ai-agency:blog-details,False
/cash-on-delivery-reconciliation-in-house-team-vs-managed-service,INS-0746,Insight Article,app-development,app-development:blog-details,False
/cash-on-delivery-reconciliation-roadmap-from-assessment-to-continuous-improvement,INS-0747,Insight Article,automation-saas,automation-saas:blog-details,False
/cash-on-delivery-reconciliation-use-cases-for-commerce-services-and-multi-entity-businesses,INS-0748,Insight Article,app-development,app-development:blog-details,False
/where-ai-and-automation-fit-into-cash-on-delivery-reconciliation,INS-0749,Insight Article,automation-saas,automation-saas:blog-details,False
/when-should-a-business-invest-in-cash-on-delivery-reconciliation,INS-0750,Insight Article,app-development,app-development:blog-details,False
/invoice-processing-a-practical-guide-for-finance-teams,INS-0751,Insight Article,automation-saas,automation-saas:blog-details,False
/how-to-implement-invoice-processing-without-disrupting-operations,INS-0752,Insight Article,creative-portfolio,creative-portfolio:blog-details,False
/invoice-processing-implementation-checklist-people-process-technology-and-controls,INS-0753,Insight Article,ai-agency,ai-agency:blog-details,False
/10-invoice-processing-mistakes-that-increase-cost-risk-and-rework,INS-0754,Insight Article,app-development,app-development:blog-details,False
/how-to-measure-the-roi-of-invoice-processing,INS-0755,Insight Article,automation-saas,automation-saas:blog-details,False
/invoice-processing-in-house-team-vs-managed-service,INS-0756,Insight Article,creative-portfolio,creative-portfolio:blog-details,False
/invoice-processing-roadmap-from-assessment-to-continuous-improvement,INS-0757,Insight Article,ai-agency,ai-agency:blog-details,False
/invoice-processing-use-cases-for-commerce-services-and-multi-entity-businesses,INS-0758,Insight Article,app-development,app-development:blog-details,False
/where-ai-and-automation-fit-into-invoice-processing,INS-0759,Insight Article,automation-saas,automation-saas:blog-details,False
/when-should-a-business-invest-in-invoice-processing,INS-0760,Insight Article,creative-portfolio,creative-portfolio:blog-details,False
/month-end-close-support-a-practical-guide-for-finance-teams,INS-0761,Insight Article,ai-agency,ai-agency:blog-details,False
/how-to-implement-month-end-close-support-without-disrupting-operations,INS-0762,Insight Article,app-development,app-development:blog-details,False
/month-end-close-support-implementation-checklist-people-process-technology-and-controls,INS-0763,Insight Article,automation-saas,automation-saas:blog-details,False
/10-month-end-close-support-mistakes-that-increase-cost-risk-and-rework,INS-0764,Insight Article,creative-portfolio,creative-portfolio:blog-details,False
/how-to-measure-the-roi-of-month-end-close-support,INS-0765,Insight Article,ai-agency,ai-agency:blog-details,False
/month-end-close-support-in-house-team-vs-managed-service,INS-0766,Insight Article,app-development,app-development:blog-details,False
/month-end-close-support-roadmap-from-assessment-to-continuous-improvement,INS-0767,Insight Article,automation-saas,automation-saas:blog-details,False
/month-end-close-support-use-cases-for-commerce-services-and-multi-entity-businesses,INS-0768,Insight Article,app-development,app-development:blog-details,False
/where-ai-and-automation-fit-into-month-end-close-support,INS-0769,Insight Article,automation-saas,automation-saas:blog-details,False
/when-should-a-business-invest-in-month-end-close-support,INS-0770,Insight Article,app-development,app-development:blog-details,False
/collections-management-a-practical-guide-for-finance-teams,INS-0771,Insight Article,automation-saas,automation-saas:blog-details,False
/how-to-implement-collections-management-without-disrupting-operations,INS-0772,Insight Article,creative-portfolio,creative-portfolio:blog-details,False
/collections-management-implementation-checklist-people-process-technology-and-controls,INS-0773,Insight Article,ai-agency,ai-agency:blog-details,False
/10-collections-management-mistakes-that-increase-cost-risk-and-rework,INS-0774,Insight Article,app-development,app-development:blog-details,False
/how-to-measure-the-roi-of-collections-management,INS-0775,Insight Article,automation-saas,automation-saas:blog-details,False
/collections-management-in-house-team-vs-managed-service,INS-0776,Insight Article,creative-portfolio,creative-portfolio:blog-details,False
/collections-management-roadmap-from-assessment-to-continuous-improvement,INS-0777,Insight Article,ai-agency,ai-agency:blog-details,False
/collections-management-use-cases-for-commerce-services-and-multi-entity-businesses,INS-0778,Insight Article,app-development,app-development:blog-details,False
/where-ai-and-automation-fit-into-collections-management,INS-0779,Insight Article,automation-saas,automation-saas:blog-details,False
/when-should-a-business-invest-in-collections-management,INS-0780,Insight Article,creative-portfolio,creative-portfolio:blog-details,False
/chargeback-management-a-practical-guide-for-finance-teams,INS-0781,Insight Article,ai-agency,ai-agency:blog-details,False
/how-to-implement-chargeback-management-without-disrupting-operations,INS-0782,Insight Article,app-development,app-development:blog-details,False
/chargeback-management-implementation-checklist-people-process-technology-and-controls,INS-0783,Insight Article,automation-saas,automation-saas:blog-details,False
/10-chargeback-management-mistakes-that-increase-cost-risk-and-rework,INS-0784,Insight Article,creative-portfolio,creative-portfolio:blog-details,False
/how-to-measure-the-roi-of-chargeback-management,INS-0785,Insight Article,ai-agency,ai-agency:blog-details,False
/chargeback-management-in-house-team-vs-managed-service,INS-0786,Insight Article,app-development,app-development:blog-details,False
/chargeback-management-roadmap-from-assessment-to-continuous-improvement,INS-0787,Insight Article,automation-saas,automation-saas:blog-details,False
/chargeback-management-use-cases-for-commerce-services-and-multi-entity-businesses,INS-0788,Insight Article,app-development,app-development:blog-details,False
/where-ai-and-automation-fit-into-chargeback-management,INS-0789,Insight Article,automation-saas,automation-saas:blog-details,False
/when-should-a-business-invest-in-chargeback-management,INS-0790,Insight Article,app-development,app-development:blog-details,False
/finance-operations-analytics-a-practical-guide-for-finance-teams,INS-0791,Insight Article,automation-saas,automation-saas:blog-details,False
/how-to-implement-finance-operations-analytics-without-disrupting-operations,INS-0792,Insight Article,creative-portfolio,creative-portfolio:blog-details,False
/finance-operations-analytics-implementation-checklist-people-process-technology-and-controls,INS-0793,Insight Article,ai-agency,ai-agency:blog-details,False
/10-finance-operations-analytics-mistakes-that-increase-cost-risk-and-rework,INS-0794,Insight Article,app-development,app-development:blog-details,False
/how-to-measure-the-roi-of-finance-operations-analytics,INS-0795,Insight Article,automation-saas,automation-saas:blog-details,False
/finance-operations-analytics-in-house-team-vs-managed-service,INS-0796,Insight Article,creative-portfolio,creative-portfolio:blog-details,False
/finance-operations-analytics-roadmap-from-assessment-to-continuous-improvement,INS-0797,Insight Article,ai-agency,ai-agency:blog-details,False
/finance-operations-analytics-use-cases-for-commerce-services-and-multi-entity-businesses,INS-0798,Insight Article,app-development,app-development:blog-details,False
/where-ai-and-automation-fit-into-finance-operations-analytics,INS-0799,Insight Article,automation-saas,automation-saas:blog-details,False
/when-should-a-business-invest-in-finance-operations-analytics,INS-0800,Insight Article,creative-portfolio,creative-portfolio:blog-details,False
/customer-support-outsourcing-a-practical-guide-for-cx-teams,INS-0801,Insight Article,ai-agency,ai-agency:blog-details,False
/how-to-implement-customer-support-outsourcing-without-disrupting-operations,INS-0802,Insight Article,app-development,app-development:blog-details,False
/customer-support-outsourcing-implementation-checklist-people-process-technology-and-controls,INS-0803,Insight Article,automation-saas,automation-saas:blog-details,False
/10-customer-support-outsourcing-mistakes-that-increase-cost-risk-and-rework,INS-0804,Insight Article,creative-portfolio,creative-portfolio:blog-details,False
/how-to-measure-the-roi-of-customer-support-outsourcing,INS-0805,Insight Article,ai-agency,ai-agency:blog-details,False
/customer-support-outsourcing-in-house-team-vs-managed-service,INS-0806,Insight Article,app-development,app-development:blog-details,False
/customer-support-outsourcing-roadmap-from-assessment-to-continuous-improvement,INS-0807,Insight Article,automation-saas,automation-saas:blog-details,False
/customer-support-outsourcing-use-cases-for-ecommerce-saas-and-service-businesses,INS-0808,Insight Article,app-development,app-development:blog-details,False
/where-ai-and-automation-fit-into-customer-support-outsourcing,INS-0809,Insight Article,automation-saas,automation-saas:blog-details,False
/when-should-a-business-invest-in-customer-support-outsourcing,INS-0810,Insight Article,app-development,app-development:blog-details,False
/omnichannel-customer-service-a-practical-guide-for-cx-teams,INS-0811,Insight Article,automation-saas,automation-saas:blog-details,False
/how-to-implement-omnichannel-customer-service-without-disrupting-operations,INS-0812,Insight Article,creative-portfolio,creative-portfolio:blog-details,False
/omnichannel-customer-service-implementation-checklist-people-process-technology-and-controls,INS-0813,Insight Article,ai-agency,ai-agency:blog-details,False
/10-omnichannel-customer-service-mistakes-that-increase-cost-risk-and-rework,INS-0814,Insight Article,app-development,app-development:blog-details,False
/how-to-measure-the-roi-of-omnichannel-customer-service,INS-0815,Insight Article,automation-saas,automation-saas:blog-details,False
/omnichannel-customer-service-in-house-team-vs-managed-service,INS-0816,Insight Article,creative-portfolio,creative-portfolio:blog-details,False
/omnichannel-customer-service-roadmap-from-assessment-to-continuous-improvement,INS-0817,Insight Article,ai-agency,ai-agency:blog-details,False
/omnichannel-customer-service-use-cases-for-ecommerce-saas-and-service-businesses,INS-0818,Insight Article,app-development,app-development:blog-details,False
/where-ai-and-automation-fit-into-omnichannel-customer-service,INS-0819,Insight Article,automation-saas,automation-saas:blog-details,False
/when-should-a-business-invest-in-omnichannel-customer-service,INS-0820,Insight Article,creative-portfolio,creative-portfolio:blog-details,False
/customer-service-ticketing-a-practical-guide-for-cx-teams,INS-0821,Insight Article,ai-agency,ai-agency:blog-details,False
/how-to-implement-customer-service-ticketing-without-disrupting-operations,INS-0822,Insight Article,app-development,app-development:blog-details,False
/customer-service-ticketing-implementation-checklist-people-process-technology-and-controls,INS-0823,Insight Article,automation-saas,automation-saas:blog-details,False
/10-customer-service-ticketing-mistakes-that-increase-cost-risk-and-rework,INS-0824,Insight Article,creative-portfolio,creative-portfolio:blog-details,False
/how-to-measure-the-roi-of-customer-service-ticketing,INS-0825,Insight Article,ai-agency,ai-agency:blog-details,False
/customer-service-ticketing-in-house-team-vs-managed-service,INS-0826,Insight Article,app-development,app-development:blog-details,False
/customer-service-ticketing-roadmap-from-assessment-to-continuous-improvement,INS-0827,Insight Article,automation-saas,automation-saas:blog-details,False
/customer-service-ticketing-use-cases-for-ecommerce-saas-and-service-businesses,INS-0828,Insight Article,app-development,app-development:blog-details,False
/where-ai-and-automation-fit-into-customer-service-ticketing,INS-0829,Insight Article,automation-saas,automation-saas:blog-details,False
/when-should-a-business-invest-in-customer-service-ticketing,INS-0830,Insight Article,app-development,app-development:blog-details,False
/knowledge-base-management-a-practical-guide-for-cx-teams,INS-0831,Insight Article,automation-saas,automation-saas:blog-details,False
/how-to-implement-knowledge-base-management-without-disrupting-operations,INS-0832,Insight Article,creative-portfolio,creative-portfolio:blog-details,False
/knowledge-base-management-implementation-checklist-people-process-technology-and-controls,INS-0833,Insight Article,ai-agency,ai-agency:blog-details,False
/10-knowledge-base-management-mistakes-that-increase-cost-risk-and-rework,INS-0834,Insight Article,app-development,app-development:blog-details,False
/how-to-measure-the-roi-of-knowledge-base-management,INS-0835,Insight Article,automation-saas,automation-saas:blog-details,False
/knowledge-base-management-in-house-team-vs-managed-service,INS-0836,Insight Article,creative-portfolio,creative-portfolio:blog-details,False
/knowledge-base-management-roadmap-from-assessment-to-continuous-improvement,INS-0837,Insight Article,ai-agency,ai-agency:blog-details,False
/knowledge-base-management-use-cases-for-ecommerce-saas-and-service-businesses,INS-0838,Insight Article,app-development,app-development:blog-details,False
/where-ai-and-automation-fit-into-knowledge-base-management,INS-0839,Insight Article,automation-saas,automation-saas:blog-details,False
/when-should-a-business-invest-in-knowledge-base-management,INS-0840,Insight Article,creative-portfolio,creative-portfolio:blog-details,False
/customer-service-sla-a-practical-guide-for-cx-teams,INS-0841,Insight Article,ai-agency,ai-agency:blog-details,False
/how-to-implement-customer-service-sla-without-disrupting-operations,INS-0842,Insight Article,app-development,app-development:blog-details,False
/customer-service-sla-implementation-checklist-people-process-technology-and-controls,INS-0843,Insight Article,automation-saas,automation-saas:blog-details,False
/10-customer-service-sla-mistakes-that-increase-cost-risk-and-rework,INS-0844,Insight Article,creative-portfolio,creative-portfolio:blog-details,False
/how-to-measure-the-roi-of-customer-service-sla,INS-0845,Insight Article,ai-agency,ai-agency:blog-details,False
/customer-service-sla-in-house-team-vs-managed-service,INS-0846,Insight Article,app-development,app-development:blog-details,False
/customer-service-sla-roadmap-from-assessment-to-continuous-improvement,INS-0847,Insight Article,automation-saas,automation-saas:blog-details,False
/customer-service-sla-use-cases-for-ecommerce-saas-and-service-businesses,INS-0848,Insight Article,app-development,app-development:blog-details,False
/where-ai-and-automation-fit-into-customer-service-sla,INS-0849,Insight Article,automation-saas,automation-saas:blog-details,False
/when-should-a-business-invest-in-customer-service-sla,INS-0850,Insight Article,app-development,app-development:blog-details,False
/complaint-management-a-practical-guide-for-cx-teams,INS-0851,Insight Article,automation-saas,automation-saas:blog-details,False
/how-to-implement-complaint-management-without-disrupting-operations,INS-0852,Insight Article,creative-portfolio,creative-portfolio:blog-details,False
/complaint-management-implementation-checklist-people-process-technology-and-controls,INS-0853,Insight Article,ai-agency,ai-agency:blog-details,False
/10-complaint-management-mistakes-that-increase-cost-risk-and-rework,INS-0854,Insight Article,app-development,app-development:blog-details,False
/how-to-measure-the-roi-of-complaint-management,INS-0855,Insight Article,automation-saas,automation-saas:blog-details,False
/complaint-management-in-house-team-vs-managed-service,INS-0856,Insight Article,creative-portfolio,creative-portfolio:blog-details,False
/complaint-management-roadmap-from-assessment-to-continuous-improvement,INS-0857,Insight Article,ai-agency,ai-agency:blog-details,False
/complaint-management-use-cases-for-ecommerce-saas-and-service-businesses,INS-0858,Insight Article,app-development,app-development:blog-details,False
/where-ai-and-automation-fit-into-complaint-management,INS-0859,Insight Article,automation-saas,automation-saas:blog-details,False
/when-should-a-business-invest-in-complaint-management,INS-0860,Insight Article,creative-portfolio,creative-portfolio:blog-details,False
/customer-onboarding-a-practical-guide-for-cx-teams,INS-0861,Insight Article,ai-agency,ai-agency:blog-details,False
/how-to-implement-customer-onboarding-without-disrupting-operations,INS-0862,Insight Article,app-development,app-development:blog-details,False
/customer-onboarding-implementation-checklist-people-process-technology-and-controls,INS-0863,Insight Article,automation-saas,automation-saas:blog-details,False
/10-customer-onboarding-mistakes-that-increase-cost-risk-and-rework,INS-0864,Insight Article,creative-portfolio,creative-portfolio:blog-details,False
/how-to-measure-the-roi-of-customer-onboarding,INS-0865,Insight Article,ai-agency,ai-agency:blog-details,False
/customer-onboarding-in-house-team-vs-managed-service,INS-0866,Insight Article,app-development,app-development:blog-details,False
/customer-onboarding-roadmap-from-assessment-to-continuous-improvement,INS-0867,Insight Article,automation-saas,automation-saas:blog-details,False
/customer-onboarding-use-cases-for-ecommerce-saas-and-service-businesses,INS-0868,Insight Article,app-development,app-development:blog-details,False
/where-ai-and-automation-fit-into-customer-onboarding,INS-0869,Insight Article,automation-saas,automation-saas:blog-details,False
/when-should-a-business-invest-in-customer-onboarding,INS-0870,Insight Article,app-development,app-development:blog-details,False
/customer-retention-operations-a-practical-guide-for-cx-teams,INS-0871,Insight Article,automation-saas,automation-saas:blog-details,False
/how-to-implement-customer-retention-operations-without-disrupting-operations,INS-0872,Insight Article,creative-portfolio,creative-portfolio:blog-details,False
/customer-retention-operations-implementation-checklist-people-process-technology-and-controls,INS-0873,Insight Article,ai-agency,ai-agency:blog-details,False
/10-customer-retention-operations-mistakes-that-increase-cost-risk-and-rework,INS-0874,Insight Article,app-development,app-development:blog-details,False
/how-to-measure-the-roi-of-customer-retention-operations,INS-0875,Insight Article,automation-saas,automation-saas:blog-details,False
/customer-retention-operations-in-house-team-vs-managed-service,INS-0876,Insight Article,creative-portfolio,creative-portfolio:blog-details,False
/customer-retention-operations-roadmap-from-assessment-to-continuous-improvement,INS-0877,Insight Article,ai-agency,ai-agency:blog-details,False
/customer-retention-operations-use-cases-for-ecommerce-saas-and-service-businesses,INS-0878,Insight Article,app-development,app-development:blog-details,False
/where-ai-and-automation-fit-into-customer-retention-operations,INS-0879,Insight Article,automation-saas,automation-saas:blog-details,False
/when-should-a-business-invest-in-customer-retention-operations,INS-0880,Insight Article,creative-portfolio,creative-portfolio:blog-details,False
/customer-service-quality-assurance-a-practical-guide-for-cx-teams,INS-0881,Insight Article,ai-agency,ai-agency:blog-details,False
/how-to-implement-customer-service-quality-assurance-without-disrupting-operations,INS-0882,Insight Article,app-development,app-development:blog-details,False
/customer-service-quality-assurance-implementation-checklist-people-process-technology-and-controls,INS-0883,Insight Article,automation-saas,automation-saas:blog-details,False
/10-customer-service-quality-assurance-mistakes-that-increase-cost-risk-and-rework,INS-0884,Insight Article,creative-portfolio,creative-portfolio:blog-details,False
/how-to-measure-the-roi-of-customer-service-quality-assurance,INS-0885,Insight Article,ai-agency,ai-agency:blog-details,False
/customer-service-quality-assurance-in-house-team-vs-managed-service,INS-0886,Insight Article,app-development,app-development:blog-details,False
/customer-service-quality-assurance-roadmap-from-assessment-to-continuous-improvement,INS-0887,Insight Article,automation-saas,automation-saas:blog-details,False
/customer-service-quality-assurance-use-cases-for-ecommerce-saas-and-service-businesses,INS-0888,Insight Article,app-development,app-development:blog-details,False
/where-ai-and-automation-fit-into-customer-service-quality-assurance,INS-0889,Insight Article,automation-saas,automation-saas:blog-details,False
/when-should-a-business-invest-in-customer-service-quality-assurance,INS-0890,Insight Article,app-development,app-development:blog-details,False
/customer-experience-analytics-a-practical-guide-for-cx-teams,INS-0891,Insight Article,automation-saas,automation-saas:blog-details,False
/how-to-implement-customer-experience-analytics-without-disrupting-operations,INS-0892,Insight Article,creative-portfolio,creative-portfolio:blog-details,False
/customer-experience-analytics-implementation-checklist-people-process-technology-and-controls,INS-0893,Insight Article,ai-agency,ai-agency:blog-details,False
/10-customer-experience-analytics-mistakes-that-increase-cost-risk-and-rework,INS-0894,Insight Article,app-development,app-development:blog-details,False
/how-to-measure-the-roi-of-customer-experience-analytics,INS-0895,Insight Article,automation-saas,automation-saas:blog-details,False
/customer-experience-analytics-in-house-team-vs-managed-service,INS-0896,Insight Article,creative-portfolio,creative-portfolio:blog-details,False
/customer-experience-analytics-roadmap-from-assessment-to-continuous-improvement,INS-0897,Insight Article,ai-agency,ai-agency:blog-details,False
/customer-experience-analytics-use-cases-for-ecommerce-saas-and-service-businesses,INS-0898,Insight Article,app-development,app-development:blog-details,False
/where-ai-and-automation-fit-into-customer-experience-analytics,INS-0899,Insight Article,automation-saas,automation-saas:blog-details,False
/when-should-a-business-invest-in-customer-experience-analytics,INS-0900,Insight Article,creative-portfolio,creative-portfolio:blog-details,False
/product-operations-a-practical-guide-for-product-teams,INS-0901,Insight Article,app-development,app-development:blog-details,False
/how-to-implement-product-operations-without-disrupting-operations,INS-0902,Insight Article,app-development,app-development:blog-details,False
/product-operations-implementation-checklist-people-process-technology-and-controls,INS-0903,Insight Article,app-development,app-development:blog-details,False
/10-product-operations-mistakes-that-increase-cost-risk-and-rework,INS-0904,Insight Article,app-development,app-development:blog-details,False
/how-to-measure-the-roi-of-product-operations,INS-0905,Insight Article,app-development,app-development:blog-details,False
/product-operations-in-house-team-vs-managed-service,INS-0906,Insight Article,app-development,app-development:blog-details,False
/product-operations-roadmap-from-assessment-to-continuous-improvement,INS-0907,Insight Article,app-development,app-development:blog-details,False
/product-operations-use-cases-for-software-products-and-digital-platforms,INS-0908,Insight Article,app-development,app-development:blog-details,False
/where-ai-and-automation-fit-into-product-operations,INS-0909,Insight Article,automation-saas,automation-saas:blog-details,False
/when-should-a-business-invest-in-product-operations,INS-0910,Insight Article,app-development,app-development:blog-details,False
/product-backlog-management-a-practical-guide-for-product-teams,INS-0911,Insight Article,app-development,app-development:blog-details,False
/how-to-implement-product-backlog-management-without-disrupting-operations,INS-0912,Insight Article,app-development,app-development:blog-details,False
/product-backlog-management-implementation-checklist-people-process-technology-and-controls,INS-0913,Insight Article,app-development,app-development:blog-details,False
/10-product-backlog-management-mistakes-that-increase-cost-risk-and-rework,INS-0914,Insight Article,app-development,app-development:blog-details,False
/how-to-measure-the-roi-of-product-backlog-management,INS-0915,Insight Article,app-development,app-development:blog-details,False
/product-backlog-management-in-house-team-vs-managed-service,INS-0916,Insight Article,app-development,app-development:blog-details,False
/product-backlog-management-roadmap-from-assessment-to-continuous-improvement,INS-0917,Insight Article,app-development,app-development:blog-details,False
/product-backlog-management-use-cases-for-software-products-and-digital-platforms,INS-0918,Insight Article,app-development,app-development:blog-details,False
/where-ai-and-automation-fit-into-product-backlog-management,INS-0919,Insight Article,automation-saas,automation-saas:blog-details,False
/when-should-a-business-invest-in-product-backlog-management,INS-0920,Insight Article,app-development,app-development:blog-details,False
/release-management-a-practical-guide-for-product-teams,INS-0921,Insight Article,app-development,app-development:blog-details,False
/how-to-implement-release-management-without-disrupting-operations,INS-0922,Insight Article,app-development,app-development:blog-details,False
/release-management-implementation-checklist-people-process-technology-and-controls,INS-0923,Insight Article,app-development,app-development:blog-details,False
/10-release-management-mistakes-that-increase-cost-risk-and-rework,INS-0924,Insight Article,app-development,app-development:blog-details,False
/how-to-measure-the-roi-of-release-management,INS-0925,Insight Article,app-development,app-development:blog-details,False
/release-management-in-house-team-vs-managed-service,INS-0926,Insight Article,app-development,app-development:blog-details,False
/release-management-roadmap-from-assessment-to-continuous-improvement,INS-0927,Insight Article,app-development,app-development:blog-details,False
/release-management-use-cases-for-software-products-and-digital-platforms,INS-0928,Insight Article,app-development,app-development:blog-details,False
/where-ai-and-automation-fit-into-release-management,INS-0929,Insight Article,automation-saas,automation-saas:blog-details,False
/when-should-a-business-invest-in-release-management,INS-0930,Insight Article,app-development,app-development:blog-details,False
/user-acceptance-testing-a-practical-guide-for-product-teams,INS-0931,Insight Article,app-development,app-development:blog-details,False
/how-to-implement-user-acceptance-testing-without-disrupting-operations,INS-0932,Insight Article,app-development,app-development:blog-details,False
/user-acceptance-testing-implementation-checklist-people-process-technology-and-controls,INS-0933,Insight Article,app-development,app-development:blog-details,False
/10-user-acceptance-testing-mistakes-that-increase-cost-risk-and-rework,INS-0934,Insight Article,app-development,app-development:blog-details,False
/how-to-measure-the-roi-of-user-acceptance-testing,INS-0935,Insight Article,app-development,app-development:blog-details,False
/user-acceptance-testing-in-house-team-vs-managed-service,INS-0936,Insight Article,app-development,app-development:blog-details,False
/user-acceptance-testing-roadmap-from-assessment-to-continuous-improvement,INS-0937,Insight Article,app-development,app-development:blog-details,False
/user-acceptance-testing-use-cases-for-software-products-and-digital-platforms,INS-0938,Insight Article,app-development,app-development:blog-details,False
/where-ai-and-automation-fit-into-user-acceptance-testing,INS-0939,Insight Article,automation-saas,automation-saas:blog-details,False
/when-should-a-business-invest-in-user-acceptance-testing,INS-0940,Insight Article,app-development,app-development:blog-details,False
/customer-feedback-management-a-practical-guide-for-product-teams,INS-0941,Insight Article,app-development,app-development:blog-details,False
/how-to-implement-customer-feedback-management-without-disrupting-operations,INS-0942,Insight Article,app-development,app-development:blog-details,False
/customer-feedback-management-implementation-checklist-people-process-technology-and-controls,INS-0943,Insight Article,app-development,app-development:blog-details,False
/10-customer-feedback-management-mistakes-that-increase-cost-risk-and-rework,INS-0944,Insight Article,app-development,app-development:blog-details,False
/how-to-measure-the-roi-of-customer-feedback-management,INS-0945,Insight Article,app-development,app-development:blog-details,False
/customer-feedback-management-in-house-team-vs-managed-service,INS-0946,Insight Article,app-development,app-development:blog-details,False
/customer-feedback-management-roadmap-from-assessment-to-continuous-improvement,INS-0947,Insight Article,app-development,app-development:blog-details,False
/customer-feedback-management-use-cases-for-software-products-and-digital-platforms,INS-0948,Insight Article,app-development,app-development:blog-details,False
/where-ai-and-automation-fit-into-customer-feedback-management,INS-0949,Insight Article,automation-saas,automation-saas:blog-details,False
/when-should-a-business-invest-in-customer-feedback-management,INS-0950,Insight Article,app-development,app-development:blog-details,False
/product-analytics-a-practical-guide-for-product-teams,INS-0951,Insight Article,app-development,app-development:blog-details,False
/how-to-implement-product-analytics-without-disrupting-operations,INS-0952,Insight Article,app-development,app-development:blog-details,False
/product-analytics-implementation-checklist-people-process-technology-and-controls,INS-0953,Insight Article,app-development,app-development:blog-details,False
/10-product-analytics-mistakes-that-increase-cost-risk-and-rework,INS-0954,Insight Article,app-development,app-development:blog-details,False
/how-to-measure-the-roi-of-product-analytics,INS-0955,Insight Article,app-development,app-development:blog-details,False
/product-analytics-in-house-team-vs-managed-service,INS-0956,Insight Article,app-development,app-development:blog-details,False
/product-analytics-roadmap-from-assessment-to-continuous-improvement,INS-0957,Insight Article,app-development,app-development:blog-details,False
/product-analytics-use-cases-for-software-products-and-digital-platforms,INS-0958,Insight Article,app-development,app-development:blog-details,False
/where-ai-and-automation-fit-into-product-analytics,INS-0959,Insight Article,automation-saas,automation-saas:blog-details,False
/when-should-a-business-invest-in-product-analytics,INS-0960,Insight Article,app-development,app-development:blog-details,False
/product-documentation-a-practical-guide-for-product-teams,INS-0961,Insight Article,app-development,app-development:blog-details,False
/how-to-implement-product-documentation-without-disrupting-operations,INS-0962,Insight Article,app-development,app-development:blog-details,False
/product-documentation-implementation-checklist-people-process-technology-and-controls,INS-0963,Insight Article,app-development,app-development:blog-details,False
/10-product-documentation-mistakes-that-increase-cost-risk-and-rework,INS-0964,Insight Article,app-development,app-development:blog-details,False
/how-to-measure-the-roi-of-product-documentation,INS-0965,Insight Article,app-development,app-development:blog-details,False
/product-documentation-in-house-team-vs-managed-service,INS-0966,Insight Article,app-development,app-development:blog-details,False
/product-documentation-roadmap-from-assessment-to-continuous-improvement,INS-0967,Insight Article,app-development,app-development:blog-details,False
/product-documentation-use-cases-for-software-products-and-digital-platforms,INS-0968,Insight Article,app-development,app-development:blog-details,False
/where-ai-and-automation-fit-into-product-documentation,INS-0969,Insight Article,automation-saas,automation-saas:blog-details,False
/when-should-a-business-invest-in-product-documentation,INS-0970,Insight Article,app-development,app-development:blog-details,False
/product-support-handoff-a-practical-guide-for-product-teams,INS-0971,Insight Article,app-development,app-development:blog-details,False
/how-to-implement-product-support-handoff-without-disrupting-operations,INS-0972,Insight Article,app-development,app-development:blog-details,False
/product-support-handoff-implementation-checklist-people-process-technology-and-controls,INS-0973,Insight Article,app-development,app-development:blog-details,False
/10-product-support-handoff-mistakes-that-increase-cost-risk-and-rework,INS-0974,Insight Article,app-development,app-development:blog-details,False
/how-to-measure-the-roi-of-product-support-handoff,INS-0975,Insight Article,app-development,app-development:blog-details,False
/product-support-handoff-in-house-team-vs-managed-service,INS-0976,Insight Article,app-development,app-development:blog-details,False
/product-support-handoff-roadmap-from-assessment-to-continuous-improvement,INS-0977,Insight Article,app-development,app-development:blog-details,False
/product-support-handoff-use-cases-for-software-products-and-digital-platforms,INS-0978,Insight Article,app-development,app-development:blog-details,False
/where-ai-and-automation-fit-into-product-support-handoff,INS-0979,Insight Article,automation-saas,automation-saas:blog-details,False
/when-should-a-business-invest-in-product-support-handoff,INS-0980,Insight Article,app-development,app-development:blog-details,False
/product-roadmap-management-a-practical-guide-for-product-teams,INS-0981,Insight Article,app-development,app-development:blog-details,False
/how-to-implement-product-roadmap-management-without-disrupting-operations,INS-0982,Insight Article,app-development,app-development:blog-details,False
/product-roadmap-management-implementation-checklist-people-process-technology-and-controls,INS-0983,Insight Article,app-development,app-development:blog-details,False
/10-product-roadmap-management-mistakes-that-increase-cost-risk-and-rework,INS-0984,Insight Article,app-development,app-development:blog-details,False
/how-to-measure-the-roi-of-product-roadmap-management,INS-0985,Insight Article,app-development,app-development:blog-details,False
/product-roadmap-management-in-house-team-vs-managed-service,INS-0986,Insight Article,app-development,app-development:blog-details,False
/product-roadmap-management-roadmap-from-assessment-to-continuous-improvement,INS-0987,Insight Article,app-development,app-development:blog-details,False
/product-roadmap-management-use-cases-for-software-products-and-digital-platforms,INS-0988,Insight Article,app-development,app-development:blog-details,False
/where-ai-and-automation-fit-into-product-roadmap-management,INS-0989,Insight Article,automation-saas,automation-saas:blog-details,False
/when-should-a-business-invest-in-product-roadmap-management,INS-0990,Insight Article,app-development,app-development:blog-details,False
/feature-adoption-a-practical-guide-for-product-teams,INS-0991,Insight Article,app-development,app-development:blog-details,False
/how-to-implement-feature-adoption-without-disrupting-operations,INS-0992,Insight Article,app-development,app-development:blog-details,False
/feature-adoption-implementation-checklist-people-process-technology-and-controls,INS-0993,Insight Article,app-development,app-development:blog-details,False
/10-feature-adoption-mistakes-that-increase-cost-risk-and-rework,INS-0994,Insight Article,app-development,app-development:blog-details,False
/how-to-measure-the-roi-of-feature-adoption,INS-0995,Insight Article,app-development,app-development:blog-details,False
/feature-adoption-in-house-team-vs-managed-service,INS-0996,Insight Article,app-development,app-development:blog-details,False
/feature-adoption-roadmap-from-assessment-to-continuous-improvement,INS-0997,Insight Article,app-development,app-development:blog-details,False
/feature-adoption-use-cases-for-software-products-and-digital-platforms,INS-0998,Insight Article,app-development,app-development:blog-details,False
/where-ai-and-automation-fit-into-feature-adoption,INS-0999,Insight Article,automation-saas,automation-saas:blog-details,False
/when-should-a-business-invest-in-feature-adoption,INS-1000,Insight Article,app-development,app-development:blog-details,False
/procurement-outsourcing-a-practical-guide-for-supply-chain-teams,INS-1001,Insight Article,ai-agency,ai-agency:blog-details,False
/how-to-implement-procurement-outsourcing-without-disrupting-operations,INS-1002,Insight Article,app-development,app-development:blog-details,False
/procurement-outsourcing-implementation-checklist-people-process-technology-and-controls,INS-1003,Insight Article,automation-saas,automation-saas:blog-details,False
/10-procurement-outsourcing-mistakes-that-increase-cost-risk-and-rework,INS-1004,Insight Article,creative-portfolio,creative-portfolio:blog-details,False
/how-to-measure-the-roi-of-procurement-outsourcing,INS-1005,Insight Article,ai-agency,ai-agency:blog-details,False
/procurement-outsourcing-in-house-team-vs-managed-service,INS-1006,Insight Article,app-development,app-development:blog-details,False
/procurement-outsourcing-roadmap-from-assessment-to-continuous-improvement,INS-1007,Insight Article,automation-saas,automation-saas:blog-details,False
/procurement-outsourcing-use-cases-for-retail-distribution-and-manufacturing,INS-1008,Insight Article,creative-portfolio,creative-portfolio:blog-details,False
/where-ai-and-automation-fit-into-procurement-outsourcing,INS-1009,Insight Article,automation-saas,automation-saas:blog-details,False
/when-should-a-business-invest-in-procurement-outsourcing,INS-1010,Insight Article,app-development,app-development:blog-details,False
/supplier-onboarding-a-practical-guide-for-supply-chain-teams,INS-1011,Insight Article,automation-saas,automation-saas:blog-details,False
/how-to-implement-supplier-onboarding-without-disrupting-operations,INS-1012,Insight Article,creative-portfolio,creative-portfolio:blog-details,False
/supplier-onboarding-implementation-checklist-people-process-technology-and-controls,INS-1013,Insight Article,ai-agency,ai-agency:blog-details,False
/10-supplier-onboarding-mistakes-that-increase-cost-risk-and-rework,INS-1014,Insight Article,app-development,app-development:blog-details,False
/how-to-measure-the-roi-of-supplier-onboarding,INS-1015,Insight Article,automation-saas,automation-saas:blog-details,False
/supplier-onboarding-in-house-team-vs-managed-service,INS-1016,Insight Article,creative-portfolio,creative-portfolio:blog-details,False
/supplier-onboarding-roadmap-from-assessment-to-continuous-improvement,INS-1017,Insight Article,ai-agency,ai-agency:blog-details,False
/supplier-onboarding-use-cases-for-retail-distribution-and-manufacturing,INS-1018,Insight Article,app-development,app-development:blog-details,False
/where-ai-and-automation-fit-into-supplier-onboarding,INS-1019,Insight Article,automation-saas,automation-saas:blog-details,False
/when-should-a-business-invest-in-supplier-onboarding,INS-1020,Insight Article,creative-portfolio,creative-portfolio:blog-details,False
/purchase-order-management-a-practical-guide-for-supply-chain-teams,INS-1021,Insight Article,ai-agency,ai-agency:blog-details,False
/how-to-implement-purchase-order-management-without-disrupting-operations,INS-1022,Insight Article,app-development,app-development:blog-details,False
/purchase-order-management-implementation-checklist-people-process-technology-and-controls,INS-1023,Insight Article,automation-saas,automation-saas:blog-details,False
/10-purchase-order-management-mistakes-that-increase-cost-risk-and-rework,INS-1024,Insight Article,creative-portfolio,creative-portfolio:blog-details,False
/how-to-measure-the-roi-of-purchase-order-management,INS-1025,Insight Article,ai-agency,ai-agency:blog-details,False
/purchase-order-management-in-house-team-vs-managed-service,INS-1026,Insight Article,app-development,app-development:blog-details,False
/purchase-order-management-roadmap-from-assessment-to-continuous-improvement,INS-1027,Insight Article,automation-saas,automation-saas:blog-details,False
/purchase-order-management-use-cases-for-retail-distribution-and-manufacturing,INS-1028,Insight Article,creative-portfolio,creative-portfolio:blog-details,False
/where-ai-and-automation-fit-into-purchase-order-management,INS-1029,Insight Article,automation-saas,automation-saas:blog-details,False
/when-should-a-business-invest-in-purchase-order-management,INS-1030,Insight Article,app-development,app-development:blog-details,False
/supplier-performance-management-a-practical-guide-for-supply-chain-teams,INS-1031,Insight Article,automation-saas,automation-saas:blog-details,False
/how-to-implement-supplier-performance-management-without-disrupting-operations,INS-1032,Insight Article,creative-portfolio,creative-portfolio:blog-details,False
/supplier-performance-management-implementation-checklist-people-process-technology-and-controls,INS-1033,Insight Article,ai-agency,ai-agency:blog-details,False
/10-supplier-performance-management-mistakes-that-increase-cost-risk-and-rework,INS-1034,Insight Article,app-development,app-development:blog-details,False
/how-to-measure-the-roi-of-supplier-performance-management,INS-1035,Insight Article,automation-saas,automation-saas:blog-details,False
/supplier-performance-management-in-house-team-vs-managed-service,INS-1036,Insight Article,creative-portfolio,creative-portfolio:blog-details,False
/supplier-performance-management-roadmap-from-assessment-to-continuous-improvement,INS-1037,Insight Article,ai-agency,ai-agency:blog-details,False
/supplier-performance-management-use-cases-for-retail-distribution-and-manufacturing,INS-1038,Insight Article,app-development,app-development:blog-details,False
/where-ai-and-automation-fit-into-supplier-performance-management,INS-1039,Insight Article,automation-saas,automation-saas:blog-details,False
/when-should-a-business-invest-in-supplier-performance-management,INS-1040,Insight Article,creative-portfolio,creative-portfolio:blog-details,False
/inventory-procurement-a-practical-guide-for-supply-chain-teams,INS-1041,Insight Article,ai-agency,ai-agency:blog-details,False
/how-to-implement-inventory-procurement-without-disrupting-operations,INS-1042,Insight Article,app-development,app-development:blog-details,False
/inventory-procurement-implementation-checklist-people-process-technology-and-controls,INS-1043,Insight Article,automation-saas,automation-saas:blog-details,False
/10-inventory-procurement-mistakes-that-increase-cost-risk-and-rework,INS-1044,Insight Article,creative-portfolio,creative-portfolio:blog-details,False
/how-to-measure-the-roi-of-inventory-procurement,INS-1045,Insight Article,ai-agency,ai-agency:blog-details,False
/inventory-procurement-in-house-team-vs-managed-service,INS-1046,Insight Article,app-development,app-development:blog-details,False
/inventory-procurement-roadmap-from-assessment-to-continuous-improvement,INS-1047,Insight Article,automation-saas,automation-saas:blog-details,False
/inventory-procurement-use-cases-for-retail-distribution-and-manufacturing,INS-1048,Insight Article,creative-portfolio,creative-portfolio:blog-details,False
/where-ai-and-automation-fit-into-inventory-procurement,INS-1049,Insight Article,automation-saas,automation-saas:blog-details,False
/when-should-a-business-invest-in-inventory-procurement,INS-1050,Insight Article,app-development,app-development:blog-details,False
/logistics-visibility-a-practical-guide-for-supply-chain-teams,INS-1051,Insight Article,automation-saas,automation-saas:blog-details,False
/how-to-implement-logistics-visibility-without-disrupting-operations,INS-1052,Insight Article,creative-portfolio,creative-portfolio:blog-details,False
/logistics-visibility-implementation-checklist-people-process-technology-and-controls,INS-1053,Insight Article,ai-agency,ai-agency:blog-details,False
/10-logistics-visibility-mistakes-that-increase-cost-risk-and-rework,INS-1054,Insight Article,app-development,app-development:blog-details,False
/how-to-measure-the-roi-of-logistics-visibility,INS-1055,Insight Article,automation-saas,automation-saas:blog-details,False
/logistics-visibility-in-house-team-vs-managed-service,INS-1056,Insight Article,creative-portfolio,creative-portfolio:blog-details,False
/logistics-visibility-roadmap-from-assessment-to-continuous-improvement,INS-1057,Insight Article,ai-agency,ai-agency:blog-details,False
/logistics-visibility-use-cases-for-retail-distribution-and-manufacturing,INS-1058,Insight Article,app-development,app-development:blog-details,False
/where-ai-and-automation-fit-into-logistics-visibility,INS-1059,Insight Article,automation-saas,automation-saas:blog-details,False
/when-should-a-business-invest-in-logistics-visibility,INS-1060,Insight Article,creative-portfolio,creative-portfolio:blog-details,False
/demand-planning-a-practical-guide-for-supply-chain-teams,INS-1061,Insight Article,ai-agency,ai-agency:blog-details,False
/how-to-implement-demand-planning-without-disrupting-operations,INS-1062,Insight Article,app-development,app-development:blog-details,False
/demand-planning-implementation-checklist-people-process-technology-and-controls,INS-1063,Insight Article,automation-saas,automation-saas:blog-details,False
/10-demand-planning-mistakes-that-increase-cost-risk-and-rework,INS-1064,Insight Article,creative-portfolio,creative-portfolio:blog-details,False
/how-to-measure-the-roi-of-demand-planning,INS-1065,Insight Article,ai-agency,ai-agency:blog-details,False
/demand-planning-in-house-team-vs-managed-service,INS-1066,Insight Article,app-development,app-development:blog-details,False
/demand-planning-roadmap-from-assessment-to-continuous-improvement,INS-1067,Insight Article,automation-saas,automation-saas:blog-details,False
/demand-planning-use-cases-for-retail-distribution-and-manufacturing,INS-1068,Insight Article,creative-portfolio,creative-portfolio:blog-details,False
/where-ai-and-automation-fit-into-demand-planning,INS-1069,Insight Article,automation-saas,automation-saas:blog-details,False
/when-should-a-business-invest-in-demand-planning,INS-1070,Insight Article,app-development,app-development:blog-details,False
/contract-renewal-management-a-practical-guide-for-supply-chain-teams,INS-1071,Insight Article,automation-saas,automation-saas:blog-details,False
/how-to-implement-contract-renewal-management-without-disrupting-operations,INS-1072,Insight Article,creative-portfolio,creative-portfolio:blog-details,False
/contract-renewal-management-implementation-checklist-people-process-technology-and-controls,INS-1073,Insight Article,ai-agency,ai-agency:blog-details,False
/10-contract-renewal-management-mistakes-that-increase-cost-risk-and-rework,INS-1074,Insight Article,app-development,app-development:blog-details,False
/how-to-measure-the-roi-of-contract-renewal-management,INS-1075,Insight Article,automation-saas,automation-saas:blog-details,False
/contract-renewal-management-in-house-team-vs-managed-service,INS-1076,Insight Article,creative-portfolio,creative-portfolio:blog-details,False
/contract-renewal-management-roadmap-from-assessment-to-continuous-improvement,INS-1077,Insight Article,ai-agency,ai-agency:blog-details,False
/contract-renewal-management-use-cases-for-retail-distribution-and-manufacturing,INS-1078,Insight Article,app-development,app-development:blog-details,False
/where-ai-and-automation-fit-into-contract-renewal-management,INS-1079,Insight Article,automation-saas,automation-saas:blog-details,False
/when-should-a-business-invest-in-contract-renewal-management,INS-1080,Insight Article,creative-portfolio,creative-portfolio:blog-details,False
/vendor-risk-management-a-practical-guide-for-supply-chain-teams,INS-1081,Insight Article,ai-agency,ai-agency:blog-details,False
/how-to-implement-vendor-risk-management-without-disrupting-operations,INS-1082,Insight Article,app-development,app-development:blog-details,False
/vendor-risk-management-implementation-checklist-people-process-technology-and-controls,INS-1083,Insight Article,automation-saas,automation-saas:blog-details,False
/10-vendor-risk-management-mistakes-that-increase-cost-risk-and-rework,INS-1084,Insight Article,creative-portfolio,creative-portfolio:blog-details,False
/how-to-measure-the-roi-of-vendor-risk-management,INS-1085,Insight Article,ai-agency,ai-agency:blog-details,False
/vendor-risk-management-in-house-team-vs-managed-service,INS-1086,Insight Article,app-development,app-development:blog-details,False
/vendor-risk-management-roadmap-from-assessment-to-continuous-improvement,INS-1087,Insight Article,automation-saas,automation-saas:blog-details,False
/vendor-risk-management-use-cases-for-retail-distribution-and-manufacturing,INS-1088,Insight Article,creative-portfolio,creative-portfolio:blog-details,False
/where-ai-and-automation-fit-into-vendor-risk-management,INS-1089,Insight Article,automation-saas,automation-saas:blog-details,False
/when-should-a-business-invest-in-vendor-risk-management,INS-1090,Insight Article,app-development,app-development:blog-details,False
/spend-analytics-a-practical-guide-for-supply-chain-teams,INS-1091,Insight Article,automation-saas,automation-saas:blog-details,False
/how-to-implement-spend-analytics-without-disrupting-operations,INS-1092,Insight Article,creative-portfolio,creative-portfolio:blog-details,False
/spend-analytics-implementation-checklist-people-process-technology-and-controls,INS-1093,Insight Article,ai-agency,ai-agency:blog-details,False
/10-spend-analytics-mistakes-that-increase-cost-risk-and-rework,INS-1094,Insight Article,app-development,app-development:blog-details,False
/how-to-measure-the-roi-of-spend-analytics,INS-1095,Insight Article,automation-saas,automation-saas:blog-details,False
/spend-analytics-in-house-team-vs-managed-service,INS-1096,Insight Article,creative-portfolio,creative-portfolio:blog-details,False
/spend-analytics-roadmap-from-assessment-to-continuous-improvement,INS-1097,Insight Article,ai-agency,ai-agency:blog-details,False
/spend-analytics-use-cases-for-retail-distribution-and-manufacturing,INS-1098,Insight Article,app-development,app-development:blog-details,False
/where-ai-and-automation-fit-into-spend-analytics,INS-1099,Insight Article,automation-saas,automation-saas:blog-details,False
/when-should-a-business-invest-in-spend-analytics,INS-1100,Insight Article,creative-portfolio,creative-portfolio:blog-details,False
/master-data-management-a-practical-guide-for-data-and-operations-teams,INS-1101,Insight Article,ai-agency,ai-agency:blog-details,False
/how-to-implement-master-data-management-without-disrupting-operations,INS-1102,Insight Article,app-development,app-development:blog-details,False
/master-data-management-implementation-checklist-people-process-technology-and-controls,INS-1103,Insight Article,automation-saas,automation-saas:blog-details,False
/10-master-data-management-mistakes-that-increase-cost-risk-and-rework,INS-1104,Insight Article,creative-portfolio,creative-portfolio:blog-details,False
/how-to-measure-the-roi-of-master-data-management,INS-1105,Insight Article,ai-agency,ai-agency:blog-details,False
/master-data-management-in-house-team-vs-managed-service,INS-1106,Insight Article,app-development,app-development:blog-details,False
/master-data-management-roadmap-from-assessment-to-continuous-improvement,INS-1107,Insight Article,automation-saas,automation-saas:blog-details,False
/master-data-management-use-cases-for-data-rich-growing-businesses,INS-1108,Insight Article,creative-portfolio,creative-portfolio:blog-details,False
/where-ai-and-automation-fit-into-master-data-management,INS-1109,Insight Article,automation-saas,automation-saas:blog-details,False
/when-should-a-business-invest-in-master-data-management,INS-1110,Insight Article,app-development,app-development:blog-details,False
/data-cleaning-services-a-practical-guide-for-data-and-operations-teams,INS-1111,Insight Article,automation-saas,automation-saas:blog-details,False
/how-to-implement-data-cleaning-services-without-disrupting-operations,INS-1112,Insight Article,creative-portfolio,creative-portfolio:blog-details,False
/data-cleaning-services-implementation-checklist-people-process-technology-and-controls,INS-1113,Insight Article,ai-agency,ai-agency:blog-details,False
/10-data-cleaning-services-mistakes-that-increase-cost-risk-and-rework,INS-1114,Insight Article,app-development,app-development:blog-details,False
/how-to-measure-the-roi-of-data-cleaning-services,INS-1115,Insight Article,automation-saas,automation-saas:blog-details,False
/data-cleaning-services-in-house-team-vs-managed-service,INS-1116,Insight Article,creative-portfolio,creative-portfolio:blog-details,False
/data-cleaning-services-roadmap-from-assessment-to-continuous-improvement,INS-1117,Insight Article,ai-agency,ai-agency:blog-details,False
/data-cleaning-services-use-cases-for-data-rich-growing-businesses,INS-1118,Insight Article,app-development,app-development:blog-details,False
/where-ai-and-automation-fit-into-data-cleaning-services,INS-1119,Insight Article,automation-saas,automation-saas:blog-details,False
/when-should-a-business-invest-in-data-cleaning-services,INS-1120,Insight Article,creative-portfolio,creative-portfolio:blog-details,False
/business-intelligence-dashboards-a-practical-guide-for-data-and-operations-teams,INS-1121,Insight Article,ai-agency,ai-agency:blog-details,False
/how-to-implement-business-intelligence-dashboards-without-disrupting-operations,INS-1122,Insight Article,app-development,app-development:blog-details,False
/business-intelligence-dashboards-implementation-checklist-people-process-technology-and-controls,INS-1123,Insight Article,automation-saas,automation-saas:blog-details,False
/10-business-intelligence-dashboards-mistakes-that-increase-cost-risk-and-rework,INS-1124,Insight Article,creative-portfolio,creative-portfolio:blog-details,False
/how-to-measure-the-roi-of-business-intelligence-dashboards,INS-1125,Insight Article,ai-agency,ai-agency:blog-details,False
/business-intelligence-dashboards-in-house-team-vs-managed-service,INS-1126,Insight Article,app-development,app-development:blog-details,False
/business-intelligence-dashboards-roadmap-from-assessment-to-continuous-improvement,INS-1127,Insight Article,automation-saas,automation-saas:blog-details,False
/business-intelligence-dashboards-use-cases-for-data-rich-growing-businesses,INS-1128,Insight Article,creative-portfolio,creative-portfolio:blog-details,False
/where-ai-and-automation-fit-into-business-intelligence-dashboards,INS-1129,Insight Article,automation-saas,automation-saas:blog-details,False
/when-should-a-business-invest-in-business-intelligence-dashboards,INS-1130,Insight Article,app-development,app-development:blog-details,False
/operational-reporting-a-practical-guide-for-data-and-operations-teams,INS-1131,Insight Article,automation-saas,automation-saas:blog-details,False
/how-to-implement-operational-reporting-without-disrupting-operations,INS-1132,Insight Article,creative-portfolio,creative-portfolio:blog-details,False
/operational-reporting-implementation-checklist-people-process-technology-and-controls,INS-1133,Insight Article,ai-agency,ai-agency:blog-details,False
/10-operational-reporting-mistakes-that-increase-cost-risk-and-rework,INS-1134,Insight Article,app-development,app-development:blog-details,False
/how-to-measure-the-roi-of-operational-reporting,INS-1135,Insight Article,automation-saas,automation-saas:blog-details,False
/operational-reporting-in-house-team-vs-managed-service,INS-1136,Insight Article,creative-portfolio,creative-portfolio:blog-details,False
/operational-reporting-roadmap-from-assessment-to-continuous-improvement,INS-1137,Insight Article,ai-agency,ai-agency:blog-details,False
/operational-reporting-use-cases-for-data-rich-growing-businesses,INS-1138,Insight Article,app-development,app-development:blog-details,False
/where-ai-and-automation-fit-into-operational-reporting,INS-1139,Insight Article,automation-saas,automation-saas:blog-details,False
/when-should-a-business-invest-in-operational-reporting,INS-1140,Insight Article,creative-portfolio,creative-portfolio:blog-details,False
/data-migration-services-a-practical-guide-for-data-and-operations-teams,INS-1141,Insight Article,ai-agency,ai-agency:blog-details,False
/how-to-implement-data-migration-services-without-disrupting-operations,INS-1142,Insight Article,app-development,app-development:blog-details,False
/data-migration-services-implementation-checklist-people-process-technology-and-controls,INS-1143,Insight Article,automation-saas,automation-saas:blog-details,False
/10-data-migration-services-mistakes-that-increase-cost-risk-and-rework,INS-1144,Insight Article,creative-portfolio,creative-portfolio:blog-details,False
/how-to-measure-the-roi-of-data-migration-services,INS-1145,Insight Article,ai-agency,ai-agency:blog-details,False
/data-migration-services-in-house-team-vs-managed-service,INS-1146,Insight Article,app-development,app-development:blog-details,False
/data-migration-services-roadmap-from-assessment-to-continuous-improvement,INS-1147,Insight Article,automation-saas,automation-saas:blog-details,False
/data-migration-services-use-cases-for-data-rich-growing-businesses,INS-1148,Insight Article,creative-portfolio,creative-portfolio:blog-details,False
/where-ai-and-automation-fit-into-data-migration-services,INS-1149,Insight Article,automation-saas,automation-saas:blog-details,False
/when-should-a-business-invest-in-data-migration-services,INS-1150,Insight Article,app-development,app-development:blog-details,False
/data-governance-a-practical-guide-for-data-and-operations-teams,INS-1151,Insight Article,automation-saas,automation-saas:blog-details,False
/how-to-implement-data-governance-without-disrupting-operations,INS-1152,Insight Article,creative-portfolio,creative-portfolio:blog-details,False
/data-governance-implementation-checklist-people-process-technology-and-controls,INS-1153,Insight Article,ai-agency,ai-agency:blog-details,False
/10-data-governance-mistakes-that-increase-cost-risk-and-rework,INS-1154,Insight Article,app-development,app-development:blog-details,False
/how-to-measure-the-roi-of-data-governance,INS-1155,Insight Article,automation-saas,automation-saas:blog-details,False
/data-governance-in-house-team-vs-managed-service,INS-1156,Insight Article,creative-portfolio,creative-portfolio:blog-details,False
/data-governance-roadmap-from-assessment-to-continuous-improvement,INS-1157,Insight Article,ai-agency,ai-agency:blog-details,False
/data-governance-use-cases-for-data-rich-growing-businesses,INS-1158,Insight Article,app-development,app-development:blog-details,False
/where-ai-and-automation-fit-into-data-governance,INS-1159,Insight Article,automation-saas,automation-saas:blog-details,False
/when-should-a-business-invest-in-data-governance,INS-1160,Insight Article,creative-portfolio,creative-portfolio:blog-details,False
/kpi-framework-a-practical-guide-for-data-and-operations-teams,INS-1161,Insight Article,ai-agency,ai-agency:blog-details,False
/how-to-implement-kpi-framework-without-disrupting-operations,INS-1162,Insight Article,app-development,app-development:blog-details,False
/kpi-framework-implementation-checklist-people-process-technology-and-controls,INS-1163,Insight Article,automation-saas,automation-saas:blog-details,False
/10-kpi-framework-mistakes-that-increase-cost-risk-and-rework,INS-1164,Insight Article,creative-portfolio,creative-portfolio:blog-details,False
/how-to-measure-the-roi-of-kpi-framework,INS-1165,Insight Article,ai-agency,ai-agency:blog-details,False
/kpi-framework-in-house-team-vs-managed-service,INS-1166,Insight Article,app-development,app-development:blog-details,False
/kpi-framework-roadmap-from-assessment-to-continuous-improvement,INS-1167,Insight Article,automation-saas,automation-saas:blog-details,False
/kpi-framework-use-cases-for-data-rich-growing-businesses,INS-1168,Insight Article,creative-portfolio,creative-portfolio:blog-details,False
/where-ai-and-automation-fit-into-kpi-framework,INS-1169,Insight Article,automation-saas,automation-saas:blog-details,False
/when-should-a-business-invest-in-kpi-framework,INS-1170,Insight Article,app-development,app-development:blog-details,False
/analytics-automation-a-practical-guide-for-data-and-operations-teams,INS-1171,Insight Article,automation-saas,automation-saas:blog-details,False
/how-to-implement-analytics-automation-without-disrupting-operations,INS-1172,Insight Article,automation-saas,automation-saas:blog-details,False
/analytics-automation-implementation-checklist-people-process-technology-and-controls,INS-1173,Insight Article,automation-saas,automation-saas:blog-details,False
/10-analytics-automation-mistakes-that-increase-cost-risk-and-rework,INS-1174,Insight Article,automation-saas,automation-saas:blog-details,False
/how-to-measure-the-roi-of-analytics-automation,INS-1175,Insight Article,automation-saas,automation-saas:blog-details,False
/analytics-automation-in-house-team-vs-managed-service,INS-1176,Insight Article,automation-saas,automation-saas:blog-details,False
/analytics-automation-roadmap-from-assessment-to-continuous-improvement,INS-1177,Insight Article,automation-saas,automation-saas:blog-details,False
/analytics-automation-use-cases-for-data-rich-growing-businesses,INS-1178,Insight Article,automation-saas,automation-saas:blog-details,False
/where-ai-and-automation-fit-into-analytics-automation,INS-1179,Insight Article,automation-saas,automation-saas:blog-details,False
/when-should-a-business-invest-in-analytics-automation,INS-1180,Insight Article,automation-saas,automation-saas:blog-details,False
/spreadsheet-automation-a-practical-guide-for-data-and-operations-teams,INS-1181,Insight Article,automation-saas,automation-saas:blog-details,False
/how-to-implement-spreadsheet-automation-without-disrupting-operations,INS-1182,Insight Article,automation-saas,automation-saas:blog-details,False
/spreadsheet-automation-implementation-checklist-people-process-technology-and-controls,INS-1183,Insight Article,automation-saas,automation-saas:blog-details,False
/10-spreadsheet-automation-mistakes-that-increase-cost-risk-and-rework,INS-1184,Insight Article,automation-saas,automation-saas:blog-details,False
/how-to-measure-the-roi-of-spreadsheet-automation,INS-1185,Insight Article,automation-saas,automation-saas:blog-details,False
/spreadsheet-automation-in-house-team-vs-managed-service,INS-1186,Insight Article,automation-saas,automation-saas:blog-details,False
/spreadsheet-automation-roadmap-from-assessment-to-continuous-improvement,INS-1187,Insight Article,automation-saas,automation-saas:blog-details,False
/spreadsheet-automation-use-cases-for-data-rich-growing-businesses,INS-1188,Insight Article,automation-saas,automation-saas:blog-details,False
/where-ai-and-automation-fit-into-spreadsheet-automation,INS-1189,Insight Article,automation-saas,automation-saas:blog-details,False
/when-should-a-business-invest-in-spreadsheet-automation,INS-1190,Insight Article,automation-saas,automation-saas:blog-details,False
/ai-data-readiness-a-practical-guide-for-data-and-operations-teams,INS-1191,Insight Article,automation-saas,automation-saas:blog-details,False
/how-to-implement-ai-data-readiness-without-disrupting-operations,INS-1192,Insight Article,automation-saas,automation-saas:blog-details,False
/ai-data-readiness-implementation-checklist-people-process-technology-and-controls,INS-1193,Insight Article,automation-saas,automation-saas:blog-details,False
/10-ai-data-readiness-mistakes-that-increase-cost-risk-and-rework,INS-1194,Insight Article,automation-saas,automation-saas:blog-details,False
/how-to-measure-the-roi-of-ai-data-readiness,INS-1195,Insight Article,automation-saas,automation-saas:blog-details,False
/ai-data-readiness-in-house-team-vs-managed-service,INS-1196,Insight Article,automation-saas,automation-saas:blog-details,False
/ai-data-readiness-roadmap-from-assessment-to-continuous-improvement,INS-1197,Insight Article,automation-saas,automation-saas:blog-details,False
/ai-data-readiness-use-cases-for-data-rich-growing-businesses,INS-1198,Insight Article,automation-saas,automation-saas:blog-details,False
/where-ai-and-automation-fit-into-ai-data-readiness,INS-1199,Insight Article,automation-saas,automation-saas:blog-details,False
/when-should-a-business-invest-in-ai-data-readiness,INS-1200,Insight Article,automation-saas,automation-saas:blog-details,False
/technical-seo-a-practical-guide-for-growth-teams,INS-1201,Insight Article,ai-agency,ai-agency:blog-details,False
/how-to-implement-technical-seo-without-disrupting-operations,INS-1202,Insight Article,app-development,app-development:blog-details,False
/technical-seo-implementation-checklist-people-process-technology-and-controls,INS-1203,Insight Article,automation-saas,automation-saas:blog-details,False
/10-technical-seo-mistakes-that-increase-cost-risk-and-rework,INS-1204,Insight Article,creative-portfolio,creative-portfolio:blog-details,False
/how-to-measure-the-roi-of-technical-seo,INS-1205,Insight Article,ai-agency,ai-agency:blog-details,False
/technical-seo-in-house-team-vs-managed-service,INS-1206,Insight Article,app-development,app-development:blog-details,False
/technical-seo-roadmap-from-assessment-to-continuous-improvement,INS-1207,Insight Article,automation-saas,automation-saas:blog-details,False
/technical-seo-use-cases-for-b2b-ecommerce-and-international-businesses,INS-1208,Insight Article,app-development,app-development:blog-details,False
/where-ai-and-automation-fit-into-technical-seo,INS-1209,Insight Article,automation-saas,automation-saas:blog-details,False
/when-should-a-business-invest-in-technical-seo,INS-1210,Insight Article,app-development,app-development:blog-details,False
/b2b-seo-a-practical-guide-for-growth-teams,INS-1211,Insight Article,automation-saas,automation-saas:blog-details,False
/how-to-implement-b2b-seo-without-disrupting-operations,INS-1212,Insight Article,creative-portfolio,creative-portfolio:blog-details,False
/b2b-seo-implementation-checklist-people-process-technology-and-controls,INS-1213,Insight Article,ai-agency,ai-agency:blog-details,False
/10-b2b-seo-mistakes-that-increase-cost-risk-and-rework,INS-1214,Insight Article,app-development,app-development:blog-details,False
/how-to-measure-the-roi-of-b2b-seo,INS-1215,Insight Article,automation-saas,automation-saas:blog-details,False
/b2b-seo-in-house-team-vs-managed-service,INS-1216,Insight Article,creative-portfolio,creative-portfolio:blog-details,False
/b2b-seo-roadmap-from-assessment-to-continuous-improvement,INS-1217,Insight Article,ai-agency,ai-agency:blog-details,False
/b2b-seo-use-cases-for-b2b-ecommerce-and-international-businesses,INS-1218,Insight Article,app-development,app-development:blog-details,False
/where-ai-and-automation-fit-into-b2b-seo,INS-1219,Insight Article,automation-saas,automation-saas:blog-details,False
/when-should-a-business-invest-in-b2b-seo,INS-1220,Insight Article,creative-portfolio,creative-portfolio:blog-details,False
/international-seo-a-practical-guide-for-growth-teams,INS-1221,Insight Article,ai-agency,ai-agency:blog-details,False
/how-to-implement-international-seo-without-disrupting-operations,INS-1222,Insight Article,app-development,app-development:blog-details,False
/international-seo-implementation-checklist-people-process-technology-and-controls,INS-1223,Insight Article,automation-saas,automation-saas:blog-details,False
/10-international-seo-mistakes-that-increase-cost-risk-and-rework,INS-1224,Insight Article,creative-portfolio,creative-portfolio:blog-details,False
/how-to-measure-the-roi-of-international-seo,INS-1225,Insight Article,ai-agency,ai-agency:blog-details,False
/international-seo-in-house-team-vs-managed-service,INS-1226,Insight Article,app-development,app-development:blog-details,False
/international-seo-roadmap-from-assessment-to-continuous-improvement,INS-1227,Insight Article,automation-saas,automation-saas:blog-details,False
/international-seo-use-cases-for-b2b-ecommerce-and-international-businesses,INS-1228,Insight Article,app-development,app-development:blog-details,False
/where-ai-and-automation-fit-into-international-seo,INS-1229,Insight Article,automation-saas,automation-saas:blog-details,False
/when-should-a-business-invest-in-international-seo,INS-1230,Insight Article,app-development,app-development:blog-details,False
/local-seo-a-practical-guide-for-growth-teams,INS-1231,Insight Article,automation-saas,automation-saas:blog-details,False
/how-to-implement-local-seo-without-disrupting-operations,INS-1232,Insight Article,creative-portfolio,creative-portfolio:blog-details,False
/local-seo-implementation-checklist-people-process-technology-and-controls,INS-1233,Insight Article,ai-agency,ai-agency:blog-details,False
/10-local-seo-mistakes-that-increase-cost-risk-and-rework,INS-1234,Insight Article,app-development,app-development:blog-details,False
/how-to-measure-the-roi-of-local-seo,INS-1235,Insight Article,automation-saas,automation-saas:blog-details,False
/local-seo-in-house-team-vs-managed-service,INS-1236,Insight Article,creative-portfolio,creative-portfolio:blog-details,False
/local-seo-roadmap-from-assessment-to-continuous-improvement,INS-1237,Insight Article,ai-agency,ai-agency:blog-details,False
/local-seo-use-cases-for-b2b-ecommerce-and-international-businesses,INS-1238,Insight Article,app-development,app-development:blog-details,False
/where-ai-and-automation-fit-into-local-seo,INS-1239,Insight Article,automation-saas,automation-saas:blog-details,False
/when-should-a-business-invest-in-local-seo,INS-1240,Insight Article,creative-portfolio,creative-portfolio:blog-details,False
/content-strategy-a-practical-guide-for-growth-teams,INS-1241,Insight Article,ai-agency,ai-agency:blog-details,False
/how-to-implement-content-strategy-without-disrupting-operations,INS-1242,Insight Article,app-development,app-development:blog-details,False
/content-strategy-implementation-checklist-people-process-technology-and-controls,INS-1243,Insight Article,automation-saas,automation-saas:blog-details,False
/10-content-strategy-mistakes-that-increase-cost-risk-and-rework,INS-1244,Insight Article,creative-portfolio,creative-portfolio:blog-details,False
/how-to-measure-the-roi-of-content-strategy,INS-1245,Insight Article,ai-agency,ai-agency:blog-details,False
/content-strategy-in-house-team-vs-managed-service,INS-1246,Insight Article,app-development,app-development:blog-details,False
/content-strategy-roadmap-from-assessment-to-continuous-improvement,INS-1247,Insight Article,automation-saas,automation-saas:blog-details,False
/content-strategy-use-cases-for-b2b-ecommerce-and-international-businesses,INS-1248,Insight Article,app-development,app-development:blog-details,False
/where-ai-and-automation-fit-into-content-strategy,INS-1249,Insight Article,automation-saas,automation-saas:blog-details,False
/when-should-a-business-invest-in-content-strategy,INS-1250,Insight Article,app-development,app-development:blog-details,False
/conversion-rate-optimization-a-practical-guide-for-growth-teams,INS-1251,Insight Article,automation-saas,automation-saas:blog-details,False
/how-to-implement-conversion-rate-optimization-without-disrupting-operations,INS-1252,Insight Article,creative-portfolio,creative-portfolio:blog-details,False
/conversion-rate-optimization-implementation-checklist-people-process-technology-and-controls,INS-1253,Insight Article,ai-agency,ai-agency:blog-details,False
/10-conversion-rate-optimization-mistakes-that-increase-cost-risk-and-rework,INS-1254,Insight Article,app-development,app-development:blog-details,False
/how-to-measure-the-roi-of-conversion-rate-optimization,INS-1255,Insight Article,automation-saas,automation-saas:blog-details,False
/conversion-rate-optimization-in-house-team-vs-managed-service,INS-1256,Insight Article,creative-portfolio,creative-portfolio:blog-details,False
/conversion-rate-optimization-roadmap-from-assessment-to-continuous-improvement,INS-1257,Insight Article,ai-agency,ai-agency:blog-details,False
/conversion-rate-optimization-use-cases-for-b2b-ecommerce-and-international-businesses,INS-1258,Insight Article,app-development,app-development:blog-details,False
/where-ai-and-automation-fit-into-conversion-rate-optimization,INS-1259,Insight Article,automation-saas,automation-saas:blog-details,False
/when-should-a-business-invest-in-conversion-rate-optimization,INS-1260,Insight Article,creative-portfolio,creative-portfolio:blog-details,False
/marketing-analytics-a-practical-guide-for-growth-teams,INS-1261,Insight Article,ai-agency,ai-agency:blog-details,False
/how-to-implement-marketing-analytics-without-disrupting-operations,INS-1262,Insight Article,app-development,app-development:blog-details,False
/marketing-analytics-implementation-checklist-people-process-technology-and-controls,INS-1263,Insight Article,automation-saas,automation-saas:blog-details,False
/10-marketing-analytics-mistakes-that-increase-cost-risk-and-rework,INS-1264,Insight Article,creative-portfolio,creative-portfolio:blog-details,False
/how-to-measure-the-roi-of-marketing-analytics,INS-1265,Insight Article,ai-agency,ai-agency:blog-details,False
/marketing-analytics-in-house-team-vs-managed-service,INS-1266,Insight Article,app-development,app-development:blog-details,False
/marketing-analytics-roadmap-from-assessment-to-continuous-improvement,INS-1267,Insight Article,automation-saas,automation-saas:blog-details,False
/marketing-analytics-use-cases-for-b2b-ecommerce-and-international-businesses,INS-1268,Insight Article,app-development,app-development:blog-details,False
/where-ai-and-automation-fit-into-marketing-analytics,INS-1269,Insight Article,automation-saas,automation-saas:blog-details,False
/when-should-a-business-invest-in-marketing-analytics,INS-1270,Insight Article,app-development,app-development:blog-details,False
/programmatic-seo-a-practical-guide-for-growth-teams,INS-1271,Insight Article,automation-saas,automation-saas:blog-details,False
/how-to-implement-programmatic-seo-without-disrupting-operations,INS-1272,Insight Article,creative-portfolio,creative-portfolio:blog-details,False
/programmatic-seo-implementation-checklist-people-process-technology-and-controls,INS-1273,Insight Article,ai-agency,ai-agency:blog-details,False
/10-programmatic-seo-mistakes-that-increase-cost-risk-and-rework,INS-1274,Insight Article,app-development,app-development:blog-details,False
/how-to-measure-the-roi-of-programmatic-seo,INS-1275,Insight Article,automation-saas,automation-saas:blog-details,False
/programmatic-seo-in-house-team-vs-managed-service,INS-1276,Insight Article,creative-portfolio,creative-portfolio:blog-details,False
/programmatic-seo-roadmap-from-assessment-to-continuous-improvement,INS-1277,Insight Article,ai-agency,ai-agency:blog-details,False
/programmatic-seo-use-cases-for-b2b-ecommerce-and-international-businesses,INS-1278,Insight Article,app-development,app-development:blog-details,False
/where-ai-and-automation-fit-into-programmatic-seo,INS-1279,Insight Article,automation-saas,automation-saas:blog-details,False
/when-should-a-business-invest-in-programmatic-seo,INS-1280,Insight Article,creative-portfolio,creative-portfolio:blog-details,False
/content-refresh-strategy-a-practical-guide-for-growth-teams,INS-1281,Insight Article,ai-agency,ai-agency:blog-details,False
/how-to-implement-content-refresh-strategy-without-disrupting-operations,INS-1282,Insight Article,app-development,app-development:blog-details,False
/content-refresh-strategy-implementation-checklist-people-process-technology-and-controls,INS-1283,Insight Article,automation-saas,automation-saas:blog-details,False
/10-content-refresh-strategy-mistakes-that-increase-cost-risk-and-rework,INS-1284,Insight Article,creative-portfolio,creative-portfolio:blog-details,False
/how-to-measure-the-roi-of-content-refresh-strategy,INS-1285,Insight Article,ai-agency,ai-agency:blog-details,False
/content-refresh-strategy-in-house-team-vs-managed-service,INS-1286,Insight Article,app-development,app-development:blog-details,False
/content-refresh-strategy-roadmap-from-assessment-to-continuous-improvement,INS-1287,Insight Article,automation-saas,automation-saas:blog-details,False
/content-refresh-strategy-use-cases-for-b2b-ecommerce-and-international-businesses,INS-1288,Insight Article,app-development,app-development:blog-details,False
/where-ai-and-automation-fit-into-content-refresh-strategy,INS-1289,Insight Article,automation-saas,automation-saas:blog-details,False
/when-should-a-business-invest-in-content-refresh-strategy,INS-1290,Insight Article,app-development,app-development:blog-details,False
/digital-pr-a-practical-guide-for-growth-teams,INS-1291,Insight Article,automation-saas,automation-saas:blog-details,False
/how-to-implement-digital-pr-without-disrupting-operations,INS-1292,Insight Article,creative-portfolio,creative-portfolio:blog-details,False
/digital-pr-implementation-checklist-people-process-technology-and-controls,INS-1293,Insight Article,ai-agency,ai-agency:blog-details,False
/10-digital-pr-mistakes-that-increase-cost-risk-and-rework,INS-1294,Insight Article,app-development,app-development:blog-details,False
/how-to-measure-the-roi-of-digital-pr,INS-1295,Insight Article,automation-saas,automation-saas:blog-details,False
/digital-pr-in-house-team-vs-managed-service,INS-1296,Insight Article,creative-portfolio,creative-portfolio:blog-details,False
/digital-pr-roadmap-from-assessment-to-continuous-improvement,INS-1297,Insight Article,ai-agency,ai-agency:blog-details,False
/digital-pr-use-cases-for-b2b-ecommerce-and-international-businesses,INS-1298,Insight Article,app-development,app-development:blog-details,False
/where-ai-and-automation-fit-into-digital-pr,INS-1299,Insight Article,automation-saas,automation-saas:blog-details,False
/when-should-a-business-invest-in-digital-pr,INS-1300,Insight Article,creative-portfolio,creative-portfolio:blog-details,False
/cloud-migration-a-practical-guide-for-it-leaders,INS-1301,Insight Article,ai-agency,ai-agency:blog-details,False
/how-to-implement-cloud-migration-without-disrupting-operations,INS-1302,Insight Article,app-development,app-development:blog-details,False
/cloud-migration-implementation-checklist-people-process-technology-and-controls,INS-1303,Insight Article,automation-saas,automation-saas:blog-details,False
/10-cloud-migration-mistakes-that-increase-cost-risk-and-rework,INS-1304,Insight Article,creative-portfolio,creative-portfolio:blog-details,False
/how-to-measure-the-roi-of-cloud-migration,INS-1305,Insight Article,ai-agency,ai-agency:blog-details,False
/cloud-migration-in-house-team-vs-managed-service,INS-1306,Insight Article,app-development,app-development:blog-details,False
/cloud-migration-roadmap-from-assessment-to-continuous-improvement,INS-1307,Insight Article,automation-saas,automation-saas:blog-details,False
/cloud-migration-use-cases-for-businesses-modernising-connected-systems,INS-1308,Insight Article,creative-portfolio,creative-portfolio:blog-details,False
/where-ai-and-automation-fit-into-cloud-migration,INS-1309,Insight Article,automation-saas,automation-saas:blog-details,False
/when-should-a-business-invest-in-cloud-migration,INS-1310,Insight Article,app-development,app-development:blog-details,False
/api-integration-a-practical-guide-for-it-leaders,INS-1311,Insight Article,automation-saas,automation-saas:blog-details,False
/how-to-implement-api-integration-without-disrupting-operations,INS-1312,Insight Article,creative-portfolio,creative-portfolio:blog-details,False
/api-integration-implementation-checklist-people-process-technology-and-controls,INS-1313,Insight Article,ai-agency,ai-agency:blog-details,False
/10-api-integration-mistakes-that-increase-cost-risk-and-rework,INS-1314,Insight Article,app-development,app-development:blog-details,False
/how-to-measure-the-roi-of-api-integration,INS-1315,Insight Article,automation-saas,automation-saas:blog-details,False
/api-integration-in-house-team-vs-managed-service,INS-1316,Insight Article,creative-portfolio,creative-portfolio:blog-details,False
/api-integration-roadmap-from-assessment-to-continuous-improvement,INS-1317,Insight Article,ai-agency,ai-agency:blog-details,False
/api-integration-use-cases-for-businesses-modernising-connected-systems,INS-1318,Insight Article,app-development,app-development:blog-details,False
/where-ai-and-automation-fit-into-api-integration,INS-1319,Insight Article,automation-saas,automation-saas:blog-details,False
/when-should-a-business-invest-in-api-integration,INS-1320,Insight Article,creative-portfolio,creative-portfolio:blog-details,False
/identity-and-access-management-a-practical-guide-for-it-leaders,INS-1321,Insight Article,ai-agency,ai-agency:blog-details,False
/how-to-implement-identity-and-access-management-without-disrupting-operations,INS-1322,Insight Article,app-development,app-development:blog-details,False
/identity-and-access-management-implementation-checklist-people-process-technology-and-controls,INS-1323,Insight Article,automation-saas,automation-saas:blog-details,False
/10-identity-and-access-management-mistakes-that-increase-cost-risk-and-rework,INS-1324,Insight Article,creative-portfolio,creative-portfolio:blog-details,False
/how-to-measure-the-roi-of-identity-and-access-management,INS-1325,Insight Article,ai-agency,ai-agency:blog-details,False
/identity-and-access-management-in-house-team-vs-managed-service,INS-1326,Insight Article,app-development,app-development:blog-details,False
/identity-and-access-management-roadmap-from-assessment-to-continuous-improvement,INS-1327,Insight Article,automation-saas,automation-saas:blog-details,False
/identity-and-access-management-use-cases-for-businesses-modernising-connected-systems,INS-1328,Insight Article,creative-portfolio,creative-portfolio:blog-details,False
/where-ai-and-automation-fit-into-identity-and-access-management,INS-1329,Insight Article,automation-saas,automation-saas:blog-details,False
/when-should-a-business-invest-in-identity-and-access-management,INS-1330,Insight Article,app-development,app-development:blog-details,False
/cybersecurity-services-a-practical-guide-for-it-leaders,INS-1331,Insight Article,automation-saas,automation-saas:blog-details,False
/how-to-implement-cybersecurity-services-without-disrupting-operations,INS-1332,Insight Article,creative-portfolio,creative-portfolio:blog-details,False
/cybersecurity-services-implementation-checklist-people-process-technology-and-controls,INS-1333,Insight Article,ai-agency,ai-agency:blog-details,False
/10-cybersecurity-services-mistakes-that-increase-cost-risk-and-rework,INS-1334,Insight Article,app-development,app-development:blog-details,False
/how-to-measure-the-roi-of-cybersecurity-services,INS-1335,Insight Article,automation-saas,automation-saas:blog-details,False
/cybersecurity-services-in-house-team-vs-managed-service,INS-1336,Insight Article,creative-portfolio,creative-portfolio:blog-details,False
/cybersecurity-services-roadmap-from-assessment-to-continuous-improvement,INS-1337,Insight Article,ai-agency,ai-agency:blog-details,False
/cybersecurity-services-use-cases-for-businesses-modernising-connected-systems,INS-1338,Insight Article,app-development,app-development:blog-details,False
/where-ai-and-automation-fit-into-cybersecurity-services,INS-1339,Insight Article,automation-saas,automation-saas:blog-details,False
/when-should-a-business-invest-in-cybersecurity-services,INS-1340,Insight Article,creative-portfolio,creative-portfolio:blog-details,False
/application-monitoring-a-practical-guide-for-it-leaders,INS-1341,Insight Article,ai-agency,ai-agency:blog-details,False
/how-to-implement-application-monitoring-without-disrupting-operations,INS-1342,Insight Article,app-development,app-development:blog-details,False
/application-monitoring-implementation-checklist-people-process-technology-and-controls,INS-1343,Insight Article,automation-saas,automation-saas:blog-details,False
/10-application-monitoring-mistakes-that-increase-cost-risk-and-rework,INS-1344,Insight Article,creative-portfolio,creative-portfolio:blog-details,False
/how-to-measure-the-roi-of-application-monitoring,INS-1345,Insight Article,ai-agency,ai-agency:blog-details,False
/application-monitoring-in-house-team-vs-managed-service,INS-1346,Insight Article,app-development,app-development:blog-details,False
/application-monitoring-roadmap-from-assessment-to-continuous-improvement,INS-1347,Insight Article,automation-saas,automation-saas:blog-details,False
/application-monitoring-use-cases-for-businesses-modernising-connected-systems,INS-1348,Insight Article,creative-portfolio,creative-portfolio:blog-details,False
/where-ai-and-automation-fit-into-application-monitoring,INS-1349,Insight Article,automation-saas,automation-saas:blog-details,False
/when-should-a-business-invest-in-application-monitoring,INS-1350,Insight Article,app-development,app-development:blog-details,False
/devops-services-a-practical-guide-for-it-leaders,INS-1351,Insight Article,automation-saas,automation-saas:blog-details,False
/how-to-implement-devops-services-without-disrupting-operations,INS-1352,Insight Article,creative-portfolio,creative-portfolio:blog-details,False
/devops-services-implementation-checklist-people-process-technology-and-controls,INS-1353,Insight Article,ai-agency,ai-agency:blog-details,False
/10-devops-services-mistakes-that-increase-cost-risk-and-rework,INS-1354,Insight Article,app-development,app-development:blog-details,False
/how-to-measure-the-roi-of-devops-services,INS-1355,Insight Article,automation-saas,automation-saas:blog-details,False
/devops-services-in-house-team-vs-managed-service,INS-1356,Insight Article,creative-portfolio,creative-portfolio:blog-details,False
/devops-services-roadmap-from-assessment-to-continuous-improvement,INS-1357,Insight Article,ai-agency,ai-agency:blog-details,False
/devops-services-use-cases-for-businesses-modernising-connected-systems,INS-1358,Insight Article,app-development,app-development:blog-details,False
/where-ai-and-automation-fit-into-devops-services,INS-1359,Insight Article,automation-saas,automation-saas:blog-details,False
/when-should-a-business-invest-in-devops-services,INS-1360,Insight Article,creative-portfolio,creative-portfolio:blog-details,False
/backup-and-disaster-recovery-a-practical-guide-for-it-leaders,INS-1361,Insight Article,ai-agency,ai-agency:blog-details,False
/how-to-implement-backup-and-disaster-recovery-without-disrupting-operations,INS-1362,Insight Article,app-development,app-development:blog-details,False
/backup-and-disaster-recovery-implementation-checklist-people-process-technology-and-controls,INS-1363,Insight Article,automation-saas,automation-saas:blog-details,False
/10-backup-and-disaster-recovery-mistakes-that-increase-cost-risk-and-rework,INS-1364,Insight Article,creative-portfolio,creative-portfolio:blog-details,False
/how-to-measure-the-roi-of-backup-and-disaster-recovery,INS-1365,Insight Article,ai-agency,ai-agency:blog-details,False
/backup-and-disaster-recovery-in-house-team-vs-managed-service,INS-1366,Insight Article,app-development,app-development:blog-details,False
/backup-and-disaster-recovery-roadmap-from-assessment-to-continuous-improvement,INS-1367,Insight Article,automation-saas,automation-saas:blog-details,False
/backup-and-disaster-recovery-use-cases-for-businesses-modernising-connected-systems,INS-1368,Insight Article,creative-portfolio,creative-portfolio:blog-details,False
/where-ai-and-automation-fit-into-backup-and-disaster-recovery,INS-1369,Insight Article,automation-saas,automation-saas:blog-details,False
/when-should-a-business-invest-in-backup-and-disaster-recovery,INS-1370,Insight Article,app-development,app-development:blog-details,False
/saas-integration-a-practical-guide-for-it-leaders,INS-1371,Insight Article,automation-saas,automation-saas:blog-details,False
/how-to-implement-saas-integration-without-disrupting-operations,INS-1372,Insight Article,creative-portfolio,creative-portfolio:blog-details,False
/saas-integration-implementation-checklist-people-process-technology-and-controls,INS-1373,Insight Article,ai-agency,ai-agency:blog-details,False
/10-saas-integration-mistakes-that-increase-cost-risk-and-rework,INS-1374,Insight Article,app-development,app-development:blog-details,False
/how-to-measure-the-roi-of-saas-integration,INS-1375,Insight Article,automation-saas,automation-saas:blog-details,False
/saas-integration-in-house-team-vs-managed-service,INS-1376,Insight Article,creative-portfolio,creative-portfolio:blog-details,False
/saas-integration-roadmap-from-assessment-to-continuous-improvement,INS-1377,Insight Article,ai-agency,ai-agency:blog-details,False
/saas-integration-use-cases-for-businesses-modernising-connected-systems,INS-1378,Insight Article,app-development,app-development:blog-details,False
/where-ai-and-automation-fit-into-saas-integration,INS-1379,Insight Article,automation-saas,automation-saas:blog-details,False
/when-should-a-business-invest-in-saas-integration,INS-1380,Insight Article,creative-portfolio,creative-portfolio:blog-details,False
/data-integration-a-practical-guide-for-it-leaders,INS-1381,Insight Article,ai-agency,ai-agency:blog-details,False
/how-to-implement-data-integration-without-disrupting-operations,INS-1382,Insight Article,app-development,app-development:blog-details,False
/data-integration-implementation-checklist-people-process-technology-and-controls,INS-1383,Insight Article,automation-saas,automation-saas:blog-details,False
/10-data-integration-mistakes-that-increase-cost-risk-and-rework,INS-1384,Insight Article,creative-portfolio,creative-portfolio:blog-details,False
/how-to-measure-the-roi-of-data-integration,INS-1385,Insight Article,ai-agency,ai-agency:blog-details,False
/data-integration-in-house-team-vs-managed-service,INS-1386,Insight Article,app-development,app-development:blog-details,False
/data-integration-roadmap-from-assessment-to-continuous-improvement,INS-1387,Insight Article,automation-saas,automation-saas:blog-details,False
/data-integration-use-cases-for-businesses-modernising-connected-systems,INS-1388,Insight Article,creative-portfolio,creative-portfolio:blog-details,False
/where-ai-and-automation-fit-into-data-integration,INS-1389,Insight Article,automation-saas,automation-saas:blog-details,False
/when-should-a-business-invest-in-data-integration,INS-1390,Insight Article,app-development,app-development:blog-details,False
/managed-it-support-a-practical-guide-for-it-leaders,INS-1391,Insight Article,automation-saas,automation-saas:blog-details,False
/how-to-implement-managed-it-support-without-disrupting-operations,INS-1392,Insight Article,creative-portfolio,creative-portfolio:blog-details,False
/managed-it-support-implementation-checklist-people-process-technology-and-controls,INS-1393,Insight Article,ai-agency,ai-agency:blog-details,False
/10-managed-it-support-mistakes-that-increase-cost-risk-and-rework,INS-1394,Insight Article,app-development,app-development:blog-details,False
/how-to-measure-the-roi-of-managed-it-support,INS-1395,Insight Article,automation-saas,automation-saas:blog-details,False
/managed-it-support-in-house-team-vs-managed-service,INS-1396,Insight Article,creative-portfolio,creative-portfolio:blog-details,False
/managed-it-support-roadmap-from-assessment-to-continuous-improvement,INS-1397,Insight Article,ai-agency,ai-agency:blog-details,False
/managed-it-support-use-cases-for-businesses-modernising-connected-systems,INS-1398,Insight Article,app-development,app-development:blog-details,False
/where-ai-and-automation-fit-into-managed-it-support,INS-1399,Insight Article,automation-saas,automation-saas:blog-details,False
/when-should-a-business-invest-in-managed-it-support,INS-1400,Insight Article,creative-portfolio,creative-portfolio:blog-details,False
/digital-transformation-strategy-a-practical-guide-for-executive-teams,INS-1401,Insight Article,ai-agency,ai-agency:blog-details,False
/how-to-implement-digital-transformation-strategy-without-disrupting-operations,INS-1402,Insight Article,app-development,app-development:blog-details,False
/digital-transformation-strategy-implementation-checklist-people-process-technology-and-controls,INS-1403,Insight Article,automation-saas,automation-saas:blog-details,False
/10-digital-transformation-strategy-mistakes-that-increase-cost-risk-and-rework,INS-1404,Insight Article,creative-portfolio,creative-portfolio:blog-details,False
/how-to-measure-the-roi-of-digital-transformation-strategy,INS-1405,Insight Article,ai-agency,ai-agency:blog-details,False
/digital-transformation-strategy-in-house-team-vs-managed-service,INS-1406,Insight Article,app-development,app-development:blog-details,False
/digital-transformation-strategy-roadmap-from-assessment-to-continuous-improvement,INS-1407,Insight Article,automation-saas,automation-saas:blog-details,False
/digital-transformation-strategy-use-cases-for-organisations-redesigning-how-they-operate-and-grow,INS-1408,Insight Article,creative-portfolio,creative-portfolio:blog-details,False
/where-ai-and-automation-fit-into-digital-transformation-strategy,INS-1409,Insight Article,automation-saas,automation-saas:blog-details,False
/when-should-a-business-invest-in-digital-transformation-strategy,INS-1410,Insight Article,app-development,app-development:blog-details,False
/business-operating-model-a-practical-guide-for-executive-teams,INS-1411,Insight Article,automation-saas,automation-saas:blog-details,False
/how-to-implement-business-operating-model-without-disrupting-operations,INS-1412,Insight Article,creative-portfolio,creative-portfolio:blog-details,False
/business-operating-model-implementation-checklist-people-process-technology-and-controls,INS-1413,Insight Article,ai-agency,ai-agency:blog-details,False
/10-business-operating-model-mistakes-that-increase-cost-risk-and-rework,INS-1414,Insight Article,app-development,app-development:blog-details,False
/how-to-measure-the-roi-of-business-operating-model,INS-1415,Insight Article,automation-saas,automation-saas:blog-details,False
/business-operating-model-in-house-team-vs-managed-service,INS-1416,Insight Article,creative-portfolio,creative-portfolio:blog-details,False
/business-operating-model-roadmap-from-assessment-to-continuous-improvement,INS-1417,Insight Article,ai-agency,ai-agency:blog-details,False
/business-operating-model-use-cases-for-organisations-redesigning-how-they-operate-and-grow,INS-1418,Insight Article,app-development,app-development:blog-details,False
/where-ai-and-automation-fit-into-business-operating-model,INS-1419,Insight Article,automation-saas,automation-saas:blog-details,False
/when-should-a-business-invest-in-business-operating-model,INS-1420,Insight Article,creative-portfolio,creative-portfolio:blog-details,False
/business-process-mapping-a-practical-guide-for-executive-teams,INS-1421,Insight Article,ai-agency,ai-agency:blog-details,False
/how-to-implement-business-process-mapping-without-disrupting-operations,INS-1422,Insight Article,app-development,app-development:blog-details,False
/business-process-mapping-implementation-checklist-people-process-technology-and-controls,INS-1423,Insight Article,automation-saas,automation-saas:blog-details,False
/10-business-process-mapping-mistakes-that-increase-cost-risk-and-rework,INS-1424,Insight Article,creative-portfolio,creative-portfolio:blog-details,False
/how-to-measure-the-roi-of-business-process-mapping,INS-1425,Insight Article,ai-agency,ai-agency:blog-details,False
/business-process-mapping-in-house-team-vs-managed-service,INS-1426,Insight Article,app-development,app-development:blog-details,False
/business-process-mapping-roadmap-from-assessment-to-continuous-improvement,INS-1427,Insight Article,automation-saas,automation-saas:blog-details,False
/business-process-mapping-use-cases-for-organisations-redesigning-how-they-operate-and-grow,INS-1428,Insight Article,creative-portfolio,creative-portfolio:blog-details,False
/where-ai-and-automation-fit-into-business-process-mapping,INS-1429,Insight Article,automation-saas,automation-saas:blog-details,False
/when-should-a-business-invest-in-business-process-mapping,INS-1430,Insight Article,app-development,app-development:blog-details,False
/technology-roadmap-a-practical-guide-for-executive-teams,INS-1431,Insight Article,automation-saas,automation-saas:blog-details,False
/how-to-implement-technology-roadmap-without-disrupting-operations,INS-1432,Insight Article,creative-portfolio,creative-portfolio:blog-details,False
/technology-roadmap-implementation-checklist-people-process-technology-and-controls,INS-1433,Insight Article,ai-agency,ai-agency:blog-details,False
/10-technology-roadmap-mistakes-that-increase-cost-risk-and-rework,INS-1434,Insight Article,app-development,app-development:blog-details,False
/how-to-measure-the-roi-of-technology-roadmap,INS-1435,Insight Article,automation-saas,automation-saas:blog-details,False
/technology-roadmap-in-house-team-vs-managed-service,INS-1436,Insight Article,creative-portfolio,creative-portfolio:blog-details,False
/technology-roadmap-roadmap-from-assessment-to-continuous-improvement,INS-1437,Insight Article,ai-agency,ai-agency:blog-details,False
/technology-roadmap-use-cases-for-organisations-redesigning-how-they-operate-and-grow,INS-1438,Insight Article,app-development,app-development:blog-details,False
/where-ai-and-automation-fit-into-technology-roadmap,INS-1439,Insight Article,automation-saas,automation-saas:blog-details,False
/when-should-a-business-invest-in-technology-roadmap,INS-1440,Insight Article,creative-portfolio,creative-portfolio:blog-details,False
/technology-vendor-selection-a-practical-guide-for-executive-teams,INS-1441,Insight Article,ai-agency,ai-agency:blog-details,False
/how-to-implement-technology-vendor-selection-without-disrupting-operations,INS-1442,Insight Article,app-development,app-development:blog-details,False
/technology-vendor-selection-implementation-checklist-people-process-technology-and-controls,INS-1443,Insight Article,automation-saas,automation-saas:blog-details,False
/10-technology-vendor-selection-mistakes-that-increase-cost-risk-and-rework,INS-1444,Insight Article,creative-portfolio,creative-portfolio:blog-details,False
/how-to-measure-the-roi-of-technology-vendor-selection,INS-1445,Insight Article,ai-agency,ai-agency:blog-details,False
/technology-vendor-selection-in-house-team-vs-managed-service,INS-1446,Insight Article,app-development,app-development:blog-details,False
/technology-vendor-selection-roadmap-from-assessment-to-continuous-improvement,INS-1447,Insight Article,automation-saas,automation-saas:blog-details,False
/technology-vendor-selection-use-cases-for-organisations-redesigning-how-they-operate-and-grow,INS-1448,Insight Article,creative-portfolio,creative-portfolio:blog-details,False
/where-ai-and-automation-fit-into-technology-vendor-selection,INS-1449,Insight Article,automation-saas,automation-saas:blog-details,False
/when-should-a-business-invest-in-technology-vendor-selection,INS-1450,Insight Article,app-development,app-development:blog-details,False
/change-management-a-practical-guide-for-executive-teams,INS-1451,Insight Article,automation-saas,automation-saas:blog-details,False
/how-to-implement-change-management-without-disrupting-operations,INS-1452,Insight Article,creative-portfolio,creative-portfolio:blog-details,False
/change-management-implementation-checklist-people-process-technology-and-controls,INS-1453,Insight Article,ai-agency,ai-agency:blog-details,False
/10-change-management-mistakes-that-increase-cost-risk-and-rework,INS-1454,Insight Article,app-development,app-development:blog-details,False
/how-to-measure-the-roi-of-change-management,INS-1455,Insight Article,automation-saas,automation-saas:blog-details,False
/change-management-in-house-team-vs-managed-service,INS-1456,Insight Article,creative-portfolio,creative-portfolio:blog-details,False
/change-management-roadmap-from-assessment-to-continuous-improvement,INS-1457,Insight Article,ai-agency,ai-agency:blog-details,False
/change-management-use-cases-for-organisations-redesigning-how-they-operate-and-grow,INS-1458,Insight Article,app-development,app-development:blog-details,False
/where-ai-and-automation-fit-into-change-management,INS-1459,Insight Article,automation-saas,automation-saas:blog-details,False
/when-should-a-business-invest-in-change-management,INS-1460,Insight Article,creative-portfolio,creative-portfolio:blog-details,False
/digital-transformation-business-case-a-practical-guide-for-executive-teams,INS-1461,Insight Article,ai-agency,ai-agency:blog-details,False
/how-to-implement-digital-transformation-business-case-without-disrupting-operations,INS-1462,Insight Article,app-development,app-development:blog-details,False
/digital-transformation-business-case-implementation-checklist-people-process-technology-and-controls,INS-1463,Insight Article,automation-saas,automation-saas:blog-details,False
/10-digital-transformation-business-case-mistakes-that-increase-cost-risk-and-rework,INS-1464,Insight Article,creative-portfolio,creative-portfolio:blog-details,False
/how-to-measure-the-roi-of-digital-transformation-business-case,INS-1465,Insight Article,ai-agency,ai-agency:blog-details,False
/digital-transformation-business-case-in-house-team-vs-managed-service,INS-1466,Insight Article,app-development,app-development:blog-details,False
/digital-transformation-business-case-roadmap-from-assessment-to-continuous-improvement,INS-1467,Insight Article,automation-saas,automation-saas:blog-details,False
/digital-transformation-business-case-use-cases-for-organisations-redesigning-how-they-operate-and-grow,INS-1468,Insight Article,creative-portfolio,creative-portfolio:blog-details,False
/where-ai-and-automation-fit-into-digital-transformation-business-case,INS-1469,Insight Article,automation-saas,automation-saas:blog-details,False
/when-should-a-business-invest-in-digital-transformation-business-case,INS-1470,Insight Article,app-development,app-development:blog-details,False
/technology-governance-a-practical-guide-for-executive-teams,INS-1471,Insight Article,automation-saas,automation-saas:blog-details,False
/how-to-implement-technology-governance-without-disrupting-operations,INS-1472,Insight Article,creative-portfolio,creative-portfolio:blog-details,False
/technology-governance-implementation-checklist-people-process-technology-and-controls,INS-1473,Insight Article,ai-agency,ai-agency:blog-details,False
/10-technology-governance-mistakes-that-increase-cost-risk-and-rework,INS-1474,Insight Article,app-development,app-development:blog-details,False
/how-to-measure-the-roi-of-technology-governance,INS-1475,Insight Article,automation-saas,automation-saas:blog-details,False
/technology-governance-in-house-team-vs-managed-service,INS-1476,Insight Article,creative-portfolio,creative-portfolio:blog-details,False
/technology-governance-roadmap-from-assessment-to-continuous-improvement,INS-1477,Insight Article,ai-agency,ai-agency:blog-details,False
/technology-governance-use-cases-for-organisations-redesigning-how-they-operate-and-grow,INS-1478,Insight Article,app-development,app-development:blog-details,False
/where-ai-and-automation-fit-into-technology-governance,INS-1479,Insight Article,automation-saas,automation-saas:blog-details,False
/when-should-a-business-invest-in-technology-governance,INS-1480,Insight Article,creative-portfolio,creative-portfolio:blog-details,False
/business-kpi-framework-a-practical-guide-for-executive-teams,INS-1481,Insight Article,ai-agency,ai-agency:blog-details,False
/how-to-implement-business-kpi-framework-without-disrupting-operations,INS-1482,Insight Article,app-development,app-development:blog-details,False
/business-kpi-framework-implementation-checklist-people-process-technology-and-controls,INS-1483,Insight Article,automation-saas,automation-saas:blog-details,False
/10-business-kpi-framework-mistakes-that-increase-cost-risk-and-rework,INS-1484,Insight Article,creative-portfolio,creative-portfolio:blog-details,False
/how-to-measure-the-roi-of-business-kpi-framework,INS-1485,Insight Article,ai-agency,ai-agency:blog-details,False
/business-kpi-framework-in-house-team-vs-managed-service,INS-1486,Insight Article,app-development,app-development:blog-details,False
/business-kpi-framework-roadmap-from-assessment-to-continuous-improvement,INS-1487,Insight Article,automation-saas,automation-saas:blog-details,False
/business-kpi-framework-use-cases-for-organisations-redesigning-how-they-operate-and-grow,INS-1488,Insight Article,creative-portfolio,creative-portfolio:blog-details,False
/where-ai-and-automation-fit-into-business-kpi-framework,INS-1489,Insight Article,automation-saas,automation-saas:blog-details,False
/when-should-a-business-invest-in-business-kpi-framework,INS-1490,Insight Article,app-development,app-development:blog-details,False
/global-delivery-model-a-practical-guide-for-executive-teams,INS-1491,Insight Article,automation-saas,automation-saas:blog-details,False
/how-to-implement-global-delivery-model-without-disrupting-operations,INS-1492,Insight Article,creative-portfolio,creative-portfolio:blog-details,False
/global-delivery-model-implementation-checklist-people-process-technology-and-controls,INS-1493,Insight Article,ai-agency,ai-agency:blog-details,False
/10-global-delivery-model-mistakes-that-increase-cost-risk-and-rework,INS-1494,Insight Article,app-development,app-development:blog-details,False
/how-to-measure-the-roi-of-global-delivery-model,INS-1495,Insight Article,automation-saas,automation-saas:blog-details,False
/global-delivery-model-in-house-team-vs-managed-service,INS-1496,Insight Article,creative-portfolio,creative-portfolio:blog-details,False
/global-delivery-model-roadmap-from-assessment-to-continuous-improvement,INS-1497,Insight Article,ai-agency,ai-agency:blog-details,False
/global-delivery-model-use-cases-for-organisations-redesigning-how-they-operate-and-grow,INS-1498,Insight Article,app-development,app-development:blog-details,False
/where-ai-and-automation-fit-into-global-delivery-model,INS-1499,Insight Article,automation-saas,automation-saas:blog-details,False
/when-should-a-business-invest-in-global-delivery-model,INS-1500,Insight Article,creative-portfolio,creative-portfolio:blog-details,False
